"sequence","category","product_hint","source_filename","file_name","relative_path","public_url","bytes","sha256"
"00001","vestuario","abada personalizado 520x735mm em tecido dry fit 4x0 impressao ultra hd sublimatica tamanho p costura","00001_524x524-1-abada-personalizado-520x735mm-em-tecido-dry-fit-4x0-impressao-ultra-hd-sublimatica-tamanho-p-costura_124182.webp","00001-abada-personalizado-520x735mm-em-tecido-dry-fit-4x0-imp.webp","vestuario/00001-abada-personalizado-520x735mm-em-tecido-dry-fit-4x0-imp.webp","https://raw.githubusercontent.com/copyeprintlaranjeiras-droid/copy-e-print-assets/main/home/produtos/catalogo-futuraim/vestuario/00001-abada-personalizado-520x735mm-em-tecido-dry-fit-4x0-imp.webp","12658","748489103138b944007d2fe4091eda2ad959383929e9b994b586b32f63578e6b"
"00002","personalizados-e-brindes","abridor de garrafas com ima vermelho copa 50x105mm em plastico 4x0 sem enobrecimento modelo padrao","00002_524x524-1-abridor-de-garrafas-com-ima-vermelho-copa-50x105mm-em-plastico-4x0-sem-enobrecimento-modelo-padrao_57731.webp","00002-abridor-de-garrafas-com-ima-vermelho-copa-50x105mm-em-p.webp","personalizados-e-brindes/00002-abridor-de-garrafas-com-ima-vermelho-copa-50x105mm-em-p.webp","https://raw.githubusercontent.com/copyeprintlaranjeiras-droid/copy-e-print-assets/main/home/produtos/catalogo-futuraim/personalizados-e-brindes/00002-abridor-de-garrafas-com-ima-vermelho-copa-50x105mm-em-p.webp","11378","4725cd84d507ffdd4b2635f71c4318b26e5333d2c95451df52a172fd51d6a919"
"00003","personalizados-e-brindes","abridor de garrafas personalizado 50x105mm em plastico 4x0 sem enobrecimento com ima","00003_524x524-1-abridor-de-garrafas-personalizado-50x105mm-em-plastico-4x0-sem-enobrecimento-com-ima_25518_849.webp","00003-abridor-de-garrafas-personalizado-50x105mm-em-plastico.webp","personalizados-e-brindes/00003-abridor-de-garrafas-personalizado-50x105mm-em-plastico.webp","https://raw.githubusercontent.com/copyeprintlaranjeiras-droid/copy-e-print-assets/main/home/produtos/catalogo-futuraim/personalizados-e-brindes/00003-abridor-de-garrafas-personalizado-50x105mm-em-plastico.webp","11278","d373627788eeeafaf457a30029168041eb2f61d3309d8d859adce70171aeef09"
"00004","adesivos-e-rotulos","adesivo cm2 copa em vinil adesivo branco brilho 120g 4x0 sem enobrecimento refile","00004_524x524-1-adesivo-cm2-copa-em-vinil-adesivo-branco-brilho-120g-4x0-sem-enobrecimento-refile_57180.webp","00004-adesivo-cm2-copa-em-vinil-adesivo-branco-brilho-120g-4x.webp","adesivos-e-rotulos/00004-adesivo-cm2-copa-em-vinil-adesivo-branco-brilho-120g-4x.webp","https://raw.githubusercontent.com/copyeprintlaranjeiras-droid/copy-e-print-assets/main/home/produtos/catalogo-futuraim/adesivos-e-rotulos/00004-adesivo-cm2-copa-em-vinil-adesivo-branco-brilho-120g-4x.webp","13356","9d300ba3b1e93067d0c8b913d02fef9daddcbea6135d56ea15bf4380ed181508"
"00005","adesivos-e-rotulos","adesivo cm2 em vinil adesivo branco fosco 120g 4x0 sem enobrecimento rolo meio corte personalizado","00005_524x524-1-adesivo-cm2-em-vinil-adesivo-branco-fosco-120g-4x0-sem-enobrecimento-rolo-meio-corte-personalizado_30648_890.webp","00005-adesivo-cm2-em-vinil-adesivo-branco-fosco-120g-4x0-sem.webp","adesivos-e-rotulos/00005-adesivo-cm2-em-vinil-adesivo-branco-fosco-120g-4x0-sem.webp","https://raw.githubusercontent.com/copyeprintlaranjeiras-droid/copy-e-print-assets/main/home/produtos/catalogo-futuraim/adesivos-e-rotulos/00005-adesivo-cm2-em-vinil-adesivo-branco-fosco-120g-4x0-sem.webp","18000","346d6021b54dcabf8ec81c0d40058001c7ce743742ac8481efdf16b2795e9919"
"00006","adesivos-e-rotulos","adesivo cm2 em vinil transparente 150g 4x0 sem enobrecimento meio corte personalizado","00006_524x524-1-adesivo-cm2-em-vinil-transparente-150g-4x0-sem-enobrecimento-meio-corte-personalizado_14164_537.webp","00006-adesivo-cm2-em-vinil-transparente-150g-4x0-sem-enobreci.webp","adesivos-e-rotulos/00006-adesivo-cm2-em-vinil-transparente-150g-4x0-sem-enobreci.webp","https://raw.githubusercontent.com/copyeprintlaranjeiras-droid/copy-e-print-assets/main/home/produtos/catalogo-futuraim/adesivos-e-rotulos/00006-adesivo-cm2-em-vinil-transparente-150g-4x0-sem-enobreci.webp","14524","dfccfdc868be3f9dca1990b4fcd4a14af223724a657da970dca9e2efcabe2802"
"00007","adesivos-e-rotulos","adesivo de porta 600x2100mm em vinil branco fosco 120g 4x0 sem enobrecimento refile_71670 3","00007_524x524-1-adesivo-de-porta-600x2100mm-em-vinil-branco-fosco-120g-4x0-sem-enobrecimento-refile_71670-3.webp","00007-adesivo-de-porta-600x2100mm-em-vinil-branco-fosco-120g.webp","adesivos-e-rotulos/00007-adesivo-de-porta-600x2100mm-em-vinil-branco-fosco-120g.webp","https://raw.githubusercontent.com/copyeprintlaranjeiras-droid/copy-e-print-assets/main/home/produtos/catalogo-futuraim/adesivos-e-rotulos/00007-adesivo-de-porta-600x2100mm-em-vinil-branco-fosco-120g.webp","11416","4a12a493d0220c0f2b281a5e30e2bdacca78897006aa47f49b543d73436fa57f"
"00008","adesivos-e-rotulos","adesivo fosforescente personalizado 204x184mm em vinil adesivo fosforecente 140g 4x0 sem enobrecimento cartela meio cort","00008_524x524-1-adesivo-fosforescente-personalizado-204x184mm-em-vinil-adesivo-fosforecente-140g-4x0-sem-enobrecimento-cartela-meio-cort","00008-adesivo-fosforescente-personalizado-204x184mm-em-vinil.webp","adesivos-e-rotulos/00008-adesivo-fosforescente-personalizado-204x184mm-em-vinil.webp","https://raw.githubusercontent.com/copyeprintlaranjeiras-droid/copy-e-print-assets/main/home/produtos/catalogo-futuraim/adesivos-e-rotulos/00008-adesivo-fosforescente-personalizado-204x184mm-em-vinil.webp","27324","c829cdfec764077c93f752449b6fac80235aa0cd64f7cc106c8c4383d0d7b511"
"00009","adesivos-e-rotulos","adesivo recorte eletronico plotado em vinil amarelo brilho 150g sem impressao sem enobrecimento meio corte personalizado","00009_524x524-1-adesivo-recorte-eletronico-plotado-em-vinil-amarelo-brilho-150g-sem-impressao-sem-enobrecimento-meio-corte-personalizado","00009-adesivo-recorte-eletronico-plotado-em-vinil-amarelo-bri.webp","adesivos-e-rotulos/00009-adesivo-recorte-eletronico-plotado-em-vinil-amarelo-bri.webp","https://raw.githubusercontent.com/copyeprintlaranjeiras-droid/copy-e-print-assets/main/home/produtos/catalogo-futuraim/adesivos-e-rotulos/00009-adesivo-recorte-eletronico-plotado-em-vinil-amarelo-bri.webp","13452","3cef7e36e19fffb7fe0d9ad7f020f9f6b02477ff6251db7525813dc4c74987dc"
"00010","adesivos-e-rotulos","adesivo vidro traseiro copa 330x770mm em vinil perfurado 120g 4x0 sem enobrecimento refile","00010_524x524-1-adesivo-vidro-traseiro-copa-330x770mm-em-vinil-perfurado-120g-4x0-sem-enobrecimento-refile_57188.webp","00010-adesivo-vidro-traseiro-copa-330x770mm-em-vinil-perfurad.webp","adesivos-e-rotulos/00010-adesivo-vidro-traseiro-copa-330x770mm-em-vinil-perfurad.webp","https://raw.githubusercontent.com/copyeprintlaranjeiras-droid/copy-e-print-assets/main/home/produtos/catalogo-futuraim/adesivos-e-rotulos/00010-adesivo-vidro-traseiro-copa-330x770mm-em-vinil-perfurad.webp","24846","890fc01bfb714b7bd8784c9d21d2374138197ca5628d2d555919941b86fbc857"
"00011","vestuario","agasalho blade 540x690mm em tecido tactel 4x0 impressao ultra hd sublimatica tamanho p costura","00011_524x524-1-agasalho-blade-540x690mm-em-tecido-tactel-4x0-impressao-ultra-hd-sublimatica-tamanho-p-costura_116380.webp","00011-agasalho-blade-540x690mm-em-tecido-tactel-4x0-impressao.webp","vestuario/00011-agasalho-blade-540x690mm-em-tecido-tactel-4x0-impressao.webp","https://raw.githubusercontent.com/copyeprintlaranjeiras-droid/copy-e-print-assets/main/home/produtos/catalogo-futuraim/vestuario/00011-agasalho-blade-540x690mm-em-tecido-tactel-4x0-impressao.webp","25938","22b1694f81b5787baa75cfd47f3f93de9d670fd1ec96fdd84c6f36eee871eda7"
"00012","vestuario","agasalho cold 480x700mm em tecido moletom flanelado 4x0 impressao ultra hd sublimatica tamanho p costura","00012_524x524-1-agasalho-cold-480x700mm-em-tecido-moletom-flanelado-4x0-impressao-ultra-hd-sublimatica-tamanho-p-costura_113517.webp","00012-agasalho-cold-480x700mm-em-tecido-moletom-flanelado-4x0.webp","vestuario/00012-agasalho-cold-480x700mm-em-tecido-moletom-flanelado-4x0.webp","https://raw.githubusercontent.com/copyeprintlaranjeiras-droid/copy-e-print-assets/main/home/produtos/catalogo-futuraim/vestuario/00012-agasalho-cold-480x700mm-em-tecido-moletom-flanelado-4x0.webp","19318","db25f580ef0d8a6083c215d1a730f71f44cbb2091fa146c8059f2f1415b52fe4"
"00013","calendarios-e-agendas","agenda diaria 148x210mm em capa dura e miolo padrao em sulfite 63g 4x0 laminacao frente wire o branco capa dura miolo pa","00013_524x524-1-agenda-diaria-148x210mm-em-capa-dura-e-miolo-padrao-em-sulfite-63g-4x0-laminacao-frente-wire-o-branco-capa-dura-miolo-pa","00013-agenda-diaria-148x210mm-em-capa-dura-e-miolo-padrao-em.webp","calendarios-e-agendas/00013-agenda-diaria-148x210mm-em-capa-dura-e-miolo-padrao-em.webp","https://raw.githubusercontent.com/copyeprintlaranjeiras-droid/copy-e-print-assets/main/home/produtos/catalogo-futuraim/calendarios-e-agendas/00013-agenda-diaria-148x210mm-em-capa-dura-e-miolo-padrao-em.webp","10840","78451c6bfbca58ca4120aac6834002e93cacc48c3b1a94a4d741ff807d160802"
"00014","calendarios-e-agendas","agenda escolar infantil 140x200mm em capa em couche 300g e miolo padrao em sulfite 75g 4x0 laminacao frente wire o branc","00014_524x524-1-agenda-escolar-infantil-140x200mm-em-capa-em-couche-300g-e-miolo-padrao-em-sulfite-75g-4x0-laminacao-frente-wire-o-branc","00014-agenda-escolar-infantil-140x200mm-em-capa-em-couche-300.webp","calendarios-e-agendas/00014-agenda-escolar-infantil-140x200mm-em-capa-em-couche-300.webp","https://raw.githubusercontent.com/copyeprintlaranjeiras-droid/copy-e-print-assets/main/home/produtos/catalogo-futuraim/calendarios-e-agendas/00014-agenda-escolar-infantil-140x200mm-em-capa-em-couche-300.webp","22954","96a27ef26627436708fa7e646397f62a911672d99bbdcf70dd9e78807857e0f1"
"00015","calendarios-e-agendas","agenda permanente 148x210mm em capa dura e miolo padrao em sulfite 63g 4x0 laminacao frente wire o branco capa dura","00015_524x524-1-agenda-permanente-148x210mm-em-capa-dura-e-miolo-padrao-em-sulfite-63g-4x0-laminacao-frente-wire-o-branco-capa-dura_1598","00015-agenda-permanente-148x210mm-em-capa-dura-e-miolo-padrao.webp","calendarios-e-agendas/00015-agenda-permanente-148x210mm-em-capa-dura-e-miolo-padrao.webp","https://raw.githubusercontent.com/copyeprintlaranjeiras-droid/copy-e-print-assets/main/home/produtos/catalogo-futuraim/calendarios-e-agendas/00015-agenda-permanente-148x210mm-em-capa-dura-e-miolo-padrao.webp","11804","80aa234c5328d81fa7f1e019a03abc8bf54a568a500d9c1d4a6d7d7ef2605047"
"00016","personalizados-e-brindes","almofada personalizada 300x300mm em tecido tecnosport 4x0 impressao ultra hd sublimatica costura com ziper enchimento","00016_524x524-1-almofada-personalizada-300x300mm-em-tecido-tecnosport-4x0-impressao-ultra-hd-sublimatica-costura-com-ziper-enchimento_12","00016-almofada-personalizada-300x300mm-em-tecido-tecnosport-4.webp","personalizados-e-brindes/00016-almofada-personalizada-300x300mm-em-tecido-tecnosport-4.webp","https://raw.githubusercontent.com/copyeprintlaranjeiras-droid/copy-e-print-assets/main/home/produtos/catalogo-futuraim/personalizados-e-brindes/00016-almofada-personalizada-300x300mm-em-tecido-tecnosport-4.webp","12330","ea2d5abc9291df861954a93c7eab6590fef4dc3b3eb33759e75a12ef4aae9055"
"00017","calendarios-e-agendas","apostila 210x297mm em sulfite 75g 1x1 sem enobrecimento wire o branco encadernacao cristal e preto couro","00017_524x524-1-apostila-210x297mm-em-sulfite-75g-1x1-sem-enobrecimento-wire-o-branco-encadernacao-cristal-e-preto-couro_69059.webp","00017-apostila-210x297mm-em-sulfite-75g-1x1-sem-enobrecimento.webp","calendarios-e-agendas/00017-apostila-210x297mm-em-sulfite-75g-1x1-sem-enobrecimento.webp","https://raw.githubusercontent.com/copyeprintlaranjeiras-droid/copy-e-print-assets/main/home/produtos/catalogo-futuraim/calendarios-e-agendas/00017-apostila-210x297mm-em-sulfite-75g-1x1-sem-enobrecimento.webp","7754","fdd219be679524882d63a0c1e3aa3af369a22a2989d54e52c1f23f3a665f08d0"
"00018","vestuario","avental personalizado 620x560mm em tecido tecnosport 4x0 impressao ultra hd sublimatica tamanho m costura","00018_524x524-1-avental-personalizado-620x560mm-em-tecido-tecnosport-4x0-impressao-ultra-hd-sublimatica-tamanho-m-costura_142444.webp","00018-avental-personalizado-620x560mm-em-tecido-tecnosport-4x.webp","vestuario/00018-avental-personalizado-620x560mm-em-tecido-tecnosport-4x.webp","https://raw.githubusercontent.com/copyeprintlaranjeiras-droid/copy-e-print-assets/main/home/produtos/catalogo-futuraim/vestuario/00018-avental-personalizado-620x560mm-em-tecido-tecnosport-4x.webp","9774","b315fa7bd475f12eb18be6b0e1a548125dd783f77294f50f5bda26a47b353706"
"00019","vestuario","avental personalizado 620x860mm em tecido tecnosport 4x0 impressao ultra hd sublimatica tamanho m costura","00019_524x524-1-avental-personalizado-620x860mm-em-tecido-tecnosport-4x0-impressao-ultra-hd-sublimatica-tamanho-m-costura_142455_868.web","00019-avental-personalizado-620x860mm-em-tecido-tecnosport-4x.webp","vestuario/00019-avental-personalizado-620x860mm-em-tecido-tecnosport-4x.webp","https://raw.githubusercontent.com/copyeprintlaranjeiras-droid/copy-e-print-assets/main/home/produtos/catalogo-futuraim/vestuario/00019-avental-personalizado-620x860mm-em-tecido-tecnosport-4x.webp","13396","6a9d53e168c0a183806d1c999357d92f82606e900b3149b62c82ca14ba8c482d"
"00020","personalizados-e-brindes","azulejo personalizado com suporte 95x95mm em ceramica branca 4x0 sem enobrecimento personalizado","00020_524x524-1-azulejo-personalizado-com-suporte-95x95mm-em-ceramica-branca-4x0-sem-enobrecimento-personalizado_22744_539.webp","00020-azulejo-personalizado-com-suporte-95x95mm-em-ceramica-b.webp","personalizados-e-brindes/00020-azulejo-personalizado-com-suporte-95x95mm-em-ceramica-b.webp","https://raw.githubusercontent.com/copyeprintlaranjeiras-droid/copy-e-print-assets/main/home/produtos/catalogo-futuraim/personalizados-e-brindes/00020-azulejo-personalizado-com-suporte-95x95mm-em-ceramica-b.webp","9912","a34cdc988cbe38061b2b48b0a58a273a6904cf39c0b69a399506421d17a287bb"
"00021","banners-e-sinalizacao","backdrop 3000x2500mm em lona brilho 340g 4x0 sem enobrecimento ilhos","00021_524x524-1-backdrop-3000x2500mm-em-lona-brilho-340g-4x0-sem-enobrecimento-ilhos_24000_855.webp","00021-backdrop-3000x2500mm-em-lona-brilho-340g-4x0-sem-enobre.webp","banners-e-sinalizacao/00021-backdrop-3000x2500mm-em-lona-brilho-340g-4x0-sem-enobre.webp","https://raw.githubusercontent.com/copyeprintlaranjeiras-droid/copy-e-print-assets/main/home/produtos/catalogo-futuraim/banners-e-sinalizacao/00021-backdrop-3000x2500mm-em-lona-brilho-340g-4x0-sem-enobre.webp","12000","38d34bdb928a73ed597e400bc0015b2aff7069c6c4873159db355d0d52b1f76b"
"00022","banners-e-sinalizacao","backdrop m2 em lona brilho 340g 4x0 sem enobrecimento ilhos","00022_524x524-1-backdrop-m2-em-lona-brilho-340g-4x0-sem-enobrecimento-ilhos_24004_617.webp","00022-backdrop-m2-em-lona-brilho-340g-4x0-sem-enobrecimento-i.webp","banners-e-sinalizacao/00022-backdrop-m2-em-lona-brilho-340g-4x0-sem-enobrecimento-i.webp","https://raw.githubusercontent.com/copyeprintlaranjeiras-droid/copy-e-print-assets/main/home/produtos/catalogo-futuraim/banners-e-sinalizacao/00022-backdrop-m2-em-lona-brilho-340g-4x0-sem-enobrecimento-i.webp","17300","9c6d92890c12790adb0055deb7a1bf20f7007bac7241eff6d5ba25f55959488e"
"00023","banners-e-sinalizacao","bandeira 750x1000mm em tecido poliester 4x0 sem enobrecimento bolsa para haste","00023_524x524-1-bandeira-750x1000mm-em-tecido-poliester-4x0-sem-enobrecimento-bolsa-para-haste_66870.webp","00023-bandeira-750x1000mm-em-tecido-poliester-4x0-sem-enobrec.webp","banners-e-sinalizacao/00023-bandeira-750x1000mm-em-tecido-poliester-4x0-sem-enobrec.webp","https://raw.githubusercontent.com/copyeprintlaranjeiras-droid/copy-e-print-assets/main/home/produtos/catalogo-futuraim/banners-e-sinalizacao/00023-bandeira-750x1000mm-em-tecido-poliester-4x0-sem-enobrec.webp","8954","8f43d15891a0f25f86bd12ebc64349535a9649a0b90f4e9b295a3d8042feb63a"
"00024","banners-e-sinalizacao","bandeira com capuz 1450x1230mm em tecido taffeta 4x0 impressao ultra hd sublimatica costura","00024_524x524-1-bandeira-com-capuz-1450x1230mm-em-tecido-taffeta-4x0-impressao-ultra-hd-sublimatica-costura_131674.webp","00024-bandeira-com-capuz-1450x1230mm-em-tecido-taffeta-4x0-im.webp","banners-e-sinalizacao/00024-bandeira-com-capuz-1450x1230mm-em-tecido-taffeta-4x0-im.webp","https://raw.githubusercontent.com/copyeprintlaranjeiras-droid/copy-e-print-assets/main/home/produtos/catalogo-futuraim/banners-e-sinalizacao/00024-bandeira-com-capuz-1450x1230mm-em-tecido-taffeta-4x0-im.webp","13440","16c01a0129bb9ff5ebd4789d1c121622b285af7e5a88ac1db0d2fe0da5da0f7b"
"00025","banners-e-sinalizacao","bandeira para capo de carro 1100x1600mm em tecido dry fit 4x0 impressao ultra hd sublimatica costura_133465 2","00025_524x524-1-bandeira-para-capo-de-carro-1100x1600mm-em-tecido-dry-fit-4x0-impressao-ultra-hd-sublimatica-costura_133465-2.webp","00025-bandeira-para-capo-de-carro-1100x1600mm-em-tecido-dry-f.webp","banners-e-sinalizacao/00025-bandeira-para-capo-de-carro-1100x1600mm-em-tecido-dry-f.webp","https://raw.githubusercontent.com/copyeprintlaranjeiras-droid/copy-e-print-assets/main/home/produtos/catalogo-futuraim/banners-e-sinalizacao/00025-bandeira-para-capo-de-carro-1100x1600mm-em-tecido-dry-f.webp","20740","b0cf44f644a455d11099a3a256c90926ab6ea8a94bc275c794ca7399759bf820"
"00026","banners-e-sinalizacao","bandeira tafeta 1000x700mm em tecido taffeta 4x0 impressao ultra hd sublimatica faca padrao","00026_524x524-1-bandeira-tafeta-1000x700mm-em-tecido-taffeta-4x0-impressao-ultra-hd-sublimatica-faca-padrao_144170.webp","00026-bandeira-tafeta-1000x700mm-em-tecido-taffeta-4x0-impres.webp","banners-e-sinalizacao/00026-bandeira-tafeta-1000x700mm-em-tecido-taffeta-4x0-impres.webp","https://raw.githubusercontent.com/copyeprintlaranjeiras-droid/copy-e-print-assets/main/home/produtos/catalogo-futuraim/banners-e-sinalizacao/00026-bandeira-tafeta-1000x700mm-em-tecido-taffeta-4x0-impres.webp","14034","4cfd6cfabb2d8c0db6656d40ec008f3542a4e70b71e473461fc83e166c19b33c"
"00027","banners-e-sinalizacao","banner 400x600mm em lona brilho 340g 4x0 sem enobrecimento bastao e cordao","00027_524x524-1-banner-400x600mm-em-lona-brilho-340g-4x0-sem-enobrecimento-bastao-e-cordao_22502.webp","00027-banner-400x600mm-em-lona-brilho-340g-4x0-sem-enobrecime.webp","banners-e-sinalizacao/00027-banner-400x600mm-em-lona-brilho-340g-4x0-sem-enobrecime.webp","https://raw.githubusercontent.com/copyeprintlaranjeiras-droid/copy-e-print-assets/main/home/produtos/catalogo-futuraim/banners-e-sinalizacao/00027-banner-400x600mm-em-lona-brilho-340g-4x0-sem-enobrecime.webp","12976","84f5c2a63014ca391d0fca36772558ce254ea6e57ecfcbc557bb50b9bd9dc26e"
"00028","banners-e-sinalizacao","banner 600x900mm em lona fosca 340g 4x0 sem enobrecimento bastao e cordao","00028_524x524-1-banner-600x900mm-em-lona-fosca-340g-4x0-sem-enobrecimento-bastao-e-cordao_96547.webp","00028-banner-600x900mm-em-lona-fosca-340g-4x0-sem-enobrecimen.webp","banners-e-sinalizacao/00028-banner-600x900mm-em-lona-fosca-340g-4x0-sem-enobrecimen.webp","https://raw.githubusercontent.com/copyeprintlaranjeiras-droid/copy-e-print-assets/main/home/produtos/catalogo-futuraim/banners-e-sinalizacao/00028-banner-600x900mm-em-lona-fosca-340g-4x0-sem-enobrecimen.webp","33650","60e0973992293dca32cbc2b3e8592afaa2b77d0fc7e464f5b2eefecbf2837594"
"00029","banners-e-sinalizacao","banner com suporte tripe 600x900mm em lona brilho 340g 4x0 sem enobrecimento bastao e cordao","00029_524x524-1-banner-com-suporte-tripe-600x900mm-em-lona-brilho-340g-4x0-sem-enobrecimento-bastao-e-cordao_13809_731.webp","00029-banner-com-suporte-tripe-600x900mm-em-lona-brilho-340g.webp","banners-e-sinalizacao/00029-banner-com-suporte-tripe-600x900mm-em-lona-brilho-340g.webp","https://raw.githubusercontent.com/copyeprintlaranjeiras-droid/copy-e-print-assets/main/home/produtos/catalogo-futuraim/banners-e-sinalizacao/00029-banner-com-suporte-tripe-600x900mm-em-lona-brilho-340g.webp","9860","e1f0e8bf634bf4d83138d1b92e8139bfd38daf151bf920bce2c33afa76ea1650"
"00030","banners-e-sinalizacao","banner com suporte x 800x1800mm em lona brilho 340g 4x0 sem enobrecimento estrutura inclusa 4 ilhoses","00030_524x524-1-banner-com-suporte-x-800x1800mm-em-lona-brilho-340g-4x0-sem-enobrecimento-estrutura-inclusa-4-ilhoses_23484.webp","00030-banner-com-suporte-x-800x1800mm-em-lona-brilho-340g-4x0.webp","banners-e-sinalizacao/00030-banner-com-suporte-x-800x1800mm-em-lona-brilho-340g-4x0.webp","https://raw.githubusercontent.com/copyeprintlaranjeiras-droid/copy-e-print-assets/main/home/produtos/catalogo-futuraim/banners-e-sinalizacao/00030-banner-com-suporte-x-800x1800mm-em-lona-brilho-340g-4x0.webp","14906","dec41af99e122e941b6a1ef801bd7a215bc5245efc3fa48ee21e3032694ebe2b"
"00031","banners-e-sinalizacao","banner para suporte l 2000x800mm em lona brilho 340g 4x0 sem enobrecimento sem acabamento","00031_524x524-1-banner-para-suporte-l-2000x800mm-em-lona-brilho-340g-4x0-sem-enobrecimento-sem-acabamento_23472_13.webp","00031-banner-para-suporte-l-2000x800mm-em-lona-brilho-340g-4x.webp","banners-e-sinalizacao/00031-banner-para-suporte-l-2000x800mm-em-lona-brilho-340g-4x.webp","https://raw.githubusercontent.com/copyeprintlaranjeiras-droid/copy-e-print-assets/main/home/produtos/catalogo-futuraim/banners-e-sinalizacao/00031-banner-para-suporte-l-2000x800mm-em-lona-brilho-340g-4x.webp","10672","364f9b914589022e6c5d07d130e363b63db92298a862383d82d9ad2e9bea8b59"
"00032","embalagens","baralho personalizado embalagem padrao copa 54x85mm em couche brilho 250g 4x4 sem enobrecimento 4 cantos arredondados","00032_524x524-1-baralho-personalizado-embalagem-padrao-copa-54x85mm-em-couche-brilho-250g-4x4-sem-enobrecimento-4-cantos-arredondados_57","00032-baralho-personalizado-embalagem-padrao-copa-54x85mm-em.webp","embalagens/00032-baralho-personalizado-embalagem-padrao-copa-54x85mm-em.webp","https://raw.githubusercontent.com/copyeprintlaranjeiras-droid/copy-e-print-assets/main/home/produtos/catalogo-futuraim/embalagens/00032-baralho-personalizado-embalagem-padrao-copa-54x85mm-em.webp","17628","54eab76d0dde7a038f717f8174b40488c49071511aa51aa6208c9a123138bfa8"
"00033","banners-e-sinalizacao","base redonda para wind banner 430x430x140mm em polietileno preto sem impressao sem enobrecimento base plastica","00033_524x524-1-base-redonda-para-wind-banner-430x430x140mm-em-polietileno-preto-sem-impressao-sem-enobrecimento-base-plastica_57156.web","00033-base-redonda-para-wind-banner-430x430x140mm-em-polietil.webp","banners-e-sinalizacao/00033-base-redonda-para-wind-banner-430x430x140mm-em-polietil.webp","https://raw.githubusercontent.com/copyeprintlaranjeiras-droid/copy-e-print-assets/main/home/produtos/catalogo-futuraim/banners-e-sinalizacao/00033-base-redonda-para-wind-banner-430x430x140mm-em-polietil.webp","6166","2d903e632837c7037c5f901d4c92b02fd6b1ac3bbf8f04b8788a556e74fe3f0c"
"00034","vestuario","bermuda nba 360x510mm em tecido favo 4x0 impressao ultra hd sublimatica tamanho p embalagem individual costura bermuda n","00034_524x524-1-bermuda-nba-360x510mm-em-tecido-favo-4x0-impressao-ultra-hd-sublimatica-tamanho-p-embalagem-individual-costura-bermuda-n","00034-bermuda-nba-360x510mm-em-tecido-favo-4x0-impressao-ultr.webp","vestuario/00034-bermuda-nba-360x510mm-em-tecido-favo-4x0-impressao-ultr.webp","https://raw.githubusercontent.com/copyeprintlaranjeiras-droid/copy-e-print-assets/main/home/produtos/catalogo-futuraim/vestuario/00034-bermuda-nba-360x510mm-em-tecido-favo-4x0-impressao-ultr.webp","23936","cb8074a9724f57024481aab60d66919968cda598ff129f8d2c7031a997129a63"
"00035","vestuario","bermuda tactel 410x340mm em tecido tactel 4x0 impressao ultra hd sublimatica tamanho p costura","00035_524x524-1-bermuda-tactel-410x340mm-em-tecido-tactel-4x0-impressao-ultra-hd-sublimatica-tamanho-p-costura_115865.webp","00035-bermuda-tactel-410x340mm-em-tecido-tactel-4x0-impressao.webp","vestuario/00035-bermuda-tactel-410x340mm-em-tecido-tactel-4x0-impressao.webp","https://raw.githubusercontent.com/copyeprintlaranjeiras-droid/copy-e-print-assets/main/home/produtos/catalogo-futuraim/vestuario/00035-bermuda-tactel-410x340mm-em-tecido-tactel-4x0-impressao.webp","19840","fbce71eaf1cc5ec8c623ad486b97cbaeff08a44c84340ea28c8329db7c8ab79a"
"00036","cartoes-e-papelaria","bloco com 100 folhas 100x210mm em sulfite 75g 1x0 sem enobrecimento blocagem com 100 folhas 1 numeracao","00036_524x524-1-bloco-com-100-folhas-100x210mm-em-sulfite-75g-1x0-sem-enobrecimento-blocagem-com-100-folhas-1-numeracao_49127.webp","00036-bloco-com-100-folhas-100x210mm-em-sulfite-75g-1x0-sem-e.webp","cartoes-e-papelaria/00036-bloco-com-100-folhas-100x210mm-em-sulfite-75g-1x0-sem-e.webp","https://raw.githubusercontent.com/copyeprintlaranjeiras-droid/copy-e-print-assets/main/home/produtos/catalogo-futuraim/cartoes-e-papelaria/00036-bloco-com-100-folhas-100x210mm-em-sulfite-75g-1x0-sem-e.webp","10980","cc12e4ba2817d7dd46b129f3e76242c72a3ba3fba95cdc25ddbbab3cf154f34b"
"00037","cartoes-e-papelaria","bloco com 100 folhas 105x148mm em sulfite 75g 1x0 sem enobrecimento blocagem com 100 folhas","00037_524x524-1-bloco-com-100-folhas-105x148mm-em-sulfite-75g-1x0-sem-enobrecimento-blocagem-com-100-folhas_48839_834.webp","00037-bloco-com-100-folhas-105x148mm-em-sulfite-75g-1x0-sem-e.webp","cartoes-e-papelaria/00037-bloco-com-100-folhas-105x148mm-em-sulfite-75g-1x0-sem-e.webp","https://raw.githubusercontent.com/copyeprintlaranjeiras-droid/copy-e-print-assets/main/home/produtos/catalogo-futuraim/cartoes-e-papelaria/00037-bloco-com-100-folhas-105x148mm-em-sulfite-75g-1x0-sem-e.webp","6596","18ae82e69ddd027404c2e8547014e29a6ef4943bb6d7a1f343bff52c68a3524d"
"00038","cartoes-e-papelaria","bloco de espatulacao 148x105mm em alta alvura 240g 1x0 sem enobrecimento blocagem com 100 folhas","00038_524x524-1-bloco-de-espatulacao-148x105mm-em-alta-alvura-240g-1x0-sem-enobrecimento-blocagem-com-100-folhas_50486_346.webp","00038-bloco-de-espatulacao-148x105mm-em-alta-alvura-240g-1x0.webp","cartoes-e-papelaria/00038-bloco-de-espatulacao-148x105mm-em-alta-alvura-240g-1x0.webp","https://raw.githubusercontent.com/copyeprintlaranjeiras-droid/copy-e-print-assets/main/home/produtos/catalogo-futuraim/cartoes-e-papelaria/00038-bloco-de-espatulacao-148x105mm-em-alta-alvura-240g-1x0.webp","4192","9196c3ed7bc0f1ef1e1b134c8a628497c4833b586e696b7318c5cb60968f8856"
"00039","cartoes-e-papelaria","bloco de pedido padrao 148x210mm em sulfite 90g 4x0 sem enobrecimento blocagem com 50 folhas","00039_524x524-1-bloco-de-pedido-padrao-148x210mm-em-sulfite-90g-4x0-sem-enobrecimento-blocagem-com-50-folhas_14764_780.webp","00039-bloco-de-pedido-padrao-148x210mm-em-sulfite-90g-4x0-sem.webp","cartoes-e-papelaria/00039-bloco-de-pedido-padrao-148x210mm-em-sulfite-90g-4x0-sem.webp","https://raw.githubusercontent.com/copyeprintlaranjeiras-droid/copy-e-print-assets/main/home/produtos/catalogo-futuraim/cartoes-e-papelaria/00039-bloco-de-pedido-padrao-148x210mm-em-sulfite-90g-4x0-sem.webp","11970","0ca44dbefaf583ecc6e56f51d6fc506c75a7b25a0f264d5c4ca2498968d53ef6"
"00040","cartoes-e-papelaria","bloco recibo comercial com canhoto 74x210mm em sulfite 75g 1x0 sem enobrecimento serrilha 2 numeracoes blocagem","00040_524x524-1-bloco-recibo-comercial-com-canhoto-74x210mm-em-sulfite-75g-1x0-sem-enobrecimento-serrilha-2-numeracoes-blocagem_112795.w","00040-bloco-recibo-comercial-com-canhoto-74x210mm-em-sulfite.webp","cartoes-e-papelaria/00040-bloco-recibo-comercial-com-canhoto-74x210mm-em-sulfite.webp","https://raw.githubusercontent.com/copyeprintlaranjeiras-droid/copy-e-print-assets/main/home/produtos/catalogo-futuraim/cartoes-e-papelaria/00040-bloco-recibo-comercial-com-canhoto-74x210mm-em-sulfite.webp","13258","b254bd69ff55804b2e9e13697292e78a598667f77ca275ee78114007ddebaa1f"
"00041","adesivos-e-rotulos","bone aba curva trucker personalizado 168x98x165mm em tecido azul marinho 4x0 impresso em transfer laser modelo padrao","00041_524x524-1-bone-aba-curva-trucker-personalizado-168x98x165mm-em-tecido-azul-marinho-4x0-impresso-em-transfer-laser-modelo-padrao_96","00041-bone-aba-curva-trucker-personalizado-168x98x165mm-em-te.webp","adesivos-e-rotulos/00041-bone-aba-curva-trucker-personalizado-168x98x165mm-em-te.webp","https://raw.githubusercontent.com/copyeprintlaranjeiras-droid/copy-e-print-assets/main/home/produtos/catalogo-futuraim/adesivos-e-rotulos/00041-bone-aba-curva-trucker-personalizado-168x98x165mm-em-te.webp","12874","9a9bef811e9be44b8b1991950fc00bce9b042a01f5f3559730e2eeb5052076f7"
"00042","vestuario","bone aba curva trucker personalizado 168x98x165mm em tecido branco 5x0 impressao dtf textil modelo padrao","00042_524x524-1-bone-aba-curva-trucker-personalizado-168x98x165mm-em-tecido-branco-5x0-impressao-dtf-textil-modelo-padrao_125446.webp","00042-bone-aba-curva-trucker-personalizado-168x98x165mm-em-te.webp","vestuario/00042-bone-aba-curva-trucker-personalizado-168x98x165mm-em-te.webp","https://raw.githubusercontent.com/copyeprintlaranjeiras-droid/copy-e-print-assets/main/home/produtos/catalogo-futuraim/vestuario/00042-bone-aba-curva-trucker-personalizado-168x98x165mm-em-te.webp","9642","b857e018a3efa94bf3fc58f90e4e7244816947527c8bad34ef283b040dcbda13"
"00043","diversos","caderneta tipo moleskine 190x263mm em polen soft 80g 4x0 impressao digital uv modelo padrao","00043_524x524-1-caderneta-tipo-moleskine-190x263mm-em-polen-soft-80g-4x0-impressao-digital-uv-modelo-padrao_87057.webp","00043-caderneta-tipo-moleskine-190x263mm-em-polen-soft-80g-4x.webp","diversos/00043-caderneta-tipo-moleskine-190x263mm-em-polen-soft-80g-4x.webp","https://raw.githubusercontent.com/copyeprintlaranjeiras-droid/copy-e-print-assets/main/home/produtos/catalogo-futuraim/diversos/00043-caderneta-tipo-moleskine-190x263mm-em-polen-soft-80g-4x.webp","4832","826397f89cd157dc4a7975502530d7c2e01b7644c843cd487faa228b76a87ce0"
"00044","vestuario","calca corta vento boss 350x1030mm em tecido tactel 4x0 impressao ultra hd sublimatica tamanho p costura","00044_524x524-1-calca-corta-vento-boss-350x1030mm-em-tecido-tactel-4x0-impressao-ultra-hd-sublimatica-tamanho-p-costura_130479.webp","00044-calca-corta-vento-boss-350x1030mm-em-tecido-tactel-4x0.webp","vestuario/00044-calca-corta-vento-boss-350x1030mm-em-tecido-tactel-4x0.webp","https://raw.githubusercontent.com/copyeprintlaranjeiras-droid/copy-e-print-assets/main/home/produtos/catalogo-futuraim/vestuario/00044-calca-corta-vento-boss-350x1030mm-em-tecido-tactel-4x0.webp","7852","9159aa04feade20a1d5fd8fba3563c8b1a08839eca84464c68323eda0acedd8e"
"00045","vestuario","calcao futebol arc 380x440mm em tecido rush tech 150g 4x0 sem enobrecimento tamanho p embalagem individual costura","00045_524x524-1-calcao-futebol-arc-380x440mm-em-tecido-rush-tech-150g-4x0-sem-enobrecimento-tamanho-p-embalagem-individual-costura_11326","00045-calcao-futebol-arc-380x440mm-em-tecido-rush-tech-150g-4.webp","vestuario/00045-calcao-futebol-arc-380x440mm-em-tecido-rush-tech-150g-4.webp","https://raw.githubusercontent.com/copyeprintlaranjeiras-droid/copy-e-print-assets/main/home/produtos/catalogo-futuraim/vestuario/00045-calcao-futebol-arc-380x440mm-em-tecido-rush-tech-150g-4.webp","17630","0563f0f082e9619bccdac422930b952fa4293bf0c04248ec04a3365426f9349a"
"00046","vestuario","calcao futebol emir 390x440mm em tecido jacquard striped 160g 4x0 sem enobrecimento tamanho p embalagem individual costu","00046_524x524-1-calcao-futebol-emir-390x440mm-em-tecido-jacquard-striped-160g-4x0-sem-enobrecimento-tamanho-p-embalagem-individual-costu","00046-calcao-futebol-emir-390x440mm-em-tecido-jacquard-stripe.webp","vestuario/00046-calcao-futebol-emir-390x440mm-em-tecido-jacquard-stripe.webp","https://raw.githubusercontent.com/copyeprintlaranjeiras-droid/copy-e-print-assets/main/home/produtos/catalogo-futuraim/vestuario/00046-calcao-futebol-emir-390x440mm-em-tecido-jacquard-stripe.webp","19050","5369645f614c3c58ce04783c160cef7019d093bb3e1047395eecfd7068938d6e"
"00047","vestuario","calcao futebol infantil barca 260x260mm em tecido dry fit 4x0 impressao ultra hd sublimatica tamanho p costura","00047_524x524-1-calcao-futebol-infantil-barca-260x260mm-em-tecido-dry-fit-4x0-impressao-ultra-hd-sublimatica-tamanho-p-costura_123198.we","00047-calcao-futebol-infantil-barca-260x260mm-em-tecido-dry-f.webp","vestuario/00047-calcao-futebol-infantil-barca-260x260mm-em-tecido-dry-f.webp","https://raw.githubusercontent.com/copyeprintlaranjeiras-droid/copy-e-print-assets/main/home/produtos/catalogo-futuraim/vestuario/00047-calcao-futebol-infantil-barca-260x260mm-em-tecido-dry-f.webp","19930","2d6e23f9e3b71dfc8042a5cd4a397ab57234b80c4fe1296d93cd2897c0ffb241"
"00048","vestuario","calcao futebol infantil city 260x260mm em tecido dry fit 4x0 impressao ultra hd sublimatica tamanho p costura","00048_524x524-1-calcao-futebol-infantil-city-260x260mm-em-tecido-dry-fit-4x0-impressao-ultra-hd-sublimatica-tamanho-p-costura_123202.web","00048-calcao-futebol-infantil-city-260x260mm-em-tecido-dry-fi.webp","vestuario/00048-calcao-futebol-infantil-city-260x260mm-em-tecido-dry-fi.webp","https://raw.githubusercontent.com/copyeprintlaranjeiras-droid/copy-e-print-assets/main/home/produtos/catalogo-futuraim/vestuario/00048-calcao-futebol-infantil-city-260x260mm-em-tecido-dry-fi.webp","19930","2d6e23f9e3b71dfc8042a5cd4a397ab57234b80c4fe1296d93cd2897c0ffb241"
"00049","vestuario","calcao futebol juvenil barca 300x375mm em tecido dry fit 4x0 impressao ultra hd sublimatica tamanho p costura","00049_524x524-1-calcao-futebol-juvenil-barca-300x375mm-em-tecido-dry-fit-4x0-impressao-ultra-hd-sublimatica-tamanho-p-costura_123190.web","00049-calcao-futebol-juvenil-barca-300x375mm-em-tecido-dry-fi.webp","vestuario/00049-calcao-futebol-juvenil-barca-300x375mm-em-tecido-dry-fi.webp","https://raw.githubusercontent.com/copyeprintlaranjeiras-droid/copy-e-print-assets/main/home/produtos/catalogo-futuraim/vestuario/00049-calcao-futebol-juvenil-barca-300x375mm-em-tecido-dry-fi.webp","37328","f4dda19fe34b8309fdd3c5094ccd90a20e3025a78fc2d7a826f3753bb53f5c5c"
"00050","vestuario","calcao futebol juvenil city 300x375mm em tecido dry fit 4x0 impressao ultra hd sublimatica tamanho p costura","00050_524x524-1-calcao-futebol-juvenil-city-300x375mm-em-tecido-dry-fit-4x0-impressao-ultra-hd-sublimatica-tamanho-p-costura_123194.webp","00050-calcao-futebol-juvenil-city-300x375mm-em-tecido-dry-fit.webp","vestuario/00050-calcao-futebol-juvenil-city-300x375mm-em-tecido-dry-fit.webp","https://raw.githubusercontent.com/copyeprintlaranjeiras-droid/copy-e-print-assets/main/home/produtos/catalogo-futuraim/vestuario/00050-calcao-futebol-juvenil-city-300x375mm-em-tecido-dry-fit.webp","37328","f4dda19fe34b8309fdd3c5094ccd90a20e3025a78fc2d7a826f3753bb53f5c5c"
"00051","vestuario","calcao futebol personalizado 360x460mm em tecido dry fit 4x0 impressao ultra hd sublimatica tamanho p costura cordao","00051_524x524-1-calcao-futebol-personalizado-360x460mm-em-tecido-dry-fit-4x0-impressao-ultra-hd-sublimatica-tamanho-p-costura-cordao_103","00051-calcao-futebol-personalizado-360x460mm-em-tecido-dry-fi.webp","vestuario/00051-calcao-futebol-personalizado-360x460mm-em-tecido-dry-fi.webp","https://raw.githubusercontent.com/copyeprintlaranjeiras-droid/copy-e-print-assets/main/home/produtos/catalogo-futuraim/vestuario/00051-calcao-futebol-personalizado-360x460mm-em-tecido-dry-fi.webp","20192","897642eeaa0c07e0980825be28f261e26423ce35ce501a8b35f6a51458c1afd6"
"00052","vestuario","calcao futebol presas 380x430mm em tecido dry fit 4x0 sem enobrecimento tamanho p embalagem individual costura","00052_524x524-1-calcao-futebol-presas-380x430mm-em-tecido-dry-fit-4x0-sem-enobrecimento-tamanho-p-embalagem-individual-costura_113332.we","00052-calcao-futebol-presas-380x430mm-em-tecido-dry-fit-4x0-s.webp","vestuario/00052-calcao-futebol-presas-380x430mm-em-tecido-dry-fit-4x0-s.webp","https://raw.githubusercontent.com/copyeprintlaranjeiras-droid/copy-e-print-assets/main/home/produtos/catalogo-futuraim/vestuario/00052-calcao-futebol-presas-380x430mm-em-tecido-dry-fit-4x0-s.webp","12082","550ec377bbb85c812c1664069f95cb07a12495a77a01da3f3e75aacfd9b450d9"
"00053","vestuario","calcao futebol saint 380x420mm em tecido star liso 130g 4x0 sem enobrecimento tamanho p embalagem individual costura","00053_524x524-1-calcao-futebol-saint-380x420mm-em-tecido-star-liso-130g-4x0-sem-enobrecimento-tamanho-p-embalagem-individual-costura_113","00053-calcao-futebol-saint-380x420mm-em-tecido-star-liso-130g.webp","vestuario/00053-calcao-futebol-saint-380x420mm-em-tecido-star-liso-130g.webp","https://raw.githubusercontent.com/copyeprintlaranjeiras-droid/copy-e-print-assets/main/home/produtos/catalogo-futuraim/vestuario/00053-calcao-futebol-saint-380x420mm-em-tecido-star-liso-130g.webp","15574","075a7716eba322a3f7ff2892a06df8d8d79b41abb091605ad08c13c05ee54ba5"
"00054","vestuario","calcao futebol street 380x420mm em tecido star liso 130g 4x0 sem enobrecimento tamanho p embalagem individual costura","00054_524x524-1-calcao-futebol-street-380x420mm-em-tecido-star-liso-130g-4x0-sem-enobrecimento-tamanho-p-embalagem-individual-costura_11","00054-calcao-futebol-street-380x420mm-em-tecido-star-liso-130.webp","vestuario/00054-calcao-futebol-street-380x420mm-em-tecido-star-liso-130.webp","https://raw.githubusercontent.com/copyeprintlaranjeiras-droid/copy-e-print-assets/main/home/produtos/catalogo-futuraim/vestuario/00054-calcao-futebol-street-380x420mm-em-tecido-star-liso-130.webp","15574","075a7716eba322a3f7ff2892a06df8d8d79b41abb091605ad08c13c05ee54ba5"
"00055","calendarios-e-agendas","calendario de mesa 88x174mm em pvcpspet branco 1mm 4x0 sem enobrecimento corte padrao","00055_524x524-1-calendario-de-mesa-88x174mm-em-pvcpspet-branco-1mm-4x0-sem-enobrecimento-corte-padrao_78685.webp","00055-calendario-de-mesa-88x174mm-em-pvcpspet-branco-1mm-4x0.webp","calendarios-e-agendas/00055-calendario-de-mesa-88x174mm-em-pvcpspet-branco-1mm-4x0.webp","https://raw.githubusercontent.com/copyeprintlaranjeiras-droid/copy-e-print-assets/main/home/produtos/catalogo-futuraim/calendarios-e-agendas/00055-calendario-de-mesa-88x174mm-em-pvcpspet-branco-1mm-4x0.webp","16060","a9314a9a2427cbe388cb2d60c408ce24279a91be75d6080d0c10bb99dbd476aa"
"00056","calendarios-e-agendas","calendario de mesa com argola 165x130mm em color plus aspen perolizado 240g 4x4 impressao digital uv base acrilica com p","00056_524x524-1-calendario-de-mesa-com-argola-165x130mm-em-color-plus-aspen-perolizado-240g-4x4-impressao-digital-uv-base-acrilica-com-p","00056-calendario-de-mesa-com-argola-165x130mm-em-color-plus-a.webp","calendarios-e-agendas/00056-calendario-de-mesa-com-argola-165x130mm-em-color-plus-a.webp","https://raw.githubusercontent.com/copyeprintlaranjeiras-droid/copy-e-print-assets/main/home/produtos/catalogo-futuraim/calendarios-e-agendas/00056-calendario-de-mesa-com-argola-165x130mm-em-color-plus-a.webp","11646","0e3c79bc32b666e8e857a4c60a60baddf019d08c8a382ba85677216cd9f125d1"
"00057","calendarios-e-agendas","calendario de mesa com base rigida 150x205mm em couche brilho 150g 4x4 sem enobrecimento base rigida branca sem impressa","00057_524x524-1-calendario-de-mesa-com-base-rigida-150x205mm-em-couche-brilho-150g-4x4-sem-enobrecimento-base-rigida-branca-sem-impressa","00057-calendario-de-mesa-com-base-rigida-150x205mm-em-couche.webp","calendarios-e-agendas/00057-calendario-de-mesa-com-base-rigida-150x205mm-em-couche.webp","https://raw.githubusercontent.com/copyeprintlaranjeiras-droid/copy-e-print-assets/main/home/produtos/catalogo-futuraim/calendarios-e-agendas/00057-calendario-de-mesa-com-base-rigida-150x205mm-em-couche.webp","12056","0632e8203e9b8a193fe2884ea52c8178f55626425bb1d7c8a9955159be850925"
"00058","calendarios-e-agendas","calendario de mesa pvc 165x117mm em pvc branco 4x0 impressao digital uv refil de calendario 2027","00058_524x524-1-calendario-de-mesa-pvc-165x117mm-em-pvc-branco-4x0-impressao-digital-uv-refil-de-calendario-2027_111807.webp","00058-calendario-de-mesa-pvc-165x117mm-em-pvc-branco-4x0-impr.webp","calendarios-e-agendas/00058-calendario-de-mesa-pvc-165x117mm-em-pvc-branco-4x0-impr.webp","https://raw.githubusercontent.com/copyeprintlaranjeiras-droid/copy-e-print-assets/main/home/produtos/catalogo-futuraim/calendarios-e-agendas/00058-calendario-de-mesa-pvc-165x117mm-em-pvc-branco-4x0-impr.webp","15548","55b0d6ee6f027bd154bf5b195559d8f1a9605e96c5ea5f848864610d9f397d20"
"00059","diversos","cama pet personalizada 500x500x180mm em tecido tecnosport 4x0 sem enobrecimento costura","00059_524x524-1-cama-pet-personalizada-500x500x180mm-em-tecido-tecnosport-4x0-sem-enobrecimento-costura_104769.webp","00059-cama-pet-personalizada-500x500x180mm-em-tecido-tecnospo.webp","diversos/00059-cama-pet-personalizada-500x500x180mm-em-tecido-tecnospo.webp","https://raw.githubusercontent.com/copyeprintlaranjeiras-droid/copy-e-print-assets/main/home/produtos/catalogo-futuraim/diversos/00059-cama-pet-personalizada-500x500x180mm-em-tecido-tecnospo.webp","9732","67f3424d6de8d96a6b08a08bf51f58557d1bebef1d5d705a93a4594caa96ce73"
"00060","vestuario","camisa de ciclismo classic manga curta 400x660mm em tecido active ice uv 50 4x0 impressao ultra hd sublimatica tamanho p","00060_524x524-1-camisa-de-ciclismo-classic-manga-curta-400x660mm-em-tecido-active-ice-uv-50-4x0-impressao-ultra-hd-sublimatica-tamanho-p","00060-camisa-de-ciclismo-classic-manga-curta-400x660mm-em-tec.webp","vestuario/00060-camisa-de-ciclismo-classic-manga-curta-400x660mm-em-tec.webp","https://raw.githubusercontent.com/copyeprintlaranjeiras-droid/copy-e-print-assets/main/home/produtos/catalogo-futuraim/vestuario/00060-camisa-de-ciclismo-classic-manga-curta-400x660mm-em-tec.webp","11464","ba6c2f30be91885ba8b7bfa5fbc3713b579ad964f41a7b70a9a2d947907abb35"
"00061","vestuario","camisa de ciclismo fast manga curta 400x660mm em tecido active ice uv 50 4x0 impressao ultra hd sublimatica tamanho p co","00061_524x524-1-camisa-de-ciclismo-fast-manga-curta-400x660mm-em-tecido-active-ice-uv-50-4x0-impressao-ultra-hd-sublimatica-tamanho-p-co","00061-camisa-de-ciclismo-fast-manga-curta-400x660mm-em-tecido.webp","vestuario/00061-camisa-de-ciclismo-fast-manga-curta-400x660mm-em-tecido.webp","https://raw.githubusercontent.com/copyeprintlaranjeiras-droid/copy-e-print-assets/main/home/produtos/catalogo-futuraim/vestuario/00061-camisa-de-ciclismo-fast-manga-curta-400x660mm-em-tecido.webp","7540","8a92f5edf0816adbb36aa9b149eac0607005b332f547280f839408667279e501"
"00062","vestuario","camisa futebol juvenil barca 430x575mm em tecido dry fit 4x0 impressao ultra hd sublimatica tamanho p costura gola v","00062_524x524-1-camisa-futebol-juvenil-barca-430x575mm-em-tecido-dry-fit-4x0-impressao-ultra-hd-sublimatica-tamanho-p-costura-gola-v_113","00062-camisa-futebol-juvenil-barca-430x575mm-em-tecido-dry-fi.webp","vestuario/00062-camisa-futebol-juvenil-barca-430x575mm-em-tecido-dry-fi.webp","https://raw.githubusercontent.com/copyeprintlaranjeiras-droid/copy-e-print-assets/main/home/produtos/catalogo-futuraim/vestuario/00062-camisa-futebol-juvenil-barca-430x575mm-em-tecido-dry-fi.webp","13348","48ae51c234b0a469fd52df74f08d3a0041db8cccc3300ac08867144b06d406b5"
"00063","vestuario","camisa futebol juvenil city 430x575mm em tecido dry fit 4x0 impressao ultra hd sublimatica tamanho p costura gola redond","00063_524x524-1-camisa-futebol-juvenil-city-430x575mm-em-tecido-dry-fit-4x0-impressao-ultra-hd-sublimatica-tamanho-p-costura-gola-redond","00063-camisa-futebol-juvenil-city-430x575mm-em-tecido-dry-fit.webp","vestuario/00063-camisa-futebol-juvenil-city-430x575mm-em-tecido-dry-fit.webp","https://raw.githubusercontent.com/copyeprintlaranjeiras-droid/copy-e-print-assets/main/home/produtos/catalogo-futuraim/vestuario/00063-camisa-futebol-juvenil-city-430x575mm-em-tecido-dry-fit.webp","16690","810ae4894f4e45f78ad0e84021535d6b332d35d9c109d6a4f770216b493433aa"
"00064","vestuario","camiseta basica infantil 500x410mm em 100 algodao branca 4x0 sem enobrecimento tamanho 10","00064_524x524-1-camiseta-basica-infantil-500x410mm-em-100-algodao-branca-4x0-sem-enobrecimento-tamanho-10_67200.webp","00064-camiseta-basica-infantil-500x410mm-em-100-algodao-branc.webp","vestuario/00064-camiseta-basica-infantil-500x410mm-em-100-algodao-branc.webp","https://raw.githubusercontent.com/copyeprintlaranjeiras-droid/copy-e-print-assets/main/home/produtos/catalogo-futuraim/vestuario/00064-camiseta-basica-infantil-500x410mm-em-100-algodao-branc.webp","9864","2c362f22d31f1a643570938d0a3fae75cd15d5b1f3d16bc5b3cc914550bc3a6a"
"00065","vestuario","camiseta basica unissex 580x730mm em 100 algodao preta 4x0 estampa dtf tamanho eg","00065_524x524-1-camiseta-basica-unissex-580x730mm-em-100-algodao-preta-4x0-estampa-dtf-tamanho-eg_94756.webp","00065-camiseta-basica-unissex-580x730mm-em-100-algodao-preta.webp","vestuario/00065-camiseta-basica-unissex-580x730mm-em-100-algodao-preta.webp","https://raw.githubusercontent.com/copyeprintlaranjeiras-droid/copy-e-print-assets/main/home/produtos/catalogo-futuraim/vestuario/00065-camiseta-basica-unissex-580x730mm-em-100-algodao-preta.webp","6818","c85a0d9822ecd298c5c653476825a61416459689dae66e9dbf3c3f0cb048a62e"
"00066","vestuario","camiseta dry fit feminina 470x610mm em tecido poliester 4x0 impressao ultra hd sublimatica tamanho p costura gola v","00066_524x524-1-camiseta-dry-fit-feminina-470x610mm-em-tecido-poliester-4x0-impressao-ultra-hd-sublimatica-tamanho-p-costura-gola-v_1078","00066-camiseta-dry-fit-feminina-470x610mm-em-tecido-poliester.webp","vestuario/00066-camiseta-dry-fit-feminina-470x610mm-em-tecido-poliester.webp","https://raw.githubusercontent.com/copyeprintlaranjeiras-droid/copy-e-print-assets/main/home/produtos/catalogo-futuraim/vestuario/00066-camiseta-dry-fit-feminina-470x610mm-em-tecido-poliester.webp","17462","ee5e5e131d1295c92370a8a2ac93f963eef60ff3b85ba0141578b2e4f3f5a93d"
"00067","vestuario","camiseta dry fit infantil 360x450mm em tecido dry fit 4x0 impressao ultra hd sublimatica tamanho p costura gola v","00067_524x524-1-camiseta-dry-fit-infantil-360x450mm-em-tecido-dry-fit-4x0-impressao-ultra-hd-sublimatica-tamanho-p-costura-gola-v_107908","00067-camiseta-dry-fit-infantil-360x450mm-em-tecido-dry-fit-4.webp","vestuario/00067-camiseta-dry-fit-infantil-360x450mm-em-tecido-dry-fit-4.webp","https://raw.githubusercontent.com/copyeprintlaranjeiras-droid/copy-e-print-assets/main/home/produtos/catalogo-futuraim/vestuario/00067-camiseta-dry-fit-infantil-360x450mm-em-tecido-dry-fit-4.webp","18818","e43c15f3a5b10e6753d2660052f121c79a2014cb7626cc4ab96616b1f6186131"
"00068","vestuario","camiseta dry fit juvenil 430x575mm em tecido dry fit 4x0 impressao ultra hd sublimatica tamanho p costura gola v embalag","00068_524x524-1-camiseta-dry-fit-juvenil-430x575mm-em-tecido-dry-fit-4x0-impressao-ultra-hd-sublimatica-tamanho-p-costura-gola-v-embalag","00068-camiseta-dry-fit-juvenil-430x575mm-em-tecido-dry-fit-4x.webp","vestuario/00068-camiseta-dry-fit-juvenil-430x575mm-em-tecido-dry-fit-4x.webp","https://raw.githubusercontent.com/copyeprintlaranjeiras-droid/copy-e-print-assets/main/home/produtos/catalogo-futuraim/vestuario/00068-camiseta-dry-fit-juvenil-430x575mm-em-tecido-dry-fit-4x.webp","16160","385c9989e28efae3b893b66075b8d4a55b64a720af2a28db86ea23af4db83afe"
"00069","vestuario","camiseta dry fit masculina 490x740mm em tecido poliester 4x0 impressao ultra hd sublimatica tamanho p costura gola v","00069_524x524-1-camiseta-dry-fit-masculina-490x740mm-em-tecido-poliester-4x0-impressao-ultra-hd-sublimatica-tamanho-p-costura-gola-v_103","00069-camiseta-dry-fit-masculina-490x740mm-em-tecido-polieste.webp","vestuario/00069-camiseta-dry-fit-masculina-490x740mm-em-tecido-polieste.webp","https://raw.githubusercontent.com/copyeprintlaranjeiras-droid/copy-e-print-assets/main/home/produtos/catalogo-futuraim/vestuario/00069-camiseta-dry-fit-masculina-490x740mm-em-tecido-polieste.webp","13874","5918d31ad3011506dd8b43a1c4605ddd41626f603a4ea3f94de3262d6ce636aa"
"00070","personalizados-e-brindes","caneca de chopp vidro jateado 475ml 130x200mm em vidro incolor jateado 4x0 sublimacao 475ml","00070_524x524-1-caneca-de-chopp-vidro-jateado-475ml-130x200mm-em-vidro-incolor-jateado-4x0-sublimacao-475ml_126270.webp","00070-caneca-de-chopp-vidro-jateado-475ml-130x200mm-em-vidro.webp","personalizados-e-brindes/00070-caneca-de-chopp-vidro-jateado-475ml-130x200mm-em-vidro.webp","https://raw.githubusercontent.com/copyeprintlaranjeiras-droid/copy-e-print-assets/main/home/produtos/catalogo-futuraim/personalizados-e-brindes/00070-caneca-de-chopp-vidro-jateado-475ml-130x200mm-em-vidro.webp","5360","a7a7c7cf65a34de63a9b2822a0f2ad3558bbc5f9177ab5862f495ed60b33bb13"
"00071","personalizados-e-brindes","caneca de chopp vidro jateado 475ml 130x200mm em vidro incolor jateado 4x0 sublimacao 475ml","00071_524x524-1-caneca-de-chopp-vidro-jateado-475ml-130x200mm-em-vidro-incolor-jateado-4x0-sublimacao-475ml_75200_846.webp","00071-caneca-de-chopp-vidro-jateado-475ml-130x200mm-em-vidro.webp","personalizados-e-brindes/00071-caneca-de-chopp-vidro-jateado-475ml-130x200mm-em-vidro.webp","https://raw.githubusercontent.com/copyeprintlaranjeiras-droid/copy-e-print-assets/main/home/produtos/catalogo-futuraim/personalizados-e-brindes/00071-caneca-de-chopp-vidro-jateado-475ml-130x200mm-em-vidro.webp","14138","f95a7143173ba473ef89060610f41550b04c202a31681944ebcf82ce6c833b71"
"00072","personalizados-e-brindes","caneca futebol 325ml 96x223mm em porcelana branca 4x0 sem enobrecimento","00072_524x524-1-caneca-futebol-325ml-96x223mm-em-porcelana-branca-4x0-sem-enobrecimento_52962_588.webp","00072-caneca-futebol-325ml-96x223mm-em-porcelana-branca-4x0-s.webp","personalizados-e-brindes/00072-caneca-futebol-325ml-96x223mm-em-porcelana-branca-4x0-s.webp","https://raw.githubusercontent.com/copyeprintlaranjeiras-droid/copy-e-print-assets/main/home/produtos/catalogo-futuraim/personalizados-e-brindes/00072-caneca-futebol-325ml-96x223mm-em-porcelana-branca-4x0-s.webp","13680","41d90086c8dd68d305928ea928792c291448d0d1a76e520ac8ba29d4144252c3"
"00073","personalizados-e-brindes","caneca personalizada 325 ml 96x223mm em porcelana branca 4x0 sem enobrecimento","00073_524x524-1-caneca-personalizada-325-ml-96x223mm-em-porcelana-branca-4x0-sem-enobrecimento_21029_185.webp","00073-caneca-personalizada-325-ml-96x223mm-em-porcelana-branc.webp","personalizados-e-brindes/00073-caneca-personalizada-325-ml-96x223mm-em-porcelana-branc.webp","https://raw.githubusercontent.com/copyeprintlaranjeiras-droid/copy-e-print-assets/main/home/produtos/catalogo-futuraim/personalizados-e-brindes/00073-caneca-personalizada-325-ml-96x223mm-em-porcelana-branc.webp","7594","82e2ffa5eccdc5a468e3c3261c2358122663f872b4e2f94f022d9ea0acafa4a5"
"00074","personalizados-e-brindes","caneca personalizada 325ml 96x223mm em porcelana branca 4x0 sem enobrecimento","00074_524x524-1-caneca-personalizada-325ml-96x223mm-em-porcelana-branca-4x0-sem-enobrecimento_16448_413.webp","00074-caneca-personalizada-325ml-96x223mm-em-porcelana-branca.webp","personalizados-e-brindes/00074-caneca-personalizada-325ml-96x223mm-em-porcelana-branca.webp","https://raw.githubusercontent.com/copyeprintlaranjeiras-droid/copy-e-print-assets/main/home/produtos/catalogo-futuraim/personalizados-e-brindes/00074-caneca-personalizada-325ml-96x223mm-em-porcelana-branca.webp","7156","22259714e20efc8ae6fe3dde954218e598d0cfb25b0863897bab4bcaf1e452d2"
"00075","personalizados-e-brindes","caneca personalizada 325ml copa 125x83x96mm em porcelana 4x0 sublimacao 325ml","00075_524x524-1-caneca-personalizada-325ml-copa-125x83x96mm-em-porcelana-4x0-sublimacao-325ml_56843.webp","00075-caneca-personalizada-325ml-copa-125x83x96mm-em-porcelan.webp","personalizados-e-brindes/00075-caneca-personalizada-325ml-copa-125x83x96mm-em-porcelan.webp","https://raw.githubusercontent.com/copyeprintlaranjeiras-droid/copy-e-print-assets/main/home/produtos/catalogo-futuraim/personalizados-e-brindes/00075-caneca-personalizada-325ml-copa-125x83x96mm-em-porcelan.webp","6742","084c168a06e42e0538effb31e15a6e2c664113f4d5524d3e97e72e628d4aa78a"
"00076","personalizados-e-brindes","caneta marcador ponta dupla 140x155mm em caneta marcador ponta dupla 48 cores 4x0 impressao dtf textil modelo padrao","00076_524x524-1-caneta-marcador-ponta-dupla-140x155mm-em-caneta-marcador-ponta-dupla-48-cores-4x0-impressao-dtf-textil-modelo-padrao_132","00076-caneta-marcador-ponta-dupla-140x155mm-em-caneta-marcado.webp","personalizados-e-brindes/00076-caneta-marcador-ponta-dupla-140x155mm-em-caneta-marcado.webp","https://raw.githubusercontent.com/copyeprintlaranjeiras-droid/copy-e-print-assets/main/home/produtos/catalogo-futuraim/personalizados-e-brindes/00076-caneta-marcador-ponta-dupla-140x155mm-em-caneta-marcado.webp","17988","1c3720a44ecc05b45b8fef99062000693bb4b28e44c5d013059f029b871772a5"
"00077","embalagens","capa para banco de onibus 420x175x300mm em tecido supreme 4x0 impressao ultra hd sublimatica embalagem individual costur","00077_524x524-1-capa-para-banco-de-onibus-420x175x300mm-em-tecido-supreme-4x0-impressao-ultra-hd-sublimatica-embalagem-individual-costur","00077-capa-para-banco-de-onibus-420x175x300mm-em-tecido-supre.webp","embalagens/00077-capa-para-banco-de-onibus-420x175x300mm-em-tecido-supre.webp","https://raw.githubusercontent.com/copyeprintlaranjeiras-droid/copy-e-print-assets/main/home/produtos/catalogo-futuraim/embalagens/00077-capa-para-banco-de-onibus-420x175x300mm-em-tecido-supre.webp","12726","42df36ab4297bd40a4e161b91bf93c602e4ec8a48473d47f7b9d353eb81db29b"
"00078","embalagens","capa para barbearia 1550x2255mm em tecido tecnosport 4x0 sem enobrecimento embalagem individual costura","00078_524x524-1-capa-para-barbearia-1550x2255mm-em-tecido-tecnosport-4x0-sem-enobrecimento-embalagem-individual-costura_105094.webp","00078-capa-para-barbearia-1550x2255mm-em-tecido-tecnosport-4x.webp","embalagens/00078-capa-para-barbearia-1550x2255mm-em-tecido-tecnosport-4x.webp","https://raw.githubusercontent.com/copyeprintlaranjeiras-droid/copy-e-print-assets/main/home/produtos/catalogo-futuraim/embalagens/00078-capa-para-barbearia-1550x2255mm-em-tecido-tecnosport-4x.webp","11556","ca6549b430c2b0e5ccbb63a18db2e7e0c2fac72b43e4b5becf6bd2e2b1a2b8ba"
"00079","embalagens","capa para porta 950x2150mm em tecido helanca light 4x0 sem enobrecimento embalagem individual costura","00079_524x524-1-capa-para-porta-950x2150mm-em-tecido-helanca-light-4x0-sem-enobrecimento-embalagem-individual-costura_104305.webp","00079-capa-para-porta-950x2150mm-em-tecido-helanca-light-4x0.webp","embalagens/00079-capa-para-porta-950x2150mm-em-tecido-helanca-light-4x0.webp","https://raw.githubusercontent.com/copyeprintlaranjeiras-droid/copy-e-print-assets/main/home/produtos/catalogo-futuraim/embalagens/00079-capa-para-porta-950x2150mm-em-tecido-helanca-light-4x0.webp","21414","f88545930d8ce7a61494cadc8bc23087499a6ff60cc5a31635bd00e63cc188c7"
"00080","diversos","capacho personalizado 600x400mm em fibra de vinil preto 4x0 impressao digital uv","00080_524x524-1-capacho-personalizado-600x400mm-em-fibra-de-vinil-preto-4x0-impressao-digital-uv_130368.webp","00080-capacho-personalizado-600x400mm-em-fibra-de-vinil-preto.webp","diversos/00080-capacho-personalizado-600x400mm-em-fibra-de-vinil-preto.webp","https://raw.githubusercontent.com/copyeprintlaranjeiras-droid/copy-e-print-assets/main/home/produtos/catalogo-futuraim/diversos/00080-capacho-personalizado-600x400mm-em-fibra-de-vinil-preto.webp","34224","3be86cc6eae18299732b89d84ecb48c0c88f6279d3435364da99c7a9eaed5e26"
"00081","diversos","capas para antenas antifurto 1200x450mm em dryfit 8 elastano e 92 poliester 4x4 impressao ultra hd sublimatica dupla fac","00081_524x524-1-capas-para-antenas-antifurto-1200x450mm-em-dryfit-8-elastano-e-92-poliester-4x4-impressao-ultra-hd-sublimatica-dupla-fac","00081-capas-para-antenas-antifurto-1200x450mm-em-dryfit-8-ela.webp","diversos/00081-capas-para-antenas-antifurto-1200x450mm-em-dryfit-8-ela.webp","https://raw.githubusercontent.com/copyeprintlaranjeiras-droid/copy-e-print-assets/main/home/produtos/catalogo-futuraim/diversos/00081-capas-para-antenas-antifurto-1200x450mm-em-dryfit-8-ela.webp","12674","196afd5899a99f034748bfe56d8ca763b2d68dfb84ab2504ffbb418ddde8767b"
"00082","personalizados-e-brindes","capinha de celular apple iphone 13 pro 147x72mm em ps transparente 4x0 sem enobrecimento personalizada","00082_524x524-1-capinha-de-celular-apple-iphone-13-pro-147x72mm-em-ps-transparente-4x0-sem-enobrecimento-personalizada_53529_418.webp","00082-capinha-de-celular-apple-iphone-13-pro-147x72mm-em-ps-t.webp","personalizados-e-brindes/00082-capinha-de-celular-apple-iphone-13-pro-147x72mm-em-ps-t.webp","https://raw.githubusercontent.com/copyeprintlaranjeiras-droid/copy-e-print-assets/main/home/produtos/catalogo-futuraim/personalizados-e-brindes/00082-capinha-de-celular-apple-iphone-13-pro-147x72mm-em-ps-t.webp","20676","e185a7a6b9d3e2ddb664b29b8a74dd820e9dff9101eacdad27e9979433689688"
"00083","personalizados-e-brindes","capinha de celular motorola one macro 154x73mm em ps transparente 4x0 sem enobrecimento personalizada","00083_524x524-1-capinha-de-celular-motorola-one-macro-154x73mm-em-ps-transparente-4x0-sem-enobrecimento-personalizada_30198_533.webp","00083-capinha-de-celular-motorola-one-macro-154x73mm-em-ps-tr.webp","personalizados-e-brindes/00083-capinha-de-celular-motorola-one-macro-154x73mm-em-ps-tr.webp","https://raw.githubusercontent.com/copyeprintlaranjeiras-droid/copy-e-print-assets/main/home/produtos/catalogo-futuraim/personalizados-e-brindes/00083-capinha-de-celular-motorola-one-macro-154x73mm-em-ps-tr.webp","14600","2345d66205c319880970427421547d7cb82392489da5e585b4f01601ba4e1dd3"
"00084","personalizados-e-brindes","capinha de celular samsung galaxy a9 80x159mm em ps transparente 4x0 sem enobrecimento personalizada","00084_524x524-1-capinha-de-celular-samsung-galaxy-a9-80x159mm-em-ps-transparente-4x0-sem-enobrecimento-personalizada_19488_221.webp","00084-capinha-de-celular-samsung-galaxy-a9-80x159mm-em-ps-tra.webp","personalizados-e-brindes/00084-capinha-de-celular-samsung-galaxy-a9-80x159mm-em-ps-tra.webp","https://raw.githubusercontent.com/copyeprintlaranjeiras-droid/copy-e-print-assets/main/home/produtos/catalogo-futuraim/personalizados-e-brindes/00084-capinha-de-celular-samsung-galaxy-a9-80x159mm-em-ps-tra.webp","10686","19625654475081a4d580473f68456ab7f218f358e046b0582e173ac547e759f9"
"00085","diversos","cardapio 148x210mm em pvc branco 03mm 4x0 sem enobrecimento 4 cantos arredondados","00085_524x524-1-cardapio-148x210mm-em-pvc-branco-03mm-4x0-sem-enobrecimento-4-cantos-arredondados_18800_910.webp","00085-cardapio-148x210mm-em-pvc-branco-03mm-4x0-sem-enobrecim.webp","diversos/00085-cardapio-148x210mm-em-pvc-branco-03mm-4x0-sem-enobrecim.webp","https://raw.githubusercontent.com/copyeprintlaranjeiras-droid/copy-e-print-assets/main/home/produtos/catalogo-futuraim/diversos/00085-cardapio-148x210mm-em-pvc-branco-03mm-4x0-sem-enobrecim.webp","6902","3207f9942226c0421cac0e7a3ab331b25f097962bd450c5f0604f06cc3df05ee"
"00086","cartoes-e-papelaria","carimbo colop mini datador s120 4x20mm em plastico 1x0 sem personalizacao","00086_524x524-1-carimbo-colop-mini-datador-s120-4x20mm-em-plastico-1x0-sem-personalizacao_34697_261.webp","00086-carimbo-colop-mini-datador-s120-4x20mm-em-plastico-1x0.webp","cartoes-e-papelaria/00086-carimbo-colop-mini-datador-s120-4x20mm-em-plastico-1x0.webp","https://raw.githubusercontent.com/copyeprintlaranjeiras-droid/copy-e-print-assets/main/home/produtos/catalogo-futuraim/cartoes-e-papelaria/00086-carimbo-colop-mini-datador-s120-4x20mm-em-plastico-1x0.webp","7336","1d8b37ca40465dd69887c8e901802a1ec6f25004419553318ada362e57a20e5b"
"00087","cartoes-e-papelaria","carimbo colop pocket stamp plus 20 14x36mm em plastico 1x0 personalizado","00087_524x524-1-carimbo-colop-pocket-stamp-plus-20-14x36mm-em-plastico-1x0-personalizado_20895_802.webp","00087-carimbo-colop-pocket-stamp-plus-20-14x36mm-em-plastico.webp","cartoes-e-papelaria/00087-carimbo-colop-pocket-stamp-plus-20-14x36mm-em-plastico.webp","https://raw.githubusercontent.com/copyeprintlaranjeiras-droid/copy-e-print-assets/main/home/produtos/catalogo-futuraim/cartoes-e-papelaria/00087-carimbo-colop-pocket-stamp-plus-20-14x36mm-em-plastico.webp","13276","d51569911a2a33838a432581ff40ec90faea52900e3ef3974fdf720dad10ccbd"
"00088","cartoes-e-papelaria","carimbo colop printer c 10 10x27mm em plastico 1x0 personalizado","00088_524x524-1-carimbo-colop-printer-c-10-10x27mm-em-plastico-1x0-personalizado_34751_359.webp","00088-carimbo-colop-printer-c-10-10x27mm-em-plastico-1x0-pers.webp","cartoes-e-papelaria/00088-carimbo-colop-printer-c-10-10x27mm-em-plastico-1x0-pers.webp","https://raw.githubusercontent.com/copyeprintlaranjeiras-droid/copy-e-print-assets/main/home/produtos/catalogo-futuraim/cartoes-e-papelaria/00088-carimbo-colop-printer-c-10-10x27mm-em-plastico-1x0-pers.webp","5482","60f8b16490e629db86b6ea758ff6ca33946ddaefd022bd5158b96640a866f39f"
"00089","cartoes-e-papelaria","carimbo colop stamp mouse 20 14x38mm em plastico 1x0 personalizado","00089_524x524-1-carimbo-colop-stamp-mouse-20-14x38mm-em-plastico-1x0-personalizado_34718_798.webp","00089-carimbo-colop-stamp-mouse-20-14x38mm-em-plastico-1x0-pe.webp","cartoes-e-papelaria/00089-carimbo-colop-stamp-mouse-20-14x38mm-em-plastico-1x0-pe.webp","https://raw.githubusercontent.com/copyeprintlaranjeiras-droid/copy-e-print-assets/main/home/produtos/catalogo-futuraim/cartoes-e-papelaria/00089-carimbo-colop-stamp-mouse-20-14x38mm-em-plastico-1x0-pe.webp","7706","859a697e61e8118fe5b4df6e90aafc348f4fd83d1c845f715277c6b0f0519909"
"00090","cartoes-e-papelaria","carimbo de madeira padrao 9x69mm em madeira 1x0 personalizado","00090_524x524-1-carimbo-de-madeira-padrao-9x69mm-em-madeira-1x0-personalizado_20896_106.webp","00090-carimbo-de-madeira-padrao-9x69mm-em-madeira-1x0-persona.webp","cartoes-e-papelaria/00090-carimbo-de-madeira-padrao-9x69mm-em-madeira-1x0-persona.webp","https://raw.githubusercontent.com/copyeprintlaranjeiras-droid/copy-e-print-assets/main/home/produtos/catalogo-futuraim/cartoes-e-papelaria/00090-carimbo-de-madeira-padrao-9x69mm-em-madeira-1x0-persona.webp","5070","056943b1b4bc43a0bf88738d84cc8ebb0457a50c1fcdb7fee5205761fa227269"
"00091","cartoes-e-papelaria","carimbo de madeira padrao cnpj 59x39mm em madeira 1x0 personalizado","00091_524x524-1-carimbo-de-madeira-padrao-cnpj-59x39mm-em-madeira-1x0-personalizado_20898_407.webp","00091-carimbo-de-madeira-padrao-cnpj-59x39mm-em-madeira-1x0-p.webp","cartoes-e-papelaria/00091-carimbo-de-madeira-padrao-cnpj-59x39mm-em-madeira-1x0-p.webp","https://raw.githubusercontent.com/copyeprintlaranjeiras-droid/copy-e-print-assets/main/home/produtos/catalogo-futuraim/cartoes-e-papelaria/00091-carimbo-de-madeira-padrao-cnpj-59x39mm-em-madeira-1x0-p.webp","5650","db94472b73bbc81dc08651dde1ddea5fea2490ba5e285aa7f994b9126217e252"
"00092","cartoes-e-papelaria","carimbo nykon economy 302 14x36mm em plastico 1x0 sem enobrecimento personalizado","00092_524x524-1-carimbo-nykon-economy-302-14x36mm-em-plastico-1x0-sem-enobrecimento-personalizado_66234.webp","00092-carimbo-nykon-economy-302-14x36mm-em-plastico-1x0-sem-e.webp","cartoes-e-papelaria/00092-carimbo-nykon-economy-302-14x36mm-em-plastico-1x0-sem-e.webp","https://raw.githubusercontent.com/copyeprintlaranjeiras-droid/copy-e-print-assets/main/home/produtos/catalogo-futuraim/cartoes-e-papelaria/00092-carimbo-nykon-economy-302-14x36mm-em-plastico-1x0-sem-e.webp","7596","dc0e12608565fc224f24b513246869cf65885bd7e5de3fdc1ed73f48b685c621"
"00093","embalagens","carimbo para sacola kraft 100x90mm em madeira 1x0 sem enobrecimento personalizado","00093_524x524-1-carimbo-para-sacola-kraft-100x90mm-em-madeira-1x0-sem-enobrecimento-personalizado_34404_423.webp","00093-carimbo-para-sacola-kraft-100x90mm-em-madeira-1x0-sem-e.webp","embalagens/00093-carimbo-para-sacola-kraft-100x90mm-em-madeira-1x0-sem-e.webp","https://raw.githubusercontent.com/copyeprintlaranjeiras-droid/copy-e-print-assets/main/home/produtos/catalogo-futuraim/embalagens/00093-carimbo-para-sacola-kraft-100x90mm-em-madeira-1x0-sem-e.webp","12628","24d05f6ff5efe665c59e48f5bc65ade03acbbb6232bac524e100ded666cd1ad2"
"00094","cartoes-e-papelaria","carimbo para scrapbook 30x30mm em madeira 1x0 personalizado","00094_524x524-1-carimbo-para-scrapbook-30x30mm-em-madeira-1x0-personalizado_24235_39.webp","00094-carimbo-para-scrapbook-30x30mm-em-madeira-1x0-personali.webp","cartoes-e-papelaria/00094-carimbo-para-scrapbook-30x30mm-em-madeira-1x0-personali.webp","https://raw.githubusercontent.com/copyeprintlaranjeiras-droid/copy-e-print-assets/main/home/produtos/catalogo-futuraim/cartoes-e-papelaria/00094-carimbo-para-scrapbook-30x30mm-em-madeira-1x0-personali.webp","6328","1cec63a414b3ed550d8fd42324cb7f87ecd25570b67da0609da5eb7ffed6e40e"
"00095","diversos","cartela dtf textil a4 197x280mm em dtf textil 4x0 impressao dtf textil refile_93047 2","00095_524x524-1-cartela-dtf-textil-a4-197x280mm-em-dtf-textil-4x0-impressao-dtf-textil-refile_93047-2.webp","00095-cartela-dtf-textil-a4-197x280mm-em-dtf-textil-4x0-impre.webp","diversos/00095-cartela-dtf-textil-a4-197x280mm-em-dtf-textil-4x0-impre.webp","https://raw.githubusercontent.com/copyeprintlaranjeiras-droid/copy-e-print-assets/main/home/produtos/catalogo-futuraim/diversos/00095-cartela-dtf-textil-a4-197x280mm-em-dtf-textil-4x0-impre.webp","23790","24520f1542ff3f1910eafb7cc441e3ea96da1b5d96f3dfc186da474b1cfc378a"
"00097","diversos","cartela dtf uv a4 210x297mm em dtf uv gold film 5x0 impressao dtf uv com verniz entregue em folha","00097_524x524-1-cartela-dtf-uv-a4-210x297mm-em-dtf-uv-gold-film-5x0-impressao-dtf-uv-com-verniz-entregue-em-folha_122904.webp","00097-cartela-dtf-uv-a4-210x297mm-em-dtf-uv-gold-film-5x0-imp.webp","diversos/00097-cartela-dtf-uv-a4-210x297mm-em-dtf-uv-gold-film-5x0-imp.webp","https://raw.githubusercontent.com/copyeprintlaranjeiras-droid/copy-e-print-assets/main/home/produtos/catalogo-futuraim/diversos/00097-cartela-dtf-uv-a4-210x297mm-em-dtf-uv-gold-film-5x0-imp.webp","16060","3732c7a189ebac2506cdea1f4889b741e640072b1e7109c7f0e5586031ff2cd7"
"00098","banners-e-sinalizacao","cavalete polionda 600x975mm em polionda branca 4mm 750g 4x0 sem enobrecimento corte e vinco digital","00098_524x524-1-cavalete-polionda-600x975mm-em-polionda-branca-4mm-750g-4x0-sem-enobrecimento-corte-e-vinco-digital_109498.webp","00098-cavalete-polionda-600x975mm-em-polionda-branca-4mm-750g.webp","banners-e-sinalizacao/00098-cavalete-polionda-600x975mm-em-polionda-branca-4mm-750g.webp","https://raw.githubusercontent.com/copyeprintlaranjeiras-droid/copy-e-print-assets/main/home/produtos/catalogo-futuraim/banners-e-sinalizacao/00098-cavalete-polionda-600x975mm-em-polionda-branca-4mm-750g.webp","13092","5f7a1255366903b15c3f6238248043319259f5b00edc006404a481e0727aa808"
"00099","cartoes-e-papelaria","certificado 210x297mm em kraft 280g 4x0 sem enobrecimento refile","00099_524x524-1-certificado-210x297mm-em-kraft-280g-4x0-sem-enobrecimento-refile_41631_217.webp","00099-certificado-210x297mm-em-kraft-280g-4x0-sem-enobrecimen.webp","cartoes-e-papelaria/00099-certificado-210x297mm-em-kraft-280g-4x0-sem-enobrecimen.webp","https://raw.githubusercontent.com/copyeprintlaranjeiras-droid/copy-e-print-assets/main/home/produtos/catalogo-futuraim/cartoes-e-papelaria/00099-certificado-210x297mm-em-kraft-280g-4x0-sem-enobrecimen.webp","12636","8f08ca62b56a2bc5e7a008a4dc91137e9e8f15e55ec0422c39cf97ec3ad4cdd4"
"00100","vestuario","colete de futebol 517x766mm em tecido dry fit 4x0 impressao ultra hd sublimatica costura embalagem individual","00100_524x524-1-colete-de-futebol-517x766mm-em-tecido-dry-fit-4x0-impressao-ultra-hd-sublimatica-costura-embalagem-individual_103328.web","00100-colete-de-futebol-517x766mm-em-tecido-dry-fit-4x0-impre.webp","vestuario/00100-colete-de-futebol-517x766mm-em-tecido-dry-fit-4x0-impre.webp","https://raw.githubusercontent.com/copyeprintlaranjeiras-droid/copy-e-print-assets/main/home/produtos/catalogo-futuraim/vestuario/00100-colete-de-futebol-517x766mm-em-tecido-dry-fit-4x0-impre.webp","11216","725a173d1e0eb00f5683fe6f16eb9a8d968c8d4ac0fdb34a8109ba342bbf2c4b"
"00101","personalizados-e-brindes","copo quencher termico 1000ml com tampa e canudo 150x270mm em aco inox azul royal 1x0 gravacao laser modelo padrao","00101_524x524-1-copo-quencher-termico-1000ml-com-tampa-e-canudo-150x270mm-em-aco-inox-azul-royal-1x0-gravacao-laser-modelo-padrao_93470","00101-copo-quencher-termico-1000ml-com-tampa-e-canudo-150x270.webp","personalizados-e-brindes/00101-copo-quencher-termico-1000ml-com-tampa-e-canudo-150x270.webp","https://raw.githubusercontent.com/copyeprintlaranjeiras-droid/copy-e-print-assets/main/home/produtos/catalogo-futuraim/personalizados-e-brindes/00101-copo-quencher-termico-1000ml-com-tampa-e-canudo-150x270.webp","3776","586fe063f6ca72af1a8c1b2211a17d9b2af1413e662ff693bf8587280931639e"
"00102","personalizados-e-brindes","copo termico 500ml tipo stanley com tampa e abridor 293x91x171mm em aco inox 1x0 gravacao laser modelo padrao","00102_524x524-1-copo-termico-500ml-tipo-stanley-com-tampa-e-abridor-293x91x171mm-em-aco-inox-1x0-gravacao-laser-modelo-padrao_81348.webp","00102-copo-termico-500ml-tipo-stanley-com-tampa-e-abridor-293.webp","personalizados-e-brindes/00102-copo-termico-500ml-tipo-stanley-com-tampa-e-abridor-293.webp","https://raw.githubusercontent.com/copyeprintlaranjeiras-droid/copy-e-print-assets/main/home/produtos/catalogo-futuraim/personalizados-e-brindes/00102-copo-termico-500ml-tipo-stanley-com-tampa-e-abridor-293.webp","4714","21bb8a943d42208068a31a7a1149a4bd3a2a8a2b9106177c9916288ffa6f2af4"
"00103","embalagens","copo termico com caixa de som 91x188mm em aco inox preto 1x0 gravacao laser modelo padrao","00103_524x524-1-copo-termico-com-caixa-de-som-91x188mm-em-aco-inox-preto-1x0-gravacao-laser-modelo-padrao_94913.webp","00103-copo-termico-com-caixa-de-som-91x188mm-em-aco-inox-pret.webp","embalagens/00103-copo-termico-com-caixa-de-som-91x188mm-em-aco-inox-pret.webp","https://raw.githubusercontent.com/copyeprintlaranjeiras-droid/copy-e-print-assets/main/home/produtos/catalogo-futuraim/embalagens/00103-copo-termico-com-caixa-de-som-91x188mm-em-aco-inox-pret.webp","3182","3fd28b6a2009ffee02ea931a4c5b9eaf26d5ef3c8d0c486060114a2597d76823"
"00104","cartoes-e-papelaria","cracha personalizado 86x54mm em pvc branco 076mm 4x0 laminacao cristal dados variaveis 4 cantos arredondados furo oblong","00104_524x524-1-cracha-personalizado-86x54mm-em-pvc-branco-076mm-4x0-laminacao-cristal-dados-variaveis-4-cantos-arredondados-furo-oblong","00104-cracha-personalizado-86x54mm-em-pvc-branco-076mm-4x0-la.webp","cartoes-e-papelaria/00104-cracha-personalizado-86x54mm-em-pvc-branco-076mm-4x0-la.webp","https://raw.githubusercontent.com/copyeprintlaranjeiras-droid/copy-e-print-assets/main/home/produtos/catalogo-futuraim/cartoes-e-papelaria/00104-cracha-personalizado-86x54mm-em-pvc-branco-076mm-4x0-la.webp","8392","83b72cbd7d924dc702e9787bd5143d1879ee4d5b11c923e4d723d1be30daf455"
"00105","vestuario","cropped basico oversized 520x450mm em 1835 tecido favo 4x0 impressao ultra hd sublimatica tamanho p costura","00105_524x524-1-cropped-basico-oversized-520x450mm-em-1835-tecido-favo-4x0-impressao-ultra-hd-sublimatica-tamanho-p-costura_122930.webp","00105-cropped-basico-oversized-520x450mm-em-1835-tecido-favo.webp","vestuario/00105-cropped-basico-oversized-520x450mm-em-1835-tecido-favo.webp","https://raw.githubusercontent.com/copyeprintlaranjeiras-droid/copy-e-print-assets/main/home/produtos/catalogo-futuraim/vestuario/00105-cropped-basico-oversized-520x450mm-em-1835-tecido-favo.webp","12304","26e57f761c1090faabc56634d41f73f8bb4bb22074d5d2d681c1b36e73e5b219"
"00106","banners-e-sinalizacao","display a6 horizontal 105x155mm em acrilico transparente 4x0 impressao dtf uv com verniz dobra 75","00106_524x524-1-display-a6-horizontal-105x155mm-em-acrilico-transparente-4x0-impressao-dtf-uv-com-verniz-dobra-75_108913.webp","00106-display-a6-horizontal-105x155mm-em-acrilico-transparent.webp","banners-e-sinalizacao/00106-display-a6-horizontal-105x155mm-em-acrilico-transparent.webp","https://raw.githubusercontent.com/copyeprintlaranjeiras-droid/copy-e-print-assets/main/home/produtos/catalogo-futuraim/banners-e-sinalizacao/00106-display-a6-horizontal-105x155mm-em-acrilico-transparent.webp","10510","a96c1093e1f540a336f52d5eb62302b6915dc49a2ea9b62d540835af1f4836cd"
"00107","banners-e-sinalizacao","display em pvc adesivado 134x114mm em pvcpspet branco 1mm 4x0 sem enobrecimento refile","00107_524x524-1-display-em-pvc-adesivado-134x114mm-em-pvcpspet-branco-1mm-4x0-sem-enobrecimento-refile_78655.webp","00107-display-em-pvc-adesivado-134x114mm-em-pvcpspet-branco-1.webp","banners-e-sinalizacao/00107-display-em-pvc-adesivado-134x114mm-em-pvcpspet-branco-1.webp","https://raw.githubusercontent.com/copyeprintlaranjeiras-droid/copy-e-print-assets/main/home/produtos/catalogo-futuraim/banners-e-sinalizacao/00107-display-em-pvc-adesivado-134x114mm-em-pvcpspet-branco-1.webp","17080","cb9cf333b9e3d5520b2248d9932d069c609cf2f6a9ee3df936f5b433e4cf98f5"
"00108","banners-e-sinalizacao","display porta cartoes 59x80mm em acrilico sem impressao sem enobrecimento","00108_524x524-1-display-porta-cartoes-59x80mm-em-acrilico-sem-impressao-sem-enobrecimento_14767_292.webp","00108-display-porta-cartoes-59x80mm-em-acrilico-sem-impressao.webp","banners-e-sinalizacao/00108-display-porta-cartoes-59x80mm-em-acrilico-sem-impressao.webp","https://raw.githubusercontent.com/copyeprintlaranjeiras-droid/copy-e-print-assets/main/home/produtos/catalogo-futuraim/banners-e-sinalizacao/00108-display-porta-cartoes-59x80mm-em-acrilico-sem-impressao.webp","8064","3b17247b281b7ffb2e063186416ffdc34d75080cf1acc5025281ba072e3d912b"
"00109","banners-e-sinalizacao","eco banner 700x1000mm em tecido poliester 98g 4x0 impressao ultra hd sublimatica bastao e cordao costurada","00109_524x524-1-eco-banner-700x1000mm-em-tecido-poliester-98g-4x0-impressao-ultra-hd-sublimatica-bastao-e-cordao-costurada_102077_499.we","00109-eco-banner-700x1000mm-em-tecido-poliester-98g-4x0-impre.webp","banners-e-sinalizacao/00109-eco-banner-700x1000mm-em-tecido-poliester-98g-4x0-impre.webp","https://raw.githubusercontent.com/copyeprintlaranjeiras-droid/copy-e-print-assets/main/home/produtos/catalogo-futuraim/banners-e-sinalizacao/00109-eco-banner-700x1000mm-em-tecido-poliester-98g-4x0-impre.webp","5800","dd64a9f5e81945c52c962e23ef97fced14edb1555433157c1a0c723c45a2a20a"
"00110","banners-e-sinalizacao","eco faixa 1000x700mm em tecido poliester 98g 4x0 impressao ultra hd sublimatica bastao e cordao costurada","00110_524x524-1-eco-faixa-1000x700mm-em-tecido-poliester-98g-4x0-impressao-ultra-hd-sublimatica-bastao-e-cordao-costurada_102090_397.web","00110-eco-faixa-1000x700mm-em-tecido-poliester-98g-4x0-impres.webp","banners-e-sinalizacao/00110-eco-faixa-1000x700mm-em-tecido-poliester-98g-4x0-impres.webp","https://raw.githubusercontent.com/copyeprintlaranjeiras-droid/copy-e-print-assets/main/home/produtos/catalogo-futuraim/banners-e-sinalizacao/00110-eco-faixa-1000x700mm-em-tecido-poliester-98g-4x0-impres.webp","5732","138bb039671637807e39e6aacf41211c8ed9fcdd00260fc59c6b9f16bf163582"
"00111","diversos","estojo escolar personalizado 60x200x65mm em tecido cordoba light 4x0 impressao ultra hd sublimatica costura","00111_524x524-1-estojo-escolar-personalizado-60x200x65mm-em-tecido-cordoba-light-4x0-impressao-ultra-hd-sublimatica-costura_129981.webp","00111-estojo-escolar-personalizado-60x200x65mm-em-tecido-cord.webp","diversos/00111-estojo-escolar-personalizado-60x200x65mm-em-tecido-cord.webp","https://raw.githubusercontent.com/copyeprintlaranjeiras-droid/copy-e-print-assets/main/home/produtos/catalogo-futuraim/diversos/00111-estojo-escolar-personalizado-60x200x65mm-em-tecido-cord.webp","12926","8c813832d2a4afdbeb393b213a75d1dfc523d200c8ac1cfc82c4378575b1fcb2"
"00112","banners-e-sinalizacao","expositor display 03 niveis 200x300x1078mm em polionda branca 4mm 750g 4x0 sem enobrecimento corte e vinco digital","00112_524x524-1-expositor-display-03-niveis-200x300x1078mm-em-polionda-branca-4mm-750g-4x0-sem-enobrecimento-corte-e-vinco-digital_11154","00112-expositor-display-03-niveis-200x300x1078mm-em-polionda.webp","banners-e-sinalizacao/00112-expositor-display-03-niveis-200x300x1078mm-em-polionda.webp","https://raw.githubusercontent.com/copyeprintlaranjeiras-droid/copy-e-print-assets/main/home/produtos/catalogo-futuraim/banners-e-sinalizacao/00112-expositor-display-03-niveis-200x300x1078mm-em-polionda.webp","11512","a73f6726d81fd957b76db98e2807a0515e5fcd834b0e5f87bf8e5db268b32c9f"
"00113","banners-e-sinalizacao","expositor display 03 prateleiras 270x500x1500mm em polionda branca 4mm 750g 4x0 sem enobrecimento corte e vinco digital_","00113_524x524-1-expositor-display-03-prateleiras-270x500x1500mm-em-polionda-branca-4mm-750g-4x0-sem-enobrecimento-corte-e-vinco-digital_","00113-expositor-display-03-prateleiras-270x500x1500mm-em-poli.webp","banners-e-sinalizacao/00113-expositor-display-03-prateleiras-270x500x1500mm-em-poli.webp","https://raw.githubusercontent.com/copyeprintlaranjeiras-droid/copy-e-print-assets/main/home/produtos/catalogo-futuraim/banners-e-sinalizacao/00113-expositor-display-03-prateleiras-270x500x1500mm-em-poli.webp","11450","db6e88022a485414c745d39cb0e080729a956eea45c53c985439b32462a979ff"
"00114","diversos","expositor estante 03 prateleiras 207x404x804mm em polionda branca 4mm 750g 4x0 sem enobrecimento corte e vinco digital","00114_524x524-1-expositor-estante-03-prateleiras-207x404x804mm-em-polionda-branca-4mm-750g-4x0-sem-enobrecimento-corte-e-vinco-digital_1","00114-expositor-estante-03-prateleiras-207x404x804mm-em-polio.webp","diversos/00114-expositor-estante-03-prateleiras-207x404x804mm-em-polio.webp","https://raw.githubusercontent.com/copyeprintlaranjeiras-droid/copy-e-print-assets/main/home/produtos/catalogo-futuraim/diversos/00114-expositor-estante-03-prateleiras-207x404x804mm-em-polio.webp","11894","6956d9caf9c935e2400da305cf514dee113deb5baac9e8404a36b8680f057b5a"
"00115","diversos","expositor estante 05 prateleiras 141x304x902mm em polionda branca 4mm 750g 4x0 sem enobrecimento corte e vinco digital","00115_524x524-1-expositor-estante-05-prateleiras-141x304x902mm-em-polionda-branca-4mm-750g-4x0-sem-enobrecimento-corte-e-vinco-digital_1","00115-expositor-estante-05-prateleiras-141x304x902mm-em-polio.webp","diversos/00115-expositor-estante-05-prateleiras-141x304x902mm-em-polio.webp","https://raw.githubusercontent.com/copyeprintlaranjeiras-droid/copy-e-print-assets/main/home/produtos/catalogo-futuraim/diversos/00115-expositor-estante-05-prateleiras-141x304x902mm-em-polio.webp","10700","8a8bcda89fe6f1eb4f5eb4c9bbd5f421d1bed5311a6847186d5e29d3b875fd4f"
"00116","banners-e-sinalizacao","faixa 400x2000mm em lona brilho 340g 4x0 sem enobrecimento bastao cordao e 4 ilhoses","00116_524x524-1-faixa-400x2000mm-em-lona-brilho-340g-4x0-sem-enobrecimento-bastao-cordao-e-4-ilhoses_22873_619.webp","00116-faixa-400x2000mm-em-lona-brilho-340g-4x0-sem-enobrecime.webp","banners-e-sinalizacao/00116-faixa-400x2000mm-em-lona-brilho-340g-4x0-sem-enobrecime.webp","https://raw.githubusercontent.com/copyeprintlaranjeiras-droid/copy-e-print-assets/main/home/produtos/catalogo-futuraim/banners-e-sinalizacao/00116-faixa-400x2000mm-em-lona-brilho-340g-4x0-sem-enobrecime.webp","5124","444230280b7469d94be9a6a824e72a5f05fdd499f0c2f926d057c411b76972fe"
"00117","banners-e-sinalizacao","faixa cachecol 1450x160mm em tecido taffeta 4x0 impressao ultra hd sublimatica costura","00117_524x524-1-faixa-cachecol-1450x160mm-em-tecido-taffeta-4x0-impressao-ultra-hd-sublimatica-costura_135480.webp","00117-faixa-cachecol-1450x160mm-em-tecido-taffeta-4x0-impress.webp","banners-e-sinalizacao/00117-faixa-cachecol-1450x160mm-em-tecido-taffeta-4x0-impress.webp","https://raw.githubusercontent.com/copyeprintlaranjeiras-droid/copy-e-print-assets/main/home/produtos/catalogo-futuraim/banners-e-sinalizacao/00117-faixa-cachecol-1450x160mm-em-tecido-taffeta-4x0-impress.webp","19074","18b949fa867191e09c2a79f74ea71779696bb30bd888b4c4d868566c7089e556"
"00118","banners-e-sinalizacao","faixa de mao personalizada 700x200mm em tecido poliester 98g 4x0 impressao ultra hd sublimatica costura","00118_524x524-1-faixa-de-mao-personalizada-700x200mm-em-tecido-poliester-98g-4x0-impressao-ultra-hd-sublimatica-costura_132883_735.webp","00118-faixa-de-mao-personalizada-700x200mm-em-tecido-polieste.webp","banners-e-sinalizacao/00118-faixa-de-mao-personalizada-700x200mm-em-tecido-polieste.webp","https://raw.githubusercontent.com/copyeprintlaranjeiras-droid/copy-e-print-assets/main/home/produtos/catalogo-futuraim/banners-e-sinalizacao/00118-faixa-de-mao-personalizada-700x200mm-em-tecido-polieste.webp","15618","a42b272b757ef9a0d4ed2ae7373c03959cd474a0b92e0c562b30d1df816b29d1"
"00119","banners-e-sinalizacao","faixa decorativa 1200x150mm em vinil branco fosco 120g 4x0 sem enobrecimento refile","00119_524x524-1-faixa-decorativa-1200x150mm-em-vinil-branco-fosco-120g-4x0-sem-enobrecimento-refile_71659_889.webp","00119-faixa-decorativa-1200x150mm-em-vinil-branco-fosco-120g.webp","banners-e-sinalizacao/00119-faixa-decorativa-1200x150mm-em-vinil-branco-fosco-120g.webp","https://raw.githubusercontent.com/copyeprintlaranjeiras-droid/copy-e-print-assets/main/home/produtos/catalogo-futuraim/banners-e-sinalizacao/00119-faixa-decorativa-1200x150mm-em-vinil-branco-fosco-120g.webp","9764","95afa5ef625dee8674a0b2c79e37810fdca204abe21ab76920a241bda09e3a8b"
"00120","diversos","fita de cetim personalizada 5000x100x15mm em poliester amarelo 1x0 impressao termica rolo 50m largura 15cm","00120_524x524-1-fita-de-cetim-personalizada-5000x100x15mm-em-poliester-amarelo-1x0-impressao-termica-rolo-50m-largura-15cm_122772.webp","00120-fita-de-cetim-personalizada-5000x100x15mm-em-poliester.webp","diversos/00120-fita-de-cetim-personalizada-5000x100x15mm-em-poliester.webp","https://raw.githubusercontent.com/copyeprintlaranjeiras-droid/copy-e-print-assets/main/home/produtos/catalogo-futuraim/diversos/00120-fita-de-cetim-personalizada-5000x100x15mm-em-poliester.webp","8252","edeee0eead11bb20f202a230fb80417663f0967b3fd94760ae87c78b3fbe152a"
"00121","diversos","fita de cetim personalizada 5000x100x15mm em poliester preto 1x0 impressao termica rolo 50m largura 15cm","00121_524x524-1-fita-de-cetim-personalizada-5000x100x15mm-em-poliester-preto-1x0-impressao-termica-rolo-50m-largura-15cm_122799.webp","00121-fita-de-cetim-personalizada-5000x100x15mm-em-poliester.webp","diversos/00121-fita-de-cetim-personalizada-5000x100x15mm-em-poliester.webp","https://raw.githubusercontent.com/copyeprintlaranjeiras-droid/copy-e-print-assets/main/home/produtos/catalogo-futuraim/diversos/00121-fita-de-cetim-personalizada-5000x100x15mm-em-poliester.webp","8594","3a57d7d642ebf922cca2422edf28b8031bc55a2e6c0b3e63255dc6f0d9c9e35f"
"00122","diversos","fone de ouvido 63x63mm em plastico 4x0 sem enobrecimento personalizado","00122_524x524-1-fone-de-ouvido-63x63mm-em-plastico-4x0-sem-enobrecimento-personalizado_33879_699.webp","00122-fone-de-ouvido-63x63mm-em-plastico-4x0-sem-enobreciment.webp","diversos/00122-fone-de-ouvido-63x63mm-em-plastico-4x0-sem-enobreciment.webp","https://raw.githubusercontent.com/copyeprintlaranjeiras-droid/copy-e-print-assets/main/home/produtos/catalogo-futuraim/diversos/00122-fone-de-ouvido-63x63mm-em-plastico-4x0-sem-enobreciment.webp","10544","67db3df1165097b31006c3df5aa3309094c7dad7e7f9ee548d1a48996046d890"
"00123","personalizados-e-brindes","garrafa 500ml 236x236x220mm em plastico cristal rosa 4x0 impressao digital uv modelo padrao","00123_524x524-1-garrafa-500ml-236x236x220mm-em-plastico-cristal-rosa-4x0-impressao-digital-uv-modelo-padrao_93400.webp","00123-garrafa-500ml-236x236x220mm-em-plastico-cristal-rosa-4x.webp","personalizados-e-brindes/00123-garrafa-500ml-236x236x220mm-em-plastico-cristal-rosa-4x.webp","https://raw.githubusercontent.com/copyeprintlaranjeiras-droid/copy-e-print-assets/main/home/produtos/catalogo-futuraim/personalizados-e-brindes/00123-garrafa-500ml-236x236x220mm-em-plastico-cristal-rosa-4x.webp","4864","66605f472b7462a593082f26c3d273a0972f02caf7e678acad4ce754e9622aa5"
"00124","personalizados-e-brindes","garrafa aluminio sem canudo 600ml 73x210mm em garrafa aluminio sem canudo 600ml rose 1x0 gravacao laser modelo padrao","00124_524x524-1-garrafa-aluminio-sem-canudo-600ml-73x210mm-em-garrafa-aluminio-sem-canudo-600ml-rose-1x0-gravacao-laser-modelo-padrao_13","00124-garrafa-aluminio-sem-canudo-600ml-73x210mm-em-garrafa-a.webp","personalizados-e-brindes/00124-garrafa-aluminio-sem-canudo-600ml-73x210mm-em-garrafa-a.webp","https://raw.githubusercontent.com/copyeprintlaranjeiras-droid/copy-e-print-assets/main/home/produtos/catalogo-futuraim/personalizados-e-brindes/00124-garrafa-aluminio-sem-canudo-600ml-73x210mm-em-garrafa-a.webp","5180","a28834ab50a542ad70dcde1ae58264ebcc4aa433829631563c191f5f088b389c"
"00125","personalizados-e-brindes","garrafa termica 500ml 71x71x265mm em aco inox branco 1x0 gravacao laser modelo padrao","00125_524x524-1-garrafa-termica-500ml-71x71x265mm-em-aco-inox-branco-1x0-gravacao-laser-modelo-padrao_93716.webp","00125-garrafa-termica-500ml-71x71x265mm-em-aco-inox-branco-1x.webp","personalizados-e-brindes/00125-garrafa-termica-500ml-71x71x265mm-em-aco-inox-branco-1x.webp","https://raw.githubusercontent.com/copyeprintlaranjeiras-droid/copy-e-print-assets/main/home/produtos/catalogo-futuraim/personalizados-e-brindes/00125-garrafa-termica-500ml-71x71x265mm-em-aco-inox-branco-1x.webp","3292","944cbccfc2c17b053236c76240c37217a7559d84de9c0452caac7aed328818ba"
"00126","personalizados-e-brindes","garrafa termica flip straw 900ml com tampa e canudo 100x270mm em aco inox azul claro 1x0 gravacao laser modelo padrao","00126_524x524-1-garrafa-termica-flip-straw-900ml-com-tampa-e-canudo-100x270mm-em-aco-inox-azul-claro-1x0-gravacao-laser-modelo-padrao_93","00126-garrafa-termica-flip-straw-900ml-com-tampa-e-canudo-100.webp","personalizados-e-brindes/00126-garrafa-termica-flip-straw-900ml-com-tampa-e-canudo-100.webp","https://raw.githubusercontent.com/copyeprintlaranjeiras-droid/copy-e-print-assets/main/home/produtos/catalogo-futuraim/personalizados-e-brindes/00126-garrafa-termica-flip-straw-900ml-com-tampa-e-canudo-100.webp","4914","f4b468686ac41353f65c604d6e1d95c154eade1d34381bdcb9b9c1f8dc6e8c13"
"00127","personalizados-e-brindes","guarda chuva personalizado 1260x940mm em nylon roxo 5x0 impressao dtf textil modelo padrao","00127_524x524-1-guarda-chuva-personalizado-1260x940mm-em-nylon-roxo-5x0-impressao-dtf-textil-modelo-padrao_376671.webp","00127-guarda-chuva-personalizado-1260x940mm-em-nylon-roxo-5x0.webp","personalizados-e-brindes/00127-guarda-chuva-personalizado-1260x940mm-em-nylon-roxo-5x0.webp","https://raw.githubusercontent.com/copyeprintlaranjeiras-droid/copy-e-print-assets/main/home/produtos/catalogo-futuraim/personalizados-e-brindes/00127-guarda-chuva-personalizado-1260x940mm-em-nylon-roxo-5x0.webp","6826","3f63c331a8234bffd48b843a0fbbeca2dd28081975236e998fce3ca1c6624cd5"
"00128","diversos","jaqueta corta vento boss 540x690mm em tecido tactel 4x0 impressao ultra hd sublimatica tamanho p costura","00128_524x524-1-jaqueta-corta-vento-boss-540x690mm-em-tecido-tactel-4x0-impressao-ultra-hd-sublimatica-tamanho-p-costura_116554.webp","00128-jaqueta-corta-vento-boss-540x690mm-em-tecido-tactel-4x0.webp","diversos/00128-jaqueta-corta-vento-boss-540x690mm-em-tecido-tactel-4x0.webp","https://raw.githubusercontent.com/copyeprintlaranjeiras-droid/copy-e-print-assets/main/home/produtos/catalogo-futuraim/diversos/00128-jaqueta-corta-vento-boss-540x690mm-em-tecido-tactel-4x0.webp","18584","3ac06b19e74b6fb9118df1ee306586788291562b4b1983170a6e3c4269493132"
"00129","diversos","jaqueta corta vento misty 540x690mm em tecido tactel 4x0 impressao ultra hd sublimatica tamanho p costura","00129_524x524-1-jaqueta-corta-vento-misty-540x690mm-em-tecido-tactel-4x0-impressao-ultra-hd-sublimatica-tamanho-p-costura_119135.webp","00129-jaqueta-corta-vento-misty-540x690mm-em-tecido-tactel-4x.webp","diversos/00129-jaqueta-corta-vento-misty-540x690mm-em-tecido-tactel-4x.webp","https://raw.githubusercontent.com/copyeprintlaranjeiras-droid/copy-e-print-assets/main/home/produtos/catalogo-futuraim/diversos/00129-jaqueta-corta-vento-misty-540x690mm-em-tecido-tactel-4x.webp","15132","46fbd5df4b8a6b1783d5961927f3b8eef5033ea0b142c91a4aff04b0779b62a8"
"00130","diversos","kit churrasco personalizado 5 pecas 38x111x354mm em talheres aco inox estojo nylon 1x0 gravacao laser modelo padrao","00130_524x524-1-kit-churrasco-personalizado-5-pecas-38x111x354mm-em-talheres-aco-inox-estojo-nylon-1x0-gravacao-laser-modelo-padrao_1311","00130-kit-churrasco-personalizado-5-pecas-38x111x354mm-em-tal.webp","diversos/00130-kit-churrasco-personalizado-5-pecas-38x111x354mm-em-tal.webp","https://raw.githubusercontent.com/copyeprintlaranjeiras-droid/copy-e-print-assets/main/home/produtos/catalogo-futuraim/diversos/00130-kit-churrasco-personalizado-5-pecas-38x111x354mm-em-tal.webp","14508","df4bd5fb6c5e5157d461342ebc7470d65520c5ddac89e28cb8bdaf6e2d6908bd"
"00131","calendarios-e-agendas","kit de amostra agenda escolar 145x205mm em pasta 250g 4x0 sem enobrecimento modelo padrao","00131_524x524-1-kit-de-amostra-agenda-escolar-145x205mm-em-pasta-250g-4x0-sem-enobrecimento-modelo-padrao_14652.webp","00131-kit-de-amostra-agenda-escolar-145x205mm-em-pasta-250g-4.webp","calendarios-e-agendas/00131-kit-de-amostra-agenda-escolar-145x205mm-em-pasta-250g-4.webp","https://raw.githubusercontent.com/copyeprintlaranjeiras-droid/copy-e-print-assets/main/home/produtos/catalogo-futuraim/calendarios-e-agendas/00131-kit-de-amostra-agenda-escolar-145x205mm-em-pasta-250g-4.webp","25208","2983bce55ee407b9e5ae57b11f46d2e5b85ba933ef705bfc7807f4b8523b5fcf"
"00132","diversos","kit de amostra bijuterias 199x283mm em pasta 250g 4x0 sem enobrecimento modelo padrao","00132_524x524-1-kit-de-amostra-bijuterias-199x283mm-em-pasta-250g-4x0-sem-enobrecimento-modelo-padrao_48798_427.webp","00132-kit-de-amostra-bijuterias-199x283mm-em-pasta-250g-4x0-s.webp","diversos/00132-kit-de-amostra-bijuterias-199x283mm-em-pasta-250g-4x0-s.webp","https://raw.githubusercontent.com/copyeprintlaranjeiras-droid/copy-e-print-assets/main/home/produtos/catalogo-futuraim/diversos/00132-kit-de-amostra-bijuterias-199x283mm-em-pasta-250g-4x0-s.webp","14546","717ef6ed6ea27558278996404521ac5ccce1d8f9d936367d0455972a79f994f8"
"00133","calendarios-e-agendas","kit de amostra caderno personalizado 200x275mm em sulfite 75g 4x0 sem enobrecimento contem modelo laranja e modelo azul_","00133_524x524-1-kit-de-amostra-caderno-personalizado-200x275mm-em-sulfite-75g-4x0-sem-enobrecimento-contem-modelo-laranja-e-modelo-azul_","00133-kit-de-amostra-caderno-personalizado-200x275mm-em-sulfi.webp","calendarios-e-agendas/00133-kit-de-amostra-caderno-personalizado-200x275mm-em-sulfi.webp","https://raw.githubusercontent.com/copyeprintlaranjeiras-droid/copy-e-print-assets/main/home/produtos/catalogo-futuraim/calendarios-e-agendas/00133-kit-de-amostra-caderno-personalizado-200x275mm-em-sulfi.webp","12586","e81491977cd3faf0a084de822ef432bd66170ac7282295235051855ff2abd8d6"
"00134","embalagens","kit de amostra caixa almofada 225x310mm em pasta 250g 4x0 sem enobrecimento","00134_524x524-1-kit-de-amostra-caixa-almofada-225x310mm-em-pasta-250g-4x0-sem-enobrecimento_28638_221.webp","00134-kit-de-amostra-caixa-almofada-225x310mm-em-pasta-250g-4.webp","embalagens/00134-kit-de-amostra-caixa-almofada-225x310mm-em-pasta-250g-4.webp","https://raw.githubusercontent.com/copyeprintlaranjeiras-droid/copy-e-print-assets/main/home/produtos/catalogo-futuraim/embalagens/00134-kit-de-amostra-caixa-almofada-225x310mm-em-pasta-250g-4.webp","29546","1a4b8a52fe3b5b19dc5362d2251afe3dc8437ee7f66d3cb23791c5cf0030824b"
"00135","calendarios-e-agendas","kit de amostra calendarios e folhinhas 225x310mm em pasta 250g 4x0 sem enobrecimento modelo padrao","00135_524x524-1-kit-de-amostra-calendarios-e-folhinhas-225x310mm-em-pasta-250g-4x0-sem-enobrecimento-modelo-padrao_16277_870.webp","00135-kit-de-amostra-calendarios-e-folhinhas-225x310mm-em-pas.webp","calendarios-e-agendas/00135-kit-de-amostra-calendarios-e-folhinhas-225x310mm-em-pas.webp","https://raw.githubusercontent.com/copyeprintlaranjeiras-droid/copy-e-print-assets/main/home/produtos/catalogo-futuraim/calendarios-e-agendas/00135-kit-de-amostra-calendarios-e-folhinhas-225x310mm-em-pas.webp","24048","c7ab7633a5e213c6923c49e5b749232255691d53716b16e2bee718f8f4973786"
"00136","vestuario","kit de amostra camisetas 210x297mm em algodao 100g 4x0 meio corte personalizado contem modelo pmgxg","00136_524x524-1-kit-de-amostra-camisetas-210x297mm-em-algodao-100g-4x0-meio-corte-personalizado-contem-modelo-pmgxg_15850_243.webp","00136-kit-de-amostra-camisetas-210x297mm-em-algodao-100g-4x0.webp","vestuario/00136-kit-de-amostra-camisetas-210x297mm-em-algodao-100g-4x0.webp","https://raw.githubusercontent.com/copyeprintlaranjeiras-droid/copy-e-print-assets/main/home/produtos/catalogo-futuraim/vestuario/00136-kit-de-amostra-camisetas-210x297mm-em-algodao-100g-4x0.webp","13302","85723fb446b631db35306bed7e4856b616075eb83b6a6ef6d62bbbffe94fffc9"
"00137","diversos","kit de amostra odontologico 225x310mm em pasta 250g 4x0 sem enobrecimento modelo padrao","00137_524x524-1-kit-de-amostra-odontologico-225x310mm-em-pasta-250g-4x0-sem-enobrecimento-modelo-padrao_25665_409.webp","00137-kit-de-amostra-odontologico-225x310mm-em-pasta-250g-4x0.webp","diversos/00137-kit-de-amostra-odontologico-225x310mm-em-pasta-250g-4x0.webp","https://raw.githubusercontent.com/copyeprintlaranjeiras-droid/copy-e-print-assets/main/home/produtos/catalogo-futuraim/diversos/00137-kit-de-amostra-odontologico-225x310mm-em-pasta-250g-4x0.webp","16808","8a27f7427efffdb29e3b0beef4fab0a0378800e1bc115bb51f6679bbd1b2953f"
"00138","diversos","kit de amostra revendedor 225x310mm em pasta 250g 4x0 sem enobrecimento modelo padrao","00138_524x524-1-kit-de-amostra-revendedor-225x310mm-em-pasta-250g-4x0-sem-enobrecimento-modelo-padrao_25264_923.webp","00138-kit-de-amostra-revendedor-225x310mm-em-pasta-250g-4x0-s.webp","diversos/00138-kit-de-amostra-revendedor-225x310mm-em-pasta-250g-4x0-s.webp","https://raw.githubusercontent.com/copyeprintlaranjeiras-droid/copy-e-print-assets/main/home/produtos/catalogo-futuraim/diversos/00138-kit-de-amostra-revendedor-225x310mm-em-pasta-250g-4x0-s.webp","10340","67b7a07a83395b45ad75adbd61cd7f6b159b84dab3c60ecfee5a0015b48521a4"
"00139","cartoes-e-papelaria","kit de amostra tag personalizada 60x35x90mm em diversos 4x4 sem enobrecimento modelo padrao","00139_524x524-1-kit-de-amostra-tag-personalizada-60x35x90mm-em-diversos-4x4-sem-enobrecimento-modelo-padrao_58490_545.webp","00139-kit-de-amostra-tag-personalizada-60x35x90mm-em-diversos.webp","cartoes-e-papelaria/00139-kit-de-amostra-tag-personalizada-60x35x90mm-em-diversos.webp","https://raw.githubusercontent.com/copyeprintlaranjeiras-droid/copy-e-print-assets/main/home/produtos/catalogo-futuraim/cartoes-e-papelaria/00139-kit-de-amostra-tag-personalizada-60x35x90mm-em-diversos.webp","11956","46000e03dbfee9a696783a72e6e59e61a02f013d2bf232909efe91e9063ceda7"
"00140","adesivos-e-rotulos","kit de etiquetas para material escolar 218x318mm em vinil branco brilho 120g 4x0 sem enobrecimento meio corte padrao","00140_524x524-1-kit-de-etiquetas-para-material-escolar-218x318mm-em-vinil-branco-brilho-120g-4x0-sem-enobrecimento-meio-corte-padrao_510","00140-kit-de-etiquetas-para-material-escolar-218x318mm-em-vin.webp","adesivos-e-rotulos/00140-kit-de-etiquetas-para-material-escolar-218x318mm-em-vin.webp","https://raw.githubusercontent.com/copyeprintlaranjeiras-droid/copy-e-print-assets/main/home/produtos/catalogo-futuraim/adesivos-e-rotulos/00140-kit-de-etiquetas-para-material-escolar-218x318mm-em-vin.webp","46574","4fa83b6be51ac730676af97814662e744f4df92946e956156dd3805ba789f6b3"
"00141","festas-e-eventos","kit festa personalizado 1500x1500mm em tecido helanca light 4x0 sem enobrecimento costura overloque com elastico embalag","00141_524x524-1-kit-festa-personalizado-1500x1500mm-em-tecido-helanca-light-4x0-sem-enobrecimento-costura-overloque-com-elastico-embalag","00141-kit-festa-personalizado-1500x1500mm-em-tecido-helanca-l.webp","festas-e-eventos/00141-kit-festa-personalizado-1500x1500mm-em-tecido-helanca-l.webp","https://raw.githubusercontent.com/copyeprintlaranjeiras-droid/copy-e-print-assets/main/home/produtos/catalogo-futuraim/festas-e-eventos/00141-kit-festa-personalizado-1500x1500mm-em-tecido-helanca-l.webp","16690","2023b9aff90e09a1175c66f7a42b8190ec28f57848a4c70563d4d018b3d79182"
"00142","diversos","kit marca texto multicores 40x55mm em plastico 4x0 sem enobrecimento personalizado","00142_524x524-1-kit-marca-texto-multicores-40x55mm-em-plastico-4x0-sem-enobrecimento-personalizado_31169_346.webp","00142-kit-marca-texto-multicores-40x55mm-em-plastico-4x0-sem.webp","diversos/00142-kit-marca-texto-multicores-40x55mm-em-plastico-4x0-sem.webp","https://raw.githubusercontent.com/copyeprintlaranjeiras-droid/copy-e-print-assets/main/home/produtos/catalogo-futuraim/diversos/00142-kit-marca-texto-multicores-40x55mm-em-plastico-4x0-sem.webp","8418","3ec7898b385d4383173683ba86d6c449e66cc207dbdf61981c63d7a9ad433f98"
"00143","calendarios-e-agendas","livro de colorir a5 caderno de desenho pintura 210x148mm em capa dura e miolo em sulfite 180g 1x0 laminacao fosca frente","00143_524x524-1-livro-de-colorir-a5-caderno-de-desenho-pintura-210x148mm-em-capa-dura-e-miolo-em-sulfite-180g-1x0-laminacao-fosca-frente","00143-livro-de-colorir-a5-caderno-de-desenho-pintura-210x148m.webp","calendarios-e-agendas/00143-livro-de-colorir-a5-caderno-de-desenho-pintura-210x148m.webp","https://raw.githubusercontent.com/copyeprintlaranjeiras-droid/copy-e-print-assets/main/home/produtos/catalogo-futuraim/calendarios-e-agendas/00143-livro-de-colorir-a5-caderno-de-desenho-pintura-210x148m.webp","17578","aeb31af89c37880d6f7f2a86c49b0b0c7b3e2dc732d3699e9ee4cd037225a594"
"00144","calendarios-e-agendas","livro de colorir a5 caderno de desenho pintura conjunto caneta marcador ponta dupla 48 cores 210x148mm em capa dura e mi","00144_524x524-1-livro-de-colorir-a5-caderno-de-desenho-pintura-conjunto-caneta-marcador-ponta-dupla-48-cores-210x148mm-em-capa-dura-e-mi","00144-livro-de-colorir-a5-caderno-de-desenho-pintura-conjunto.webp","calendarios-e-agendas/00144-livro-de-colorir-a5-caderno-de-desenho-pintura-conjunto.webp","https://raw.githubusercontent.com/copyeprintlaranjeiras-droid/copy-e-print-assets/main/home/produtos/catalogo-futuraim/calendarios-e-agendas/00144-livro-de-colorir-a5-caderno-de-desenho-pintura-conjunto.webp","23150","d0523b1f9f6e5e84b9415471c7fc62ef98e89cd2af54481568c25b6f8d7e2351"
"00145","personalizados-e-brindes","livro de colorir tipo bobbie goods conjunto canetas permanente 48 cores copa 210x148mm em capa dura e miolo em sulfite 1","00145_524x524-1-livro-de-colorir-tipo-bobbie-goods-conjunto-canetas-permanente-48-cores-copa-210x148mm-em-capa-dura-e-miolo-em-sulfite-1","00145-livro-de-colorir-tipo-bobbie-goods-conjunto-canetas-per.webp","personalizados-e-brindes/00145-livro-de-colorir-tipo-bobbie-goods-conjunto-canetas-per.webp","https://raw.githubusercontent.com/copyeprintlaranjeiras-droid/copy-e-print-assets/main/home/produtos/catalogo-futuraim/personalizados-e-brindes/00145-livro-de-colorir-tipo-bobbie-goods-conjunto-canetas-per.webp","25790","2d102a5934fb33813f747846a5d3e34290137d19f9df6bee7b64eb73ef44a08d"
"00146","banners-e-sinalizacao","lona 400x600mm em lona brilho 340g 4x0 sem enobrecimento sem acabamento","00146_524x524-1-lona-400x600mm-em-lona-brilho-340g-4x0-sem-enobrecimento-sem-acabamento_23120_627.webp","00146-lona-400x600mm-em-lona-brilho-340g-4x0-sem-enobreciment.webp","banners-e-sinalizacao/00146-lona-400x600mm-em-lona-brilho-340g-4x0-sem-enobreciment.webp","https://raw.githubusercontent.com/copyeprintlaranjeiras-droid/copy-e-print-assets/main/home/produtos/catalogo-futuraim/banners-e-sinalizacao/00146-lona-400x600mm-em-lona-brilho-340g-4x0-sem-enobreciment.webp","9278","1ae4dde9fb12e8a9650ba56a3ac11682105111005bc5ac15d705135833cc8ed0"
"00147","diversos","manta magnetica adesivada folha 1000x300mm em manta magnetica 03mm 1665g sem impressao sem enobrecimento modelo padrao","00147_524x524-1-manta-magnetica-adesivada-folha-1000x300mm-em-manta-magnetica-03mm-1665g-sem-impressao-sem-enobrecimento-modelo-padrao_7","00147-manta-magnetica-adesivada-folha-1000x300mm-em-manta-mag.webp","diversos/00147-manta-magnetica-adesivada-folha-1000x300mm-em-manta-mag.webp","https://raw.githubusercontent.com/copyeprintlaranjeiras-droid/copy-e-print-assets/main/home/produtos/catalogo-futuraim/diversos/00147-manta-magnetica-adesivada-folha-1000x300mm-em-manta-mag.webp","6104","15b682efe2b09202a0ac6601e8372b73f18420bbeb1003994f2f74501cc6af7b"
"00148","embalagens","mochila saco personalizada 330x400mm em tecido taffeta 4x0 impressao ultra hd sublimatica costura","00148_524x524-1-mochila-saco-personalizada-330x400mm-em-tecido-taffeta-4x0-impressao-ultra-hd-sublimatica-costura_140135.webp","00148-mochila-saco-personalizada-330x400mm-em-tecido-taffeta.webp","embalagens/00148-mochila-saco-personalizada-330x400mm-em-tecido-taffeta.webp","https://raw.githubusercontent.com/copyeprintlaranjeiras-droid/copy-e-print-assets/main/home/produtos/catalogo-futuraim/embalagens/00148-mochila-saco-personalizada-330x400mm-em-tecido-taffeta.webp","10774","342cb8577240871686cd93c9fd7662ec1ae7451896f46e2f558698fe6abb5433"
"00149","embalagens","mochila saco personalizada 350x450mm em tecido cordoba light 1x0 impressao ultra hd sublimatica costura","00149_524x524-1-mochila-saco-personalizada-350x450mm-em-tecido-cordoba-light-1x0-impressao-ultra-hd-sublimatica-costura_120203.webp","00149-mochila-saco-personalizada-350x450mm-em-tecido-cordoba.webp","embalagens/00149-mochila-saco-personalizada-350x450mm-em-tecido-cordoba.webp","https://raw.githubusercontent.com/copyeprintlaranjeiras-droid/copy-e-print-assets/main/home/produtos/catalogo-futuraim/embalagens/00149-mochila-saco-personalizada-350x450mm-em-tecido-cordoba.webp","23288","4e0e7259242b9960591540e1f6f3aec434f4bd51874ca41e905cd5ebddbe2f27"
"00150","diversos","moletom canguru 610x665mm em tecido moletom flanelado 4x0 impressao ultra hd sublimatica tamanho p costura blusa canguru","00150_524x524-1-moletom-canguru-610x665mm-em-tecido-moletom-flanelado-4x0-impressao-ultra-hd-sublimatica-tamanho-p-costura-blusa-canguru","00150-moletom-canguru-610x665mm-em-tecido-moletom-flanelado-4.webp","diversos/00150-moletom-canguru-610x665mm-em-tecido-moletom-flanelado-4.webp","https://raw.githubusercontent.com/copyeprintlaranjeiras-droid/copy-e-print-assets/main/home/produtos/catalogo-futuraim/diversos/00150-moletom-canguru-610x665mm-em-tecido-moletom-flanelado-4.webp","14738","8d89d08add76a5d5e8aa40709b7d0148dcb3cce8b0ac155c031434e3125bd7c3"
"00151","embalagens","mouse pad gamer 600x300mm em neoplex smooth 4x0 impressao ultra hd sublimatica embalagem individual faca padrao","00151_524x524-1-mouse-pad-gamer-600x300mm-em-neoplex-smooth-4x0-impressao-ultra-hd-sublimatica-embalagem-individual-faca-padrao_107741.w","00151-mouse-pad-gamer-600x300mm-em-neoplex-smooth-4x0-impress.webp","embalagens/00151-mouse-pad-gamer-600x300mm-em-neoplex-smooth-4x0-impress.webp","https://raw.githubusercontent.com/copyeprintlaranjeiras-droid/copy-e-print-assets/main/home/produtos/catalogo-futuraim/embalagens/00151-mouse-pad-gamer-600x300mm-em-neoplex-smooth-4x0-impress.webp","11464","83f186de9bc9ae48fa9e109ad86047701bcc1d85272b17d85ee0891e5c997c7a"
"00152","embalagens","mouse pad personalizado 230x175mm em neoplex smooth 4x0 impressao ultra hd sublimatica embalagem individual faca padrao_","00152_524x524-1-mouse-pad-personalizado-230x175mm-em-neoplex-smooth-4x0-impressao-ultra-hd-sublimatica-embalagem-individual-faca-padrao_","00152-mouse-pad-personalizado-230x175mm-em-neoplex-smooth-4x0.webp","embalagens/00152-mouse-pad-personalizado-230x175mm-em-neoplex-smooth-4x0.webp","https://raw.githubusercontent.com/copyeprintlaranjeiras-droid/copy-e-print-assets/main/home/produtos/catalogo-futuraim/embalagens/00152-mouse-pad-personalizado-230x175mm-em-neoplex-smooth-4x0.webp","4338","afd20646ea4efb3147bfb44b6e69490fa6c90669f8ea9050619197bea256c592"
"00153","embalagens","mouse pad personalizado 230x175mm em neoplex smooth 4x0 impressao ultra hd sublimatica embalagem individual faca padrao_","00153_524x524-1-mouse-pad-personalizado-230x175mm-em-neoplex-smooth-4x0-impressao-ultra-hd-sublimatica-embalagem-individual-faca-padrao_","00153-mouse-pad-personalizado-230x175mm-em-neoplex-smooth-4x0.webp","embalagens/00153-mouse-pad-personalizado-230x175mm-em-neoplex-smooth-4x0.webp","https://raw.githubusercontent.com/copyeprintlaranjeiras-droid/copy-e-print-assets/main/home/produtos/catalogo-futuraim/embalagens/00153-mouse-pad-personalizado-230x175mm-em-neoplex-smooth-4x0.webp","6016","7618fabbf3708e714942219934991d210e99095b792cd36ac16cc3b210208f22"
"00154","diversos","necessaire personalizado com forro 100x200x110mm em tecido cordoba light 4x0 impressao ultra hd sublimatica costura","00154_524x524-1-necessaire-personalizado-com-forro-100x200x110mm-em-tecido-cordoba-light-4x0-impressao-ultra-hd-sublimatica-costura_1233","00154-necessaire-personalizado-com-forro-100x200x110mm-em-tec.webp","diversos/00154-necessaire-personalizado-com-forro-100x200x110mm-em-tec.webp","https://raw.githubusercontent.com/copyeprintlaranjeiras-droid/copy-e-print-assets/main/home/produtos/catalogo-futuraim/diversos/00154-necessaire-personalizado-com-forro-100x200x110mm-em-tec.webp","19330","9055cab5f10a1ed15bd9725005a4bc6cb06b0b01908bc89c3d3a98dfff03c44b"
"00155","banners-e-sinalizacao","painel em lona personalizado 500x350mm em lona brilho 340g 4x0 sem enobrecimento 4 ilhoses","00155_524x524-1-painel-em-lona-personalizado-500x350mm-em-lona-brilho-340g-4x0-sem-enobrecimento-4-ilhoses_105048.webp","00155-painel-em-lona-personalizado-500x350mm-em-lona-brilho-3.webp","banners-e-sinalizacao/00155-painel-em-lona-personalizado-500x350mm-em-lona-brilho-3.webp","https://raw.githubusercontent.com/copyeprintlaranjeiras-droid/copy-e-print-assets/main/home/produtos/catalogo-futuraim/banners-e-sinalizacao/00155-painel-em-lona-personalizado-500x350mm-em-lona-brilho-3.webp","18328","30af61f17b17c2805f41827bf75bb995ef1cac26df97e2e5c2d461354cc432b5"
"00156","festas-e-eventos","painel festa personalizado 1580x1580mm em tecido helanca light 4x0 sem enobrecimento costura overloque com elastico emba","00156_524x524-1-painel-festa-personalizado-1580x1580mm-em-tecido-helanca-light-4x0-sem-enobrecimento-costura-overloque-com-elastico-emba","00156-painel-festa-personalizado-1580x1580mm-em-tecido-helanc.webp","festas-e-eventos/00156-painel-festa-personalizado-1580x1580mm-em-tecido-helanc.webp","https://raw.githubusercontent.com/copyeprintlaranjeiras-droid/copy-e-print-assets/main/home/produtos/catalogo-futuraim/festas-e-eventos/00156-painel-festa-personalizado-1580x1580mm-em-tecido-helanc.webp","15896","e35f38554eb03c0faeac3422fd419051ba34f4a4fb6c9eb9cd53908c9c9875f5"
"00157","cartoes-e-papelaria","papel de parede 700x1000mm em vinil branco fosco 120g 4x0 sem enobrecimento refile","00157_524x524-1-papel-de-parede-700x1000mm-em-vinil-branco-fosco-120g-4x0-sem-enobrecimento-refile_50354_96.webp","00157-papel-de-parede-700x1000mm-em-vinil-branco-fosco-120g-4.webp","cartoes-e-papelaria/00157-papel-de-parede-700x1000mm-em-vinil-branco-fosco-120g-4.webp","https://raw.githubusercontent.com/copyeprintlaranjeiras-droid/copy-e-print-assets/main/home/produtos/catalogo-futuraim/cartoes-e-papelaria/00157-papel-de-parede-700x1000mm-em-vinil-branco-fosco-120g-4.webp","31158","0f317eabb9ddcbd8d4d50a8b3a3f813f53b200fac8f095903dd148c2747678fb"
"00158","adesivos-e-rotulos","pastilha adesiva resinada 250x74mm em vinil adesivo branco brilho 120g 4x0 resina pu cristal refile","00158_524x524-1-pastilha-adesiva-resinada-250x74mm-em-vinil-adesivo-branco-brilho-120g-4x0-resina-pu-cristal-refile_94345.webp","00158-pastilha-adesiva-resinada-250x74mm-em-vinil-adesivo-bra.webp","adesivos-e-rotulos/00158-pastilha-adesiva-resinada-250x74mm-em-vinil-adesivo-bra.webp","https://raw.githubusercontent.com/copyeprintlaranjeiras-droid/copy-e-print-assets/main/home/produtos/catalogo-futuraim/adesivos-e-rotulos/00158-pastilha-adesiva-resinada-250x74mm-em-vinil-adesivo-bra.webp","46552","69210de50f33fd62bf484d066826fa42fbc1853a85e8945cc1e401672971b781"
"00159","banners-e-sinalizacao","placa de mao 970x620mm em polionda branca 4mm 750g 4x0 impressao digital uv corte personalizado suporte mao transparente","00159_524x524-1-placa-de-mao-970x620mm-em-polionda-branca-4mm-750g-4x0-impressao-digital-uv-corte-personalizado-suporte-mao-transparente","00159-placa-de-mao-970x620mm-em-polionda-branca-4mm-750g-4x0.webp","banners-e-sinalizacao/00159-placa-de-mao-970x620mm-em-polionda-branca-4mm-750g-4x0.webp","https://raw.githubusercontent.com/copyeprintlaranjeiras-droid/copy-e-print-assets/main/home/produtos/catalogo-futuraim/banners-e-sinalizacao/00159-placa-de-mao-970x620mm-em-polionda-branca-4mm-750g-4x0.webp","14956","b8713b129eba96b9dcf8cf162b41428bd085fd16b35e00c945c30838c098e59a"
"00160","banners-e-sinalizacao","placa de sinalizacao 105x148mm em pvcpspet branco 03mm 4x0 sem enobrecimento 4 cantos arredondados","00160_524x524-1-placa-de-sinalizacao-105x148mm-em-pvcpspet-branco-03mm-4x0-sem-enobrecimento-4-cantos-arredondados_15904.webp","00160-placa-de-sinalizacao-105x148mm-em-pvcpspet-branco-03mm.webp","banners-e-sinalizacao/00160-placa-de-sinalizacao-105x148mm-em-pvcpspet-branco-03mm.webp","https://raw.githubusercontent.com/copyeprintlaranjeiras-droid/copy-e-print-assets/main/home/produtos/catalogo-futuraim/banners-e-sinalizacao/00160-placa-de-sinalizacao-105x148mm-em-pvcpspet-branco-03mm.webp","15540","c8e3a48709f23ed3fec84518e692f304f54a5fda97ad7f0e912559bac4a142fe"
"00161","adesivos-e-rotulos","placa fosforescente personalizada 105x148mm em pvcpspet branco 1mm 4x0 laminacao adesivo fosforescente corte padrao","00161_524x524-1-placa-fosforescente-personalizada-105x148mm-em-pvcpspet-branco-1mm-4x0-laminacao-adesivo-fosforescente-corte-padrao_1328","00161-placa-fosforescente-personalizada-105x148mm-em-pvcpspet.webp","adesivos-e-rotulos/00161-placa-fosforescente-personalizada-105x148mm-em-pvcpspet.webp","https://raw.githubusercontent.com/copyeprintlaranjeiras-droid/copy-e-print-assets/main/home/produtos/catalogo-futuraim/adesivos-e-rotulos/00161-placa-fosforescente-personalizada-105x148mm-em-pvcpspet.webp","4392","3454e6122b3d9925519b0eb845c324cedc116d644e4c8894cb173dd2bef2b26a"
"00162","banners-e-sinalizacao","placa imobiliaria 400x300mm em pvcpspet branco 2mm 4x0 impressao digital uv modelo padrao","00162_524x524-1-placa-imobiliaria-400x300mm-em-pvcpspet-branco-2mm-4x0-impressao-digital-uv-modelo-padrao_111175.webp","00162-placa-imobiliaria-400x300mm-em-pvcpspet-branco-2mm-4x0.webp","banners-e-sinalizacao/00162-placa-imobiliaria-400x300mm-em-pvcpspet-branco-2mm-4x0.webp","https://raw.githubusercontent.com/copyeprintlaranjeiras-droid/copy-e-print-assets/main/home/produtos/catalogo-futuraim/banners-e-sinalizacao/00162-placa-imobiliaria-400x300mm-em-pvcpspet-branco-2mm-4x0.webp","48268","247dfe66645fdf2f62a6ba7ac72e1d4d479e443c8beb64e22c84889fb05ad643"
"00163","banners-e-sinalizacao","placa imobiliaria polionda 400x300mm em polionda branca 750g 4x0 sem enobrecimento refile","00163_524x524-1-placa-imobiliaria-polionda-400x300mm-em-polionda-branca-750g-4x0-sem-enobrecimento-refile_95134.webp","00163-placa-imobiliaria-polionda-400x300mm-em-polionda-branca.webp","banners-e-sinalizacao/00163-placa-imobiliaria-polionda-400x300mm-em-polionda-branca.webp","https://raw.githubusercontent.com/copyeprintlaranjeiras-droid/copy-e-print-assets/main/home/produtos/catalogo-futuraim/banners-e-sinalizacao/00163-placa-imobiliaria-polionda-400x300mm-em-polionda-branca.webp","19954","d3c65c213a95cf82bdd60848b4e497057a804ac5bfc359d5effee5755177ca1c"
"00164","banners-e-sinalizacao","placa la vem a noiva 310x400mm em perolizado 180g 4x4 sem enobrecimento refile","00164_524x524-1-placa-la-vem-a-noiva-310x400mm-em-perolizado-180g-4x4-sem-enobrecimento-refile_12896.webp","00164-placa-la-vem-a-noiva-310x400mm-em-perolizado-180g-4x4-s.webp","banners-e-sinalizacao/00164-placa-la-vem-a-noiva-310x400mm-em-perolizado-180g-4x4-s.webp","https://raw.githubusercontent.com/copyeprintlaranjeiras-droid/copy-e-print-assets/main/home/produtos/catalogo-futuraim/banners-e-sinalizacao/00164-placa-la-vem-a-noiva-310x400mm-em-perolizado-180g-4x4-s.webp","8296","712b57937db862930333dfa226b3f61a14e936b4d08fe586497483550decab35"
"00165","banners-e-sinalizacao","placa para porta e recepcao 350x250mm em placa de acrilico transparente 3mm 4x0 impressao dtf uv com verniz kit para ins","00165_524x524-1-placa-para-porta-e-recepcao-350x250mm-em-placa-de-acrilico-transparente-3mm-4x0-impressao-dtf-uv-com-verniz-kit-para-ins","00165-placa-para-porta-e-recepcao-350x250mm-em-placa-de-acril.webp","banners-e-sinalizacao/00165-placa-para-porta-e-recepcao-350x250mm-em-placa-de-acril.webp","https://raw.githubusercontent.com/copyeprintlaranjeiras-droid/copy-e-print-assets/main/home/produtos/catalogo-futuraim/banners-e-sinalizacao/00165-placa-para-porta-e-recepcao-350x250mm-em-placa-de-acril.webp","4722","388076ac7c292288267ca0faccf1141de758adc96b91567c6e2ec79feacf99e6"
"00166","banners-e-sinalizacao","placa polionda personalizada 970x620mm em polionda branca 4mm 750g 4x0 sem enobrecimento corte personalizado","00166_524x524-1-placa-polionda-personalizada-970x620mm-em-polionda-branca-4mm-750g-4x0-sem-enobrecimento-corte-personalizado_105066.webp","00166-placa-polionda-personalizada-970x620mm-em-polionda-bran.webp","banners-e-sinalizacao/00166-placa-polionda-personalizada-970x620mm-em-polionda-bran.webp","https://raw.githubusercontent.com/copyeprintlaranjeiras-droid/copy-e-print-assets/main/home/produtos/catalogo-futuraim/banners-e-sinalizacao/00166-placa-polionda-personalizada-970x620mm-em-polionda-bran.webp","11674","2dc8811fc53c242fcf86b1fe76a65ff8e8bee8e5e9bb1c4e82caa71b5254e092"
"00167","banners-e-sinalizacao","plaquinha de preco hortifruti 210x297mm em lona brilho 340g 4x0 sem enobrecimento refile automatico","00167_524x524-1-plaquinha-de-preco-hortifruti-210x297mm-em-lona-brilho-340g-4x0-sem-enobrecimento-refile-automatico_120316.webp","00167-plaquinha-de-preco-hortifruti-210x297mm-em-lona-brilho.webp","banners-e-sinalizacao/00167-plaquinha-de-preco-hortifruti-210x297mm-em-lona-brilho.webp","https://raw.githubusercontent.com/copyeprintlaranjeiras-droid/copy-e-print-assets/main/home/produtos/catalogo-futuraim/banners-e-sinalizacao/00167-plaquinha-de-preco-hortifruti-210x297mm-em-lona-brilho.webp","17090","5f248ca807e48efbfa8f8b642377765ea899c38b3aa70435952d694e8d42f9d7"
"00169","diversos","quadro decorativo 20x300x200mm em tecido cordoba light 4x0 impressao ultra hd sublimatica borda infinita","00169_524x524-1-quadro-decorativo-20x300x200mm-em-tecido-cordoba-light-4x0-impressao-ultra-hd-sublimatica-borda-infinita_109091.webp","00169-quadro-decorativo-20x300x200mm-em-tecido-cordoba-light.webp","diversos/00169-quadro-decorativo-20x300x200mm-em-tecido-cordoba-light.webp","https://raw.githubusercontent.com/copyeprintlaranjeiras-droid/copy-e-print-assets/main/home/produtos/catalogo-futuraim/diversos/00169-quadro-decorativo-20x300x200mm-em-tecido-cordoba-light.webp","17744","2d38e96a9fae2476c588a0ec86230ced0a5f68ce7f80670bc7008708f0a91f8b"
"00170","diversos","rifa personalizada 74x210mm em sulfite 75g 1x0 sem enobrecimento serrilha 2 numeracoes blocagem","00170_524x524-1-rifa-personalizada-74x210mm-em-sulfite-75g-1x0-sem-enobrecimento-serrilha-2-numeracoes-blocagem_112788.webp","00170-rifa-personalizada-74x210mm-em-sulfite-75g-1x0-sem-enob.webp","diversos/00170-rifa-personalizada-74x210mm-em-sulfite-75g-1x0-sem-enob.webp","https://raw.githubusercontent.com/copyeprintlaranjeiras-droid/copy-e-print-assets/main/home/produtos/catalogo-futuraim/diversos/00170-rifa-personalizada-74x210mm-em-sulfite-75g-1x0-sem-enob.webp","11408","ae4227ba35961015f4f343803325758a48a0deef546eb2a81040db86a4d83a40"
"00171","embalagens","sacola ecobag personalizada 200x200mm em 100 poliester 4x0 impressao ultra hd sublimatica alca dupla nylon 25mm","00171_524x524-1-sacola-ecobag-personalizada-200x200mm-em-100-poliester-4x0-impressao-ultra-hd-sublimatica-alca-dupla-nylon-25mm_67476.we","00171-sacola-ecobag-personalizada-200x200mm-em-100-poliester.webp","embalagens/00171-sacola-ecobag-personalizada-200x200mm-em-100-poliester.webp","https://raw.githubusercontent.com/copyeprintlaranjeiras-droid/copy-e-print-assets/main/home/produtos/catalogo-futuraim/embalagens/00171-sacola-ecobag-personalizada-200x200mm-em-100-poliester.webp","6596","cbc6020187517e9539da34d81bcac90fd9208a783e39ab5c0bf6e7c0cb4e3bb5"
"00172","embalagens","sacola ecobag personalizada 200x200mm em tecido poliester 98g 4x0 impressao ultra hd sublimatica alca off white 35cm com","00172_524x524-1-sacola-ecobag-personalizada-200x200mm-em-tecido-poliester-98g-4x0-impressao-ultra-hd-sublimatica-alca-off-white-35cm-com","00172-sacola-ecobag-personalizada-200x200mm-em-tecido-poliest.webp","embalagens/00172-sacola-ecobag-personalizada-200x200mm-em-tecido-poliest.webp","https://raw.githubusercontent.com/copyeprintlaranjeiras-droid/copy-e-print-assets/main/home/produtos/catalogo-futuraim/embalagens/00172-sacola-ecobag-personalizada-200x200mm-em-tecido-poliest.webp","10118","fac90ea39e96f459e173ae772f602a4e86850c6baeb3f3dd5e031c14d95c4ee5"
"00173","personalizados-e-brindes","squeeze em aluminio com bico 600ml rosa 73x73x205mm em aluminio 4x0 gravacao laser modelo padrao","00173_524x524-1-squeeze-em-aluminio-com-bico-600ml-rosa-73x73x205mm-em-aluminio-4x0-gravacao-laser-modelo-padrao_76151.webp","00173-squeeze-em-aluminio-com-bico-600ml-rosa-73x73x205mm-em.webp","personalizados-e-brindes/00173-squeeze-em-aluminio-com-bico-600ml-rosa-73x73x205mm-em.webp","https://raw.githubusercontent.com/copyeprintlaranjeiras-droid/copy-e-print-assets/main/home/produtos/catalogo-futuraim/personalizados-e-brindes/00173-squeeze-em-aluminio-com-bico-600ml-rosa-73x73x205mm-em.webp","12704","4fbad21f094c772d2827e3db26056df62a2e51bfa63e5612c025fa60768dd870"
"00174","personalizados-e-brindes","squeeze mosquetao 420ml 66x146mm em aluminio verde 1x0 gravacao laser modelo padrao","00174_524x524-1-squeeze-mosquetao-420ml-66x146mm-em-aluminio-verde-1x0-gravacao-laser-modelo-padrao_376224.webp","00174-squeeze-mosquetao-420ml-66x146mm-em-aluminio-verde-1x0.webp","personalizados-e-brindes/00174-squeeze-mosquetao-420ml-66x146mm-em-aluminio-verde-1x0.webp","https://raw.githubusercontent.com/copyeprintlaranjeiras-droid/copy-e-print-assets/main/home/produtos/catalogo-futuraim/personalizados-e-brindes/00174-squeeze-mosquetao-420ml-66x146mm-em-aluminio-verde-1x0.webp","5356","9feee4e9a6ff6272e781132b22a6188ffe54826f84190a59ac9a72942b7ff9c4"
"00175","banners-e-sinalizacao","suporte tripe para banner 1200x1800mm em aluminio fosco 1x1 haste telescopica base articulada 1 estagio regulador e pes ","00175_524x524-1-suporte-tripe-para-banner-1200x1800mm-em-aluminio-fosco-1x1-haste-telescopica-base-articulada-1-estagio-regulador-e-pes-","00175-suporte-tripe-para-banner-1200x1800mm-em-aluminio-fosco.webp","banners-e-sinalizacao/00175-suporte-tripe-para-banner-1200x1800mm-em-aluminio-fosco.webp","https://raw.githubusercontent.com/copyeprintlaranjeiras-droid/copy-e-print-assets/main/home/produtos/catalogo-futuraim/banners-e-sinalizacao/00175-suporte-tripe-para-banner-1200x1800mm-em-aluminio-fosco.webp","2396","d5b93c57b9606c66b960ac69828a45a65166754ded0a88b5c700b2789dc8512a"
"00176","banners-e-sinalizacao","suporte x para banner 800x1800mm em plastico sem impressao sem enobrecimento haste flexivel de fibra de carbono","00176_524x524-1-suporte-x-para-banner-800x1800mm-em-plastico-sem-impressao-sem-enobrecimento-haste-flexivel-de-fibra-de-carbono_23384.we","00176-suporte-x-para-banner-800x1800mm-em-plastico-sem-impres.webp","banners-e-sinalizacao/00176-suporte-x-para-banner-800x1800mm-em-plastico-sem-impres.webp","https://raw.githubusercontent.com/copyeprintlaranjeiras-droid/copy-e-print-assets/main/home/produtos/catalogo-futuraim/banners-e-sinalizacao/00176-suporte-x-para-banner-800x1800mm-em-plastico-sem-impres.webp","6460","a94f3754f31cb1be97b6ee5a46e447dceff83f85f43eb8bac02385f1929fca90"
"00177","diversos","talao acao entre amigos 74x210mm em sulfite 75g 1x0 serrilha 2 numeracoes","00177_524x524-1-talao-acao-entre-amigos-74x210mm-em-sulfite-75g-1x0-serrilha-2-numeracoes_59207_396.webp","00177-talao-acao-entre-amigos-74x210mm-em-sulfite-75g-1x0-ser.webp","diversos/00177-talao-acao-entre-amigos-74x210mm-em-sulfite-75g-1x0-ser.webp","https://raw.githubusercontent.com/copyeprintlaranjeiras-droid/copy-e-print-assets/main/home/produtos/catalogo-futuraim/diversos/00177-talao-acao-entre-amigos-74x210mm-em-sulfite-75g-1x0-ser.webp","5838","7722eb07ae96031f46f98415623caa5d0b184528dfc1a1b1999e4d8568506015"
"00178","banners-e-sinalizacao","totem frente e verso 94x555x881mm em polionda branca 4mm 750g 4x0 sem enobrecimento corte e vinco digital","00178_524x524-1-totem-frente-e-verso-94x555x881mm-em-polionda-branca-4mm-750g-4x0-sem-enobrecimento-corte-e-vinco-digital_111522.webp","00178-totem-frente-e-verso-94x555x881mm-em-polionda-branca-4m.webp","banners-e-sinalizacao/00178-totem-frente-e-verso-94x555x881mm-em-polionda-branca-4m.webp","https://raw.githubusercontent.com/copyeprintlaranjeiras-droid/copy-e-print-assets/main/home/produtos/catalogo-futuraim/banners-e-sinalizacao/00178-totem-frente-e-verso-94x555x881mm-em-polionda-branca-4m.webp","11548","1b30f8b4bb9157fc2b5e4daa73c7a9d76cc6a81df9967dc59da756aeaeaadd13"
"00179","banners-e-sinalizacao","totem piramide 400x400x1804mm em polionda branca 4mm 750g 4x0 sem enobrecimento corte e vinco digital","00179_524x524-1-totem-piramide-400x400x1804mm-em-polionda-branca-4mm-750g-4x0-sem-enobrecimento-corte-e-vinco-digital_109488.webp","00179-totem-piramide-400x400x1804mm-em-polionda-branca-4mm-75.webp","banners-e-sinalizacao/00179-totem-piramide-400x400x1804mm-em-polionda-branca-4mm-75.webp","https://raw.githubusercontent.com/copyeprintlaranjeiras-droid/copy-e-print-assets/main/home/produtos/catalogo-futuraim/banners-e-sinalizacao/00179-totem-piramide-400x400x1804mm-em-polionda-branca-4mm-75.webp","10240","2f1c249c303d992dbb92d8a91d1f66297d403b1419e8153bb775bc0ae0b9e708"
"00180","banners-e-sinalizacao","totem quadrado 3 pecas 400x400x400mm em polionda branca 4mm 750g 4x0 sem enobrecimento corte e vinco digital","00180_524x524-1-totem-quadrado-3-pecas-400x400x400mm-em-polionda-branca-4mm-750g-4x0-sem-enobrecimento-corte-e-vinco-digital_109518.webp","00180-totem-quadrado-3-pecas-400x400x400mm-em-polionda-branca.webp","banners-e-sinalizacao/00180-totem-quadrado-3-pecas-400x400x400mm-em-polionda-branca.webp","https://raw.githubusercontent.com/copyeprintlaranjeiras-droid/copy-e-print-assets/main/home/produtos/catalogo-futuraim/banners-e-sinalizacao/00180-totem-quadrado-3-pecas-400x400x400mm-em-polionda-branca.webp","15820","df9cd17e5f23c8c2ad4a9815b32ea372af160583687a3323df22bf0e87d377dd"
"00181","banners-e-sinalizacao","totem quadriedro 295x295x1950mm em polionda branca 4mm 750g 4x0 sem enobrecimento corte e vinco digital","00181_524x524-1-totem-quadriedro-295x295x1950mm-em-polionda-branca-4mm-750g-4x0-sem-enobrecimento-corte-e-vinco-digital_109508.webp","00181-totem-quadriedro-295x295x1950mm-em-polionda-branca-4mm.webp","banners-e-sinalizacao/00181-totem-quadriedro-295x295x1950mm-em-polionda-branca-4mm.webp","https://raw.githubusercontent.com/copyeprintlaranjeiras-droid/copy-e-print-assets/main/home/produtos/catalogo-futuraim/banners-e-sinalizacao/00181-totem-quadriedro-295x295x1950mm-em-polionda-branca-4mm.webp","11882","a523e80e48409f0bd7961042422fb1e7edd5b07bcb3893c6832747f609efe398"
"00182","banners-e-sinalizacao","totem quebra cabeca 500x500x400mm em polionda branca 4mm 750g 4x0 sem enobrecimento corte e vinco digital","00182_524x524-1-totem-quebra-cabeca-500x500x400mm-em-polionda-branca-4mm-750g-4x0-sem-enobrecimento-corte-e-vinco-digital_109493.webp","00182-totem-quebra-cabeca-500x500x400mm-em-polionda-branca-4m.webp","banners-e-sinalizacao/00182-totem-quebra-cabeca-500x500x400mm-em-polionda-branca-4m.webp","https://raw.githubusercontent.com/copyeprintlaranjeiras-droid/copy-e-print-assets/main/home/produtos/catalogo-futuraim/banners-e-sinalizacao/00182-totem-quebra-cabeca-500x500x400mm-em-polionda-branca-4m.webp","12786","52f8cdd8ca132c9e77e7f9030161370dda63e837289745a9ca27b436de053a9b"
"00183","banners-e-sinalizacao","totem triangular 4 pecas 390x390x400mm em polionda branca 4mm 750g 4x0 sem enobrecimento corte e vinco digital","00183_524x524-1-totem-triangular-4-pecas-390x390x400mm-em-polionda-branca-4mm-750g-4x0-sem-enobrecimento-corte-e-vinco-digital_109513.we","00183-totem-triangular-4-pecas-390x390x400mm-em-polionda-bran.webp","banners-e-sinalizacao/00183-totem-triangular-4-pecas-390x390x400mm-em-polionda-bran.webp","https://raw.githubusercontent.com/copyeprintlaranjeiras-droid/copy-e-print-assets/main/home/produtos/catalogo-futuraim/banners-e-sinalizacao/00183-totem-triangular-4-pecas-390x390x400mm-em-polionda-bran.webp","14652","cb88f8fe92d1e4b77ce05ba845ddd3d4241fb5c65892b0f39843ce140e98d496"
"00184","banners-e-sinalizacao","totem triedro 390x390x1950mm em polionda branca 4mm 750g 4x0 sem enobrecimento corte e vinco digital","00184_524x524-1-totem-triedro-390x390x1950mm-em-polionda-branca-4mm-750g-4x0-sem-enobrecimento-corte-e-vinco-digital_109503.webp","00184-totem-triedro-390x390x1950mm-em-polionda-branca-4mm-750.webp","banners-e-sinalizacao/00184-totem-triedro-390x390x1950mm-em-polionda-branca-4mm-750.webp","https://raw.githubusercontent.com/copyeprintlaranjeiras-droid/copy-e-print-assets/main/home/produtos/catalogo-futuraim/banners-e-sinalizacao/00184-totem-triedro-390x390x1950mm-em-polionda-branca-4mm-750.webp","9746","61a391e99b2cfd7fba0370a478c4cdba24e42e9f6298b4ee461d8ab1630aae46"
"00185","diversos","trofeu em acrilico personalizado 155x215mm em acrilico transparente 4x0 impressao dtf uv com verniz dobra 75","00185_524x524-1-trofeu-em-acrilico-personalizado-155x215mm-em-acrilico-transparente-4x0-impressao-dtf-uv-com-verniz-dobra-75_118945.webp","00185-trofeu-em-acrilico-personalizado-155x215mm-em-acrilico.webp","diversos/00185-trofeu-em-acrilico-personalizado-155x215mm-em-acrilico.webp","https://raw.githubusercontent.com/copyeprintlaranjeiras-droid/copy-e-print-assets/main/home/produtos/catalogo-futuraim/diversos/00185-trofeu-em-acrilico-personalizado-155x215mm-em-acrilico.webp","10274","09d8216f76dcbc7480835777c8f5b99887e680bbb0b98cc01e01c9fbc12e20fb"
"00186","vestuario","uniforme futebol presas 558x776mm em tecido dry fit 4x0 impressao ultra hd sublimatica tamanho p costura uniforme futebo","00186_524x524-1-uniforme-futebol-presas-558x776mm-em-tecido-dry-fit-4x0-impressao-ultra-hd-sublimatica-tamanho-p-costura-uniforme-futebo","00186-uniforme-futebol-presas-558x776mm-em-tecido-dry-fit-4x0.webp","vestuario/00186-uniforme-futebol-presas-558x776mm-em-tecido-dry-fit-4x0.webp","https://raw.githubusercontent.com/copyeprintlaranjeiras-droid/copy-e-print-assets/main/home/produtos/catalogo-futuraim/vestuario/00186-uniforme-futebol-presas-558x776mm-em-tecido-dry-fit-4x0.webp","13292","5cab32fba30eec4afabbedcbd50e720476361e625a5e5b09b6da6dfc5b80f035"
"00187","vestuario","uniforme futebol real 510x690mm em tecido star liso 130g 4x0 sem enobrecimento tamanho p costura","00187_524x524-1-uniforme-futebol-real-510x690mm-em-tecido-star-liso-130g-4x0-sem-enobrecimento-tamanho-p-costura_116249.webp","00187-uniforme-futebol-real-510x690mm-em-tecido-star-liso-130.webp","vestuario/00187-uniforme-futebol-real-510x690mm-em-tecido-star-liso-130.webp","https://raw.githubusercontent.com/copyeprintlaranjeiras-droid/copy-e-print-assets/main/home/produtos/catalogo-futuraim/vestuario/00187-uniforme-futebol-real-510x690mm-em-tecido-star-liso-130.webp","17388","ba732f152e4a49c7aa7e0c66c827d2eda1668f2814500072b473d822d741ae7b"
"00188","diversos","urna 149x150x148mm em couche fosco 300g 4x0 laminacao fosca frente faca padrao","00188_524x524-1-urna-149x150x148mm-em-couche-fosco-300g-4x0-laminacao-fosca-frente-faca-padrao_81898.webp","00188-urna-149x150x148mm-em-couche-fosco-300g-4x0-laminacao-f.webp","diversos/00188-urna-149x150x148mm-em-couche-fosco-300g-4x0-laminacao-f.webp","https://raw.githubusercontent.com/copyeprintlaranjeiras-droid/copy-e-print-assets/main/home/produtos/catalogo-futuraim/diversos/00188-urna-149x150x148mm-em-couche-fosco-300g-4x0-laminacao-f.webp","15502","186291140791518e09740994d6f52dbc9edf9667736ad7d62fa6c8b1d046e344"
"00189","banners-e-sinalizacao","wind banner haste tubular p 650x1900mm em aluminio 34 sem impressao sem enobrecimento modelo padrao","00189_524x524-1-wind-banner-haste-tubular-p-650x1900mm-em-aluminio-34-sem-impressao-sem-enobrecimento-modelo-padrao_57124_177.webp","00189-wind-banner-haste-tubular-p-650x1900mm-em-aluminio-34-s.webp","banners-e-sinalizacao/00189-wind-banner-haste-tubular-p-650x1900mm-em-aluminio-34-s.webp","https://raw.githubusercontent.com/copyeprintlaranjeiras-droid/copy-e-print-assets/main/home/produtos/catalogo-futuraim/banners-e-sinalizacao/00189-wind-banner-haste-tubular-p-650x1900mm-em-aluminio-34-s.webp","8660","c239645442134626472e636535d98e29a1c05b261f9bc9bb9623e58f1a63f45c"
"00190","diversos","album de figurinhas copa 148x210mm em couche brilho 150g 4x4 sem enobrecimento dobra e grampo canoa","00190_524x524-10-album-de-figurinhas-copa-148x210mm-em-couche-brilho-150g-4x4-sem-enobrecimento-dobra-e-grampo-canoa_376838.webp","00190-album-de-figurinhas-copa-148x210mm-em-couche-brilho-150.webp","diversos/00190-album-de-figurinhas-copa-148x210mm-em-couche-brilho-150.webp","https://raw.githubusercontent.com/copyeprintlaranjeiras-droid/copy-e-print-assets/main/home/produtos/catalogo-futuraim/diversos/00190-album-de-figurinhas-copa-148x210mm-em-couche-brilho-150.webp","19392","7378225725782e1d891ee58866b81b2be98d472c29f60918a7c9a5e969b23716"
"00191","adesivos-e-rotulos","balde de gelo 5000ml e 1 folha a3 dtf uv 245x245x210mm em ps cristal 4x0 adesivo colorido dtf uv para colar sem tampa","00191_524x524-10-balde-de-gelo-5000ml-e-1-folha-a3-dtf-uv-245x245x210mm-em-ps-cristal-4x0-adesivo-colorido-dtf-uv-para-colar-sem-tampa_9","00191-balde-de-gelo-5000ml-e-1-folha-a3-dtf-uv-245x245x210mm.webp","adesivos-e-rotulos/00191-balde-de-gelo-5000ml-e-1-folha-a3-dtf-uv-245x245x210mm.webp","https://raw.githubusercontent.com/copyeprintlaranjeiras-droid/copy-e-print-assets/main/home/produtos/catalogo-futuraim/adesivos-e-rotulos/00191-balde-de-gelo-5000ml-e-1-folha-a3-dtf-uv-245x245x210mm.webp","11610","f98642f232a3e1b0c73297294b49b12a93489a74ec3ac1b746504acc3d45b72e"
"00192","embalagens","balde de pipoca 1500ml 142x142x115mm em pp branco 1x0 impresso em serigrafia sem tampa","00192_524x524-10-balde-de-pipoca-1500ml-142x142x115mm-em-pp-branco-1x0-impresso-em-serigrafia-sem-tampa_127946.webp","00192-balde-de-pipoca-1500ml-142x142x115mm-em-pp-branco-1x0-i.webp","embalagens/00192-balde-de-pipoca-1500ml-142x142x115mm-em-pp-branco-1x0-i.webp","https://raw.githubusercontent.com/copyeprintlaranjeiras-droid/copy-e-print-assets/main/home/produtos/catalogo-futuraim/embalagens/00192-balde-de-pipoca-1500ml-142x142x115mm-em-pp-branco-1x0-i.webp","4266","eb21c15a9a0cdf1823d7d178442d5b23045ee6022d79ce01969a222e2f0b386c"
"00193","embalagens","balde de pipoca 1500ml 142x142x115mm em ps branco 1x0 sem enobrecimento sem tampa","00193_524x524-10-balde-de-pipoca-1500ml-142x142x115mm-em-ps-branco-1x0-sem-enobrecimento-sem-tampa_88976.webp","00193-balde-de-pipoca-1500ml-142x142x115mm-em-ps-branco-1x0-s.webp","embalagens/00193-balde-de-pipoca-1500ml-142x142x115mm-em-ps-branco-1x0-s.webp","https://raw.githubusercontent.com/copyeprintlaranjeiras-droid/copy-e-print-assets/main/home/produtos/catalogo-futuraim/embalagens/00193-balde-de-pipoca-1500ml-142x142x115mm-em-ps-branco-1x0-s.webp","4290","c477100b6f4732b309fe6c7321fa5d808f2fc86e75d1590d14adc8108bdabe22"
"00194","banners-e-sinalizacao","bandeira para carro carflag 400x300mm em tecido taffeta 4x0 impressao ultra hd sublimatica haste veicular","00194_524x524-10-bandeira-para-carro-carflag-400x300mm-em-tecido-taffeta-4x0-impressao-ultra-hd-sublimatica-haste-veicular_132871.webp","00194-bandeira-para-carro-carflag-400x300mm-em-tecido-taffeta.webp","banners-e-sinalizacao/00194-bandeira-para-carro-carflag-400x300mm-em-tecido-taffeta.webp","https://raw.githubusercontent.com/copyeprintlaranjeiras-droid/copy-e-print-assets/main/home/produtos/catalogo-futuraim/banners-e-sinalizacao/00194-bandeira-para-carro-carflag-400x300mm-em-tecido-taffeta.webp","14290","6c5471c72fa5cf1771752ff7c1618613826f140dc3fbc88cf90f41d87d6aedea"
"00195","cartoes-e-papelaria","bloco 105x148mm em 1 via autocopiativo branco 2 via amarela 53g 1x0 sem enobrecimento blocagem 50x2 vias","00195_524x524-10-bloco-105x148mm-em-1-via-autocopiativo-branco-2-via-amarela-53g-1x0-sem-enobrecimento-blocagem-50x2-vias_10508_765.webp","00195-bloco-105x148mm-em-1-via-autocopiativo-branco-2-via-ama.webp","cartoes-e-papelaria/00195-bloco-105x148mm-em-1-via-autocopiativo-branco-2-via-ama.webp","https://raw.githubusercontent.com/copyeprintlaranjeiras-droid/copy-e-print-assets/main/home/produtos/catalogo-futuraim/cartoes-e-papelaria/00195-bloco-105x148mm-em-1-via-autocopiativo-branco-2-via-ama.webp","6734","4178396363f344f3464fb1efb29eb07d6cea3ffaeccc659e23b1f41ec1d3874d"
"00196","cartoes-e-papelaria","bloco de atividades 148x210mm em sulfite 90g 4x0 sem enobrecimento blocagem com 100 folhas","00196_524x524-10-bloco-de-atividades-148x210mm-em-sulfite-90g-4x0-sem-enobrecimento-blocagem-com-100-folhas_27193_214.webp","00196-bloco-de-atividades-148x210mm-em-sulfite-90g-4x0-sem-en.webp","cartoes-e-papelaria/00196-bloco-de-atividades-148x210mm-em-sulfite-90g-4x0-sem-en.webp","https://raw.githubusercontent.com/copyeprintlaranjeiras-droid/copy-e-print-assets/main/home/produtos/catalogo-futuraim/cartoes-e-papelaria/00196-bloco-de-atividades-148x210mm-em-sulfite-90g-4x0-sem-en.webp","15148","09e85db2b46196575121cbe8a85ead6b1765296f57c6132aec7ad0fab7d31b49"
"00197","cartoes-e-papelaria","bloco de rascunho com 50 folhas brancas 105x148mm em couche fosco 300g 4x4 laminacao fosca frente e verso bloco sem imp","00197_524x524-10-bloco-de-rascunho-com-50-folhas-brancas-105x148mm-em-couche-fosco-300g-4x4-laminacao-fosca-frente-e-verso-bloco-sem-imp","00197-bloco-de-rascunho-com-50-folhas-brancas-105x148mm-em-co.webp","cartoes-e-papelaria/00197-bloco-de-rascunho-com-50-folhas-brancas-105x148mm-em-co.webp","https://raw.githubusercontent.com/copyeprintlaranjeiras-droid/copy-e-print-assets/main/home/produtos/catalogo-futuraim/cartoes-e-papelaria/00197-bloco-de-rascunho-com-50-folhas-brancas-105x148mm-em-co.webp","18772","244183503002a4ac10ed6b612ca55d6cb3ad7d1528df41bd30c40b763d4130dd"
"00198","diversos","botton 35x35mm em couche brilho 115g 4x0 sem enobrecimento poliester com alfinete","00198_524x524-10-botton-35x35mm-em-couche-brilho-115g-4x0-sem-enobrecimento-poliester-com-alfinete_128872.webp","00198-botton-35x35mm-em-couche-brilho-115g-4x0-sem-enobrecime.webp","diversos/00198-botton-35x35mm-em-couche-brilho-115g-4x0-sem-enobrecime.webp","https://raw.githubusercontent.com/copyeprintlaranjeiras-droid/copy-e-print-assets/main/home/produtos/catalogo-futuraim/diversos/00198-botton-35x35mm-em-couche-brilho-115g-4x0-sem-enobrecime.webp","7824","5a54a543c2f0e1e40d9f44b61cdb429692d4a62ad02cad547ad62ebe4ebd2215"
"00199","embalagens","caixa almofada com alca p 253x178mm em couche 300g 4x0 sem enobrecimento modelo padrao","00199_524x524-10-caixa-almofada-com-alca-p-253x178mm-em-couche-300g-4x0-sem-enobrecimento-modelo-padrao_36473_896.webp","00199-caixa-almofada-com-alca-p-253x178mm-em-couche-300g-4x0.webp","embalagens/00199-caixa-almofada-com-alca-p-253x178mm-em-couche-300g-4x0.webp","https://raw.githubusercontent.com/copyeprintlaranjeiras-droid/copy-e-print-assets/main/home/produtos/catalogo-futuraim/embalagens/00199-caixa-almofada-com-alca-p-253x178mm-em-couche-300g-4x0.webp","7572","937816cacb888a6ed324e91d72ead4f0b0edf485dee3e29afe91adcb3a7f2f5f"
"00200","calendarios-e-agendas","calendario de mesa 12 paginas 148x198mm em couche brilho 150g 4x4 sem enobrecimento wire o preto base sem impressao","00200_524x524-10-calendario-de-mesa-12-paginas-148x198mm-em-couche-brilho-150g-4x4-sem-enobrecimento-wire-o-preto-base-sem-impressao_123","00200-calendario-de-mesa-12-paginas-148x198mm-em-couche-brilh.webp","calendarios-e-agendas/00200-calendario-de-mesa-12-paginas-148x198mm-em-couche-brilh.webp","https://raw.githubusercontent.com/copyeprintlaranjeiras-droid/copy-e-print-assets/main/home/produtos/catalogo-futuraim/calendarios-e-agendas/00200-calendario-de-mesa-12-paginas-148x198mm-em-couche-brilh.webp","19668","318ec866f31dd86c1fcc4174e5d59d609dd2ff75ae0d53d1c6a2a1c6803ea7fc"
"00201","calendarios-e-agendas","calendario de mesa cubo 80x80x80mm em couche brilho 250g 4x0 sem enobrecimento faca padrao","00201_524x524-10-calendario-de-mesa-cubo-80x80x80mm-em-couche-brilho-250g-4x0-sem-enobrecimento-faca-padrao_1521_587.webp","00201-calendario-de-mesa-cubo-80x80x80mm-em-couche-brilho-250.webp","calendarios-e-agendas/00201-calendario-de-mesa-cubo-80x80x80mm-em-couche-brilho-250.webp","https://raw.githubusercontent.com/copyeprintlaranjeiras-droid/copy-e-print-assets/main/home/produtos/catalogo-futuraim/calendarios-e-agendas/00201-calendario-de-mesa-cubo-80x80x80mm-em-couche-brilho-250.webp","7866","d5d33a43ed5553c7dc961b776aca15a2601c6dde0253acf595beeb7e92bf8e7c"
"00202","calendarios-e-agendas","calendario de mesa mini 98x268mm em couche brilho 250g 4x0 sem enobrecimento faca padrao","00202_524x524-10-calendario-de-mesa-mini-98x268mm-em-couche-brilho-250g-4x0-sem-enobrecimento-faca-padrao_1701_174.webp","00202-calendario-de-mesa-mini-98x268mm-em-couche-brilho-250g.webp","calendarios-e-agendas/00202-calendario-de-mesa-mini-98x268mm-em-couche-brilho-250g.webp","https://raw.githubusercontent.com/copyeprintlaranjeiras-droid/copy-e-print-assets/main/home/produtos/catalogo-futuraim/calendarios-e-agendas/00202-calendario-de-mesa-mini-98x268mm-em-couche-brilho-250g.webp","13220","6396fb14be0efbcc6cb8953ea615659ccbca3a300502da45233e266363fd150a"
"00203","calendarios-e-agendas","calendario de mesa piramide simples 160x294mm em couche brilho 250g 4x0 sem enobrecimento faca padrao","00203_524x524-10-calendario-de-mesa-piramide-simples-160x294mm-em-couche-brilho-250g-4x0-sem-enobrecimento-faca-padrao_2421_501.webp","00203-calendario-de-mesa-piramide-simples-160x294mm-em-couche.webp","calendarios-e-agendas/00203-calendario-de-mesa-piramide-simples-160x294mm-em-couche.webp","https://raw.githubusercontent.com/copyeprintlaranjeiras-droid/copy-e-print-assets/main/home/produtos/catalogo-futuraim/calendarios-e-agendas/00203-calendario-de-mesa-piramide-simples-160x294mm-em-couche.webp","8864","244531f2e76562c0e170a61102b58968687f53e6d31b51d709f998e8d59e6ec7"
"00204","calendarios-e-agendas","calendario de mesa porta caneta 143x85x53mm em couche brilho 250g 4x0 sem enobrecimento faca padrao","00204_524x524-10-calendario-de-mesa-porta-caneta-143x85x53mm-em-couche-brilho-250g-4x0-sem-enobrecimento-faca-padrao_1881.webp","00204-calendario-de-mesa-porta-caneta-143x85x53mm-em-couche-b.webp","calendarios-e-agendas/00204-calendario-de-mesa-porta-caneta-143x85x53mm-em-couche-b.webp","https://raw.githubusercontent.com/copyeprintlaranjeiras-droid/copy-e-print-assets/main/home/produtos/catalogo-futuraim/calendarios-e-agendas/00204-calendario-de-mesa-porta-caneta-143x85x53mm-em-couche-b.webp","10604","32c276669e0dbe2b9b2c6c65237625b23d7582d5181c3adafa2efe61b58a55b3"
"00205","calendarios-e-agendas","calendario de mesa porta cartao 174x244mm em couche brilho 250g 4x0 sem enobrecimento faca padrao","00205_524x524-10-calendario-de-mesa-porta-cartao-174x244mm-em-couche-brilho-250g-4x0-sem-enobrecimento-faca-padrao_2061_154.webp","00205-calendario-de-mesa-porta-cartao-174x244mm-em-couche-bri.webp","calendarios-e-agendas/00205-calendario-de-mesa-porta-cartao-174x244mm-em-couche-bri.webp","https://raw.githubusercontent.com/copyeprintlaranjeiras-droid/copy-e-print-assets/main/home/produtos/catalogo-futuraim/calendarios-e-agendas/00205-calendario-de-mesa-porta-cartao-174x244mm-em-couche-bri.webp","12290","5f2de4e39870e67d90c87f08c5bb0e7cef973031b7e21aab82fea7baaf60dbe7"
"00206","calendarios-e-agendas","calendario de mesa postal 150x85x97mm em couche brilho 250g 4x4 sem enobrecimento faca padrao","00206_524x524-10-calendario-de-mesa-postal-150x85x97mm-em-couche-brilho-250g-4x4-sem-enobrecimento-faca-padrao_2606_986.webp","00206-calendario-de-mesa-postal-150x85x97mm-em-couche-brilho.webp","calendarios-e-agendas/00206-calendario-de-mesa-postal-150x85x97mm-em-couche-brilho.webp","https://raw.githubusercontent.com/copyeprintlaranjeiras-droid/copy-e-print-assets/main/home/produtos/catalogo-futuraim/calendarios-e-agendas/00206-calendario-de-mesa-postal-150x85x97mm-em-couche-brilho.webp","19798","2c9ab990f156d1d5bed2d61dd789f87c816be8e1b781e6679eb7f47e5ae4bfc7"
"00207","adesivos-e-rotulos","caneca transfer 400ml e 1 folha a3 dtf uv 83x83x97mm em ps branco 4x0 adesivo colorido dtf uv para colar sem tampa","00207_524x524-10-caneca-transfer-400ml-e-1-folha-a3-dtf-uv-83x83x97mm-em-ps-branco-4x0-adesivo-colorido-dtf-uv-para-colar-sem-tampa_9052","00207-caneca-transfer-400ml-e-1-folha-a3-dtf-uv-83x83x97mm-em.webp","adesivos-e-rotulos/00207-caneca-transfer-400ml-e-1-folha-a3-dtf-uv-83x83x97mm-em.webp","https://raw.githubusercontent.com/copyeprintlaranjeiras-droid/copy-e-print-assets/main/home/produtos/catalogo-futuraim/adesivos-e-rotulos/00207-caneca-transfer-400ml-e-1-folha-a3-dtf-uv-83x83x97mm-em.webp","10060","67bd568d6c5336afbbef003f0510ad8673ac671e37f4c25d5b088e512793a1de"
"00208","personalizados-e-brindes","caneta copa do mundo 6x50mm em plastico branco sem impressao sem enobrecimento acionamento por clique","00208_524x524-10-caneta-copa-do-mundo-6x50mm-em-plastico-branco-sem-impressao-sem-enobrecimento-acionamento-por-clique_376178.webp","00208-caneta-copa-do-mundo-6x50mm-em-plastico-branco-sem-impr.webp","personalizados-e-brindes/00208-caneta-copa-do-mundo-6x50mm-em-plastico-branco-sem-impr.webp","https://raw.githubusercontent.com/copyeprintlaranjeiras-droid/copy-e-print-assets/main/home/produtos/catalogo-futuraim/personalizados-e-brindes/00208-caneta-copa-do-mundo-6x50mm-em-plastico-branco-sem-impr.webp","2582","36297009cae2d44810038fd3b0e4393540778499f3315a29351dcb48a0b28078"
"00209","personalizados-e-brindes","caneta mongolia 7x50mm em plastico prata 4x0 impressao digital uv acionamento por clique","00209_524x524-10-caneta-mongolia-7x50mm-em-plastico-prata-4x0-impressao-digital-uv-acionamento-por-clique_78893.webp","00209-caneta-mongolia-7x50mm-em-plastico-prata-4x0-impressao.webp","personalizados-e-brindes/00209-caneta-mongolia-7x50mm-em-plastico-prata-4x0-impressao.webp","https://raw.githubusercontent.com/copyeprintlaranjeiras-droid/copy-e-print-assets/main/home/produtos/catalogo-futuraim/personalizados-e-brindes/00209-caneta-mongolia-7x50mm-em-plastico-prata-4x0-impressao.webp","3272","ca59144b074893db557a7c937cd85b315925e140ac020136c3571c47fadd4d85"
"00210","personalizados-e-brindes","caneta paraguai 7x50mm em plastico 4x0 impressao digital uv personalizada","00210_524x524-10-caneta-paraguai-7x50mm-em-plastico-4x0-impressao-digital-uv-personalizada_78829.webp","00210-caneta-paraguai-7x50mm-em-plastico-4x0-impressao-digita.webp","personalizados-e-brindes/00210-caneta-paraguai-7x50mm-em-plastico-4x0-impressao-digita.webp","https://raw.githubusercontent.com/copyeprintlaranjeiras-droid/copy-e-print-assets/main/home/produtos/catalogo-futuraim/personalizados-e-brindes/00210-caneta-paraguai-7x50mm-em-plastico-4x0-impressao-digita.webp","3632","6e1d2704a6fe8e720ec8b6596325ab05af0006cca5eb5e39098318ba84951c61"
"00211","cartoes-e-papelaria","cartao fidelidade 86x54mm em pvc branco 076mm 4x4 laminacao cristal 4 cantos arredondados dados variaveis","00211_524x524-10-cartao-fidelidade-86x54mm-em-pvc-branco-076mm-4x4-laminacao-cristal-4-cantos-arredondados-dados-variaveis_16313_439.web","00211-cartao-fidelidade-86x54mm-em-pvc-branco-076mm-4x4-lamin.webp","cartoes-e-papelaria/00211-cartao-fidelidade-86x54mm-em-pvc-branco-076mm-4x4-lamin.webp","https://raw.githubusercontent.com/copyeprintlaranjeiras-droid/copy-e-print-assets/main/home/produtos/catalogo-futuraim/cartoes-e-papelaria/00211-cartao-fidelidade-86x54mm-em-pvc-branco-076mm-4x4-lamin.webp","8278","ef4ad1fe80bfc06b54219784d6b42c698c61e8be1137472ee044aefc5b92ae9c"
"00212","diversos","carteirinha transporte escolar 148x105mm em alta alvura 240g 4x4 sem enobrecimento 1 vinco","00212_524x524-10-carteirinha-transporte-escolar-148x105mm-em-alta-alvura-240g-4x4-sem-enobrecimento-1-vinco_51102_699.webp","00212-carteirinha-transporte-escolar-148x105mm-em-alta-alvura.webp","diversos/00212-carteirinha-transporte-escolar-148x105mm-em-alta-alvura.webp","https://raw.githubusercontent.com/copyeprintlaranjeiras-droid/copy-e-print-assets/main/home/produtos/catalogo-futuraim/diversos/00212-carteirinha-transporte-escolar-148x105mm-em-alta-alvura.webp","31668","f371acd897080b4c6fd36d15cf43006a39e7607baf72960be890df95a3cace81"
"00213","diversos","carteirinhas personalizadas 86x54mm em pvc branco 076mm 4x0 laminacao cristal 4 cantos arredondados dados variaveis","00213_524x524-10-carteirinhas-personalizadas-86x54mm-em-pvc-branco-076mm-4x0-laminacao-cristal-4-cantos-arredondados-dados-variaveis_153","00213-carteirinhas-personalizadas-86x54mm-em-pvc-branco-076mm.webp","diversos/00213-carteirinhas-personalizadas-86x54mm-em-pvc-branco-076mm.webp","https://raw.githubusercontent.com/copyeprintlaranjeiras-droid/copy-e-print-assets/main/home/produtos/catalogo-futuraim/diversos/00213-carteirinhas-personalizadas-86x54mm-em-pvc-branco-076mm.webp","6774","10b421758b16a012d72f72726c117f73efb21d0159a8bc3adf34e580399a36b5"
"00214","personalizados-e-brindes","copo long drink 350ml sem tampa 62x62x148mm em ps branco 1x0 sem enobrecimento sem tampa","00214_524x524-10-copo-long-drink-350ml-sem-tampa-62x62x148mm-em-ps-branco-1x0-sem-enobrecimento-sem-tampa_87728.webp","00214-copo-long-drink-350ml-sem-tampa-62x62x148mm-em-ps-branc.webp","personalizados-e-brindes/00214-copo-long-drink-350ml-sem-tampa-62x62x148mm-em-ps-branc.webp","https://raw.githubusercontent.com/copyeprintlaranjeiras-droid/copy-e-print-assets/main/home/produtos/catalogo-futuraim/personalizados-e-brindes/00214-copo-long-drink-350ml-sem-tampa-62x62x148mm-em-ps-branc.webp","4404","9e1512215295066a812a813868efc793de94978e8b6a22618aa7e0a1ed6874e3"
"00215","personalizados-e-brindes","copo twister 550ml sem tampa 91x91x134mm em ps cristal 1x0 sem enobrecimento sem tampa","00215_524x524-10-copo-twister-550ml-sem-tampa-91x91x134mm-em-ps-cristal-1x0-sem-enobrecimento-sem-tampa_88104.webp","00215-copo-twister-550ml-sem-tampa-91x91x134mm-em-ps-cristal.webp","personalizados-e-brindes/00215-copo-twister-550ml-sem-tampa-91x91x134mm-em-ps-cristal.webp","https://raw.githubusercontent.com/copyeprintlaranjeiras-droid/copy-e-print-assets/main/home/produtos/catalogo-futuraim/personalizados-e-brindes/00215-copo-twister-550ml-sem-tampa-91x91x134mm-em-ps-cristal.webp","6402","5b000c6425bfc7ecbe0187f26bc0b60c457c9f685a09fdf9140fa8e44462e398"
"00216","diversos","cordao liso amarelo 840x12mm em poliester sem impressao terminal argola e jacare sem personalizacao","00216_524x524-10-cordao-liso-amarelo-840x12mm-em-poliester-sem-impressao-terminal-argola-e-jacare-sem-personalizacao_21345_336.webp","00216-cordao-liso-amarelo-840x12mm-em-poliester-sem-impressao.webp","diversos/00216-cordao-liso-amarelo-840x12mm-em-poliester-sem-impressao.webp","https://raw.githubusercontent.com/copyeprintlaranjeiras-droid/copy-e-print-assets/main/home/produtos/catalogo-futuraim/diversos/00216-cordao-liso-amarelo-840x12mm-em-poliester-sem-impressao.webp","11514","3e910ef7e1b5b26d03ef3cfc1528ca67a6a305a5ae4e75fd5a22b4d586a51cb4"
"00217","diversos","diploma odontologico 210x297mm em couche 300g 4x0 sem enobrecimento refile","00217_524x524-10-diploma-odontologico-210x297mm-em-couche-300g-4x0-sem-enobrecimento-refile_27263_507.webp","00217-diploma-odontologico-210x297mm-em-couche-300g-4x0-sem-e.webp","diversos/00217-diploma-odontologico-210x297mm-em-couche-300g-4x0-sem-e.webp","https://raw.githubusercontent.com/copyeprintlaranjeiras-droid/copy-e-print-assets/main/home/produtos/catalogo-futuraim/diversos/00217-diploma-odontologico-210x297mm-em-couche-300g-4x0-sem-e.webp","9374","3bb8bc21a8ced656fba1f41a639c52a9074cb67d1f041e873e3920662d4fd9a6"
"00218","banners-e-sinalizacao","display de mesa 146x80x100mm em couche brilho 300g 4x0 verniz total brilho frente faca padrao","00218_524x524-10-display-de-mesa-146x80x100mm-em-couche-brilho-300g-4x0-verniz-total-brilho-frente-faca-padrao_70269.webp","00218-display-de-mesa-146x80x100mm-em-couche-brilho-300g-4x0.webp","banners-e-sinalizacao/00218-display-de-mesa-146x80x100mm-em-couche-brilho-300g-4x0.webp","https://raw.githubusercontent.com/copyeprintlaranjeiras-droid/copy-e-print-assets/main/home/produtos/catalogo-futuraim/banners-e-sinalizacao/00218-display-de-mesa-146x80x100mm-em-couche-brilho-300g-4x0.webp","7848","21f3846e5a88b0c3cd799640a30791f37ea8b3c44a5c6eede11b1be2f7992a58"
"00219","banners-e-sinalizacao","display de mesa triedro 100x100x190mm em couche brilho 300g 4x4 verniz total brilho frente faca padrao","00219_524x524-10-display-de-mesa-triedro-100x100x190mm-em-couche-brilho-300g-4x4-verniz-total-brilho-frente-faca-padrao_71021.webp","00219-display-de-mesa-triedro-100x100x190mm-em-couche-brilho.webp","banners-e-sinalizacao/00219-display-de-mesa-triedro-100x100x190mm-em-couche-brilho.webp","https://raw.githubusercontent.com/copyeprintlaranjeiras-droid/copy-e-print-assets/main/home/produtos/catalogo-futuraim/banners-e-sinalizacao/00219-display-de-mesa-triedro-100x100x190mm-em-couche-brilho.webp","5764","743da5f11093a68a37a37f83b8b6b8c9924e0d972bb69ebae8ea71691391cfa4"
"00220","banners-e-sinalizacao","display take one 15x150x215mm em couche brilho 300g 4x4 verniz total brilho frente faca padrao","00220_524x524-10-display-take-one-15x150x215mm-em-couche-brilho-300g-4x4-verniz-total-brilho-frente-faca-padrao_70969.webp","00220-display-take-one-15x150x215mm-em-couche-brilho-300g-4x4.webp","banners-e-sinalizacao/00220-display-take-one-15x150x215mm-em-couche-brilho-300g-4x4.webp","https://raw.githubusercontent.com/copyeprintlaranjeiras-droid/copy-e-print-assets/main/home/produtos/catalogo-futuraim/banners-e-sinalizacao/00220-display-take-one-15x150x215mm-em-couche-brilho-300g-4x4.webp","18074","3bda5845b43036420a1d3b7dcc8ab58b4866176259e35d1dd89129295ed76ade"
"00221","diversos","divisoria de gondola 266x346mm em couche 300g 4x4 sem enobrecimento fita dupla face","00221_524x524-10-divisoria-de-gondola-266x346mm-em-couche-300g-4x4-sem-enobrecimento-fita-dupla-face_81915_129.webp","00221-divisoria-de-gondola-266x346mm-em-couche-300g-4x4-sem-e.webp","diversos/00221-divisoria-de-gondola-266x346mm-em-couche-300g-4x4-sem-e.webp","https://raw.githubusercontent.com/copyeprintlaranjeiras-droid/copy-e-print-assets/main/home/produtos/catalogo-futuraim/diversos/00221-divisoria-de-gondola-266x346mm-em-couche-300g-4x4-sem-e.webp","5794","51424f231801237d7438cd80dff6a49d0f61ba29dea90c613d4f4b52d57af2a9"
"00222","embalagens","envoltorio para embalagem 68x120x208mm em kraft 280g 4x0 sem enobrecimento faca padrao colagem","00222_524x524-10-envoltorio-para-embalagem-68x120x208mm-em-kraft-280g-4x0-sem-enobrecimento-faca-padrao-colagem_75066_472.webp","00222-envoltorio-para-embalagem-68x120x208mm-em-kraft-280g-4x.webp","embalagens/00222-envoltorio-para-embalagem-68x120x208mm-em-kraft-280g-4x.webp","https://raw.githubusercontent.com/copyeprintlaranjeiras-droid/copy-e-print-assets/main/home/produtos/catalogo-futuraim/embalagens/00222-envoltorio-para-embalagem-68x120x208mm-em-kraft-280g-4x.webp","12516","8016d030b9258ad1cf66a5d944e18215c551e2d43147f4389044e1fa5e7aad3a"
"00223","cartoes-e-papelaria","ficha para treino de musculacao 148x210mm em alta alvura 240g 1x1 sem enobrecimento refile","00223_524x524-10-ficha-para-treino-de-musculacao-148x210mm-em-alta-alvura-240g-1x1-sem-enobrecimento-refile_73165_656.webp","00223-ficha-para-treino-de-musculacao-148x210mm-em-alta-alvur.webp","cartoes-e-papelaria/00223-ficha-para-treino-de-musculacao-148x210mm-em-alta-alvur.webp","https://raw.githubusercontent.com/copyeprintlaranjeiras-droid/copy-e-print-assets/main/home/produtos/catalogo-futuraim/cartoes-e-papelaria/00223-ficha-para-treino-de-musculacao-148x210mm-em-alta-alvur.webp","22488","fdcb2e49e6713944fd43f225b42fdf17af3374510a1f0eb5482b47ba3a880c12"
"00224","calendarios-e-agendas","folhinha comercial 270x370mm em duplex 250g 4x0 sem enobrecimento furo 7mm grampo bloco de calendario 2027","00224_524x524-10-folhinha-comercial-270x370mm-em-duplex-250g-4x0-sem-enobrecimento-furo-7mm-grampo-bloco-de-calendario-2027_111657.webp","00224-folhinha-comercial-270x370mm-em-duplex-250g-4x0-sem-eno.webp","calendarios-e-agendas/00224-folhinha-comercial-270x370mm-em-duplex-250g-4x0-sem-eno.webp","https://raw.githubusercontent.com/copyeprintlaranjeiras-droid/copy-e-print-assets/main/home/produtos/catalogo-futuraim/calendarios-e-agendas/00224-folhinha-comercial-270x370mm-em-duplex-250g-4x0-sem-eno.webp","22868","33bb6df7ec775823a7e6c71194ebfca38db45f49e7bcfdcc52cb6ba964605cd9"
"00225","diversos","forma de cupcake 85x235mm em vita solid 250g 4x0 sem enobrecimento faca padrao","00225_524x524-10-forma-de-cupcake-85x235mm-em-vita-solid-250g-4x0-sem-enobrecimento-faca-padrao_14401_936.webp","00225-forma-de-cupcake-85x235mm-em-vita-solid-250g-4x0-sem-en.webp","diversos/00225-forma-de-cupcake-85x235mm-em-vita-solid-250g-4x0-sem-en.webp","https://raw.githubusercontent.com/copyeprintlaranjeiras-droid/copy-e-print-assets/main/home/produtos/catalogo-futuraim/diversos/00225-forma-de-cupcake-85x235mm-em-vita-solid-250g-4x0-sem-en.webp","6816","a0ceb3b433e98bb4544de89b82ba46500ea7aca80c1d3be03b872a59130ee044"
"00226","diversos","pasta com bolsa colada 220x310mm em couche brilho 250g 4x0 sem enobrecimento 1 vinco colagem","00226_524x524-10-pasta-com-bolsa-colada-220x310mm-em-couche-brilho-250g-4x0-sem-enobrecimento-1-vinco-colagem_7302.webp","00226-pasta-com-bolsa-colada-220x310mm-em-couche-brilho-250g.webp","diversos/00226-pasta-com-bolsa-colada-220x310mm-em-couche-brilho-250g.webp","https://raw.githubusercontent.com/copyeprintlaranjeiras-droid/copy-e-print-assets/main/home/produtos/catalogo-futuraim/diversos/00226-pasta-com-bolsa-colada-220x310mm-em-couche-brilho-250g.webp","4972","ce09059d0d51649295f92cbdd737e09d226eda4c36729e81b079a04176ca6d44"
"00227","diversos","pasta com orelha 220x310mm em couche 300g 4x0 sem enobrecimento faca padrao","00227_524x524-10-pasta-com-orelha-220x310mm-em-couche-300g-4x0-sem-enobrecimento-faca-padrao_7622_196.webp","00227-pasta-com-orelha-220x310mm-em-couche-300g-4x0-sem-enobr.webp","diversos/00227-pasta-com-orelha-220x310mm-em-couche-300g-4x0-sem-enobr.webp","https://raw.githubusercontent.com/copyeprintlaranjeiras-droid/copy-e-print-assets/main/home/produtos/catalogo-futuraim/diversos/00227-pasta-com-orelha-220x310mm-em-couche-300g-4x0-sem-enobr.webp","5208","3b2401304889b8a5cead197f51959f9c14e464e831c27bf132f36e1dd066eb38"
"00228","diversos","pasta com orelha e janela 220x310mm em alta alvura 150g 4x0 sem enobrecimento faca padrao","00228_524x524-10-pasta-com-orelha-e-janela-220x310mm-em-alta-alvura-150g-4x0-sem-enobrecimento-faca-padrao_59503.webp","00228-pasta-com-orelha-e-janela-220x310mm-em-alta-alvura-150g.webp","diversos/00228-pasta-com-orelha-e-janela-220x310mm-em-alta-alvura-150g.webp","https://raw.githubusercontent.com/copyeprintlaranjeiras-droid/copy-e-print-assets/main/home/produtos/catalogo-futuraim/diversos/00228-pasta-com-orelha-e-janela-220x310mm-em-alta-alvura-150g.webp","4960","d9c17e9ccd4b7f7886b94a0bbf7f2bcccdc602ca04d154c74f7cd5399da74b02"
"00229","diversos","pasta com vinco central 220x310mm em couche 300g 4x0 sem enobrecimento 1 vinco","00229_524x524-10-pasta-com-vinco-central-220x310mm-em-couche-300g-4x0-sem-enobrecimento-1-vinco_7837_643.webp","00229-pasta-com-vinco-central-220x310mm-em-couche-300g-4x0-se.webp","diversos/00229-pasta-com-vinco-central-220x310mm-em-couche-300g-4x0-se.webp","https://raw.githubusercontent.com/copyeprintlaranjeiras-droid/copy-e-print-assets/main/home/produtos/catalogo-futuraim/diversos/00229-pasta-com-vinco-central-220x310mm-em-couche-300g-4x0-se.webp","5040","64c0c7621f1d1f0e7b1800ec2bdc9cc1995433b8e2fbd9c628d7d93c19e4d9c8"
"00230","diversos","plano de tratamento e orcamento 148x210mm em sulfite 75g 1x0 sem enobrecimento blocagem com 100 folhas","00230_524x524-10-plano-de-tratamento-e-orcamento-148x210mm-em-sulfite-75g-1x0-sem-enobrecimento-blocagem-com-100-folhas_27290_76.webp","00230-plano-de-tratamento-e-orcamento-148x210mm-em-sulfite-75.webp","diversos/00230-plano-de-tratamento-e-orcamento-148x210mm-em-sulfite-75.webp","https://raw.githubusercontent.com/copyeprintlaranjeiras-droid/copy-e-print-assets/main/home/produtos/catalogo-futuraim/diversos/00230-plano-de-tratamento-e-orcamento-148x210mm-em-sulfite-75.webp","15984","1db402aa86a16d3c6cba5cd1fb4e4d8e5e4d04cbc1f8dc0d5d285fab26f64827"
"00231","diversos","quebra cabeca magnetico 105x148mm em manta magnetica 03mm 1665g 4x0 verniz total brilho frente faca padrao","00231_524x524-10-quebra-cabeca-magnetico-105x148mm-em-manta-magnetica-03mm-1665g-4x0-verniz-total-brilho-frente-faca-padrao_36575_418.we","00231-quebra-cabeca-magnetico-105x148mm-em-manta-magnetica-03.webp","diversos/00231-quebra-cabeca-magnetico-105x148mm-em-manta-magnetica-03.webp","https://raw.githubusercontent.com/copyeprintlaranjeiras-droid/copy-e-print-assets/main/home/produtos/catalogo-futuraim/diversos/00231-quebra-cabeca-magnetico-105x148mm-em-manta-magnetica-03.webp","14520","fd9da13ce7fdeeb89281c3877e8597f8a38669402699dd7f5e6c0cc088e44149"
"00232","diversos","recibo 105x148mm em sulfite 90g 4x0 sem enobrecimento blocagem com 100 folhas","00232_524x524-10-recibo-105x148mm-em-sulfite-90g-4x0-sem-enobrecimento-blocagem-com-100-folhas_27368_165.webp","00232-recibo-105x148mm-em-sulfite-90g-4x0-sem-enobrecimento-b.webp","diversos/00232-recibo-105x148mm-em-sulfite-90g-4x0-sem-enobrecimento-b.webp","https://raw.githubusercontent.com/copyeprintlaranjeiras-droid/copy-e-print-assets/main/home/produtos/catalogo-futuraim/diversos/00232-recibo-105x148mm-em-sulfite-90g-4x0-sem-enobrecimento-b.webp","10700","c31b0c47515731f9a2666b005383f8363064a4fe662780bc46999ea2429b0caf"
"00233","diversos","revista 8 paginas 100x148mm em couche brilho 115g 4x4 sem enobrecimento dobra e grampo canoa","00233_524x524-10-revista-8-paginas-100x148mm-em-couche-brilho-115g-4x4-sem-enobrecimento-dobra-e-grampo-canoa_17425_408.webp","00233-revista-8-paginas-100x148mm-em-couche-brilho-115g-4x4-s.webp","diversos/00233-revista-8-paginas-100x148mm-em-couche-brilho-115g-4x4-s.webp","https://raw.githubusercontent.com/copyeprintlaranjeiras-droid/copy-e-print-assets/main/home/produtos/catalogo-futuraim/diversos/00233-revista-8-paginas-100x148mm-em-couche-brilho-115g-4x4-s.webp","10162","4e75d68cd1b81359134a853d867e8d558242ab19c9a4c3ddecdc557295eb88d9"
"00234","embalagens","sacola ecobag personalizada 305x290mm em tecido algodao cru 1x0 impresso em serigrafia modelo padrao","00234_524x524-10-sacola-ecobag-personalizada-305x290mm-em-tecido-algodao-cru-1x0-impresso-em-serigrafia-modelo-padrao_126218.webp","00234-sacola-ecobag-personalizada-305x290mm-em-tecido-algodao.webp","embalagens/00234-sacola-ecobag-personalizada-305x290mm-em-tecido-algodao.webp","https://raw.githubusercontent.com/copyeprintlaranjeiras-droid/copy-e-print-assets/main/home/produtos/catalogo-futuraim/embalagens/00234-sacola-ecobag-personalizada-305x290mm-em-tecido-algodao.webp","12216","1307ad73249eab3ab5d012794bc40f4ba40d97645b76b44023a41d753869fbdc"
"00235","personalizados-e-brindes","taca de champanhe 200ml 67x67x228mm em ps branco 1x0 sem enobrecimento sem tampa","00235_524x524-10-taca-de-champanhe-200ml-67x67x228mm-em-ps-branco-1x0-sem-enobrecimento-sem-tampa_88928.webp","00235-taca-de-champanhe-200ml-67x67x228mm-em-ps-branco-1x0-se.webp","personalizados-e-brindes/00235-taca-de-champanhe-200ml-67x67x228mm-em-ps-branco-1x0-se.webp","https://raw.githubusercontent.com/copyeprintlaranjeiras-droid/copy-e-print-assets/main/home/produtos/catalogo-futuraim/personalizados-e-brindes/00235-taca-de-champanhe-200ml-67x67x228mm-em-ps-branco-1x0-se.webp","3728","862418ecfa40480983b407b856977e453a43762c95ab38bf5d82f97c2c492fc1"
"00236","personalizados-e-brindes","taca de gin 580ml 100x100x200mm em ps preto 1x0 sem enobrecimento sem tampa","00236_524x524-10-taca-de-gin-580ml-100x100x200mm-em-ps-preto-1x0-sem-enobrecimento-sem-tampa_88912.webp","00236-taca-de-gin-580ml-100x100x200mm-em-ps-preto-1x0-sem-eno.webp","personalizados-e-brindes/00236-taca-de-gin-580ml-100x100x200mm-em-ps-preto-1x0-sem-eno.webp","https://raw.githubusercontent.com/copyeprintlaranjeiras-droid/copy-e-print-assets/main/home/produtos/catalogo-futuraim/personalizados-e-brindes/00236-taca-de-gin-580ml-100x100x200mm-em-ps-preto-1x0-sem-eno.webp","5684","84e4d15274ea77187347453e9050e8a1f79b23ddb6c61f2d5b484fae62481dd6"
"00237","personalizados-e-brindes","taca de vinho 250ml 70x70x174mm em ps cristal 1x0 sem enobrecimento sem tampa","00237_524x524-10-taca-de-vinho-250ml-70x70x174mm-em-ps-cristal-1x0-sem-enobrecimento-sem-tampa_88952.webp","00237-taca-de-vinho-250ml-70x70x174mm-em-ps-cristal-1x0-sem-e.webp","personalizados-e-brindes/00237-taca-de-vinho-250ml-70x70x174mm-em-ps-cristal-1x0-sem-e.webp","https://raw.githubusercontent.com/copyeprintlaranjeiras-droid/copy-e-print-assets/main/home/produtos/catalogo-futuraim/personalizados-e-brindes/00237-taca-de-vinho-250ml-70x70x174mm-em-ps-cristal-1x0-sem-e.webp","4044","75f2de94a9ac177db367f4b59624dcaa1b4bc16bf030b1da6272d67023f9ea86"
"00238","cartoes-e-papelaria","tag para canudo 46x75mm em couche brilho 250g 4x0 sem enobrecimento faca padrao","00238_524x524-10-tag-para-canudo-46x75mm-em-couche-brilho-250g-4x0-sem-enobrecimento-faca-padrao_14411_427.webp","00238-tag-para-canudo-46x75mm-em-couche-brilho-250g-4x0-sem-e.webp","cartoes-e-papelaria/00238-tag-para-canudo-46x75mm-em-couche-brilho-250g-4x0-sem-e.webp","https://raw.githubusercontent.com/copyeprintlaranjeiras-droid/copy-e-print-assets/main/home/produtos/catalogo-futuraim/cartoes-e-papelaria/00238-tag-para-canudo-46x75mm-em-couche-brilho-250g-4x0-sem-e.webp","7402","dc5f83add1ad05c51ab572ab1c120c7cf07bf8fdb1e530b02262042acc34fdd5"
"00239","diversos","taloes 100x1 105x148mm em sulfite 75g 1x0 sem enobrecimento blocagem com 100 folhas serrilha grampo","00239_524x524-10-taloes-100x1-105x148mm-em-sulfite-75g-1x0-sem-enobrecimento-blocagem-com-100-folhas-serrilha-grampo_10300_263.webp","00239-taloes-100x1-105x148mm-em-sulfite-75g-1x0-sem-enobrecim.webp","diversos/00239-taloes-100x1-105x148mm-em-sulfite-75g-1x0-sem-enobrecim.webp","https://raw.githubusercontent.com/copyeprintlaranjeiras-droid/copy-e-print-assets/main/home/produtos/catalogo-futuraim/diversos/00239-taloes-100x1-105x148mm-em-sulfite-75g-1x0-sem-enobrecim.webp","6596","18ae82e69ddd027404c2e8547014e29a6ef4943bb6d7a1f343bff52c68a3524d"
"00240","diversos","tampa de marmitinha 96x120mm em couche brilho 250g 4x0 sem enobrecimento faca padrao","00240_524x524-10-tampa-de-marmitinha-96x120mm-em-couche-brilho-250g-4x0-sem-enobrecimento-faca-padrao_14406_276.webp","00240-tampa-de-marmitinha-96x120mm-em-couche-brilho-250g-4x0.webp","diversos/00240-tampa-de-marmitinha-96x120mm-em-couche-brilho-250g-4x0.webp","https://raw.githubusercontent.com/copyeprintlaranjeiras-droid/copy-e-print-assets/main/home/produtos/catalogo-futuraim/diversos/00240-tampa-de-marmitinha-96x120mm-em-couche-brilho-250g-4x0.webp","27736","4746df38b2b7a8393993ab3eebc01901f0ce45fe40d6b1c1909f818a7b00a77c"
"00241","banners-e-sinalizacao","wind banner completo para piso g modelo faca 650x2750mm em tecido poliester 98g 4x4 impressao ultra hd sublimatica dupl","00241_524x524-10-wind-banner-completo-para-piso-g-modelo-faca-650x2750mm-em-tecido-poliester-98g-4x4-impressao-ultra-hd-sublimatica-dupl","00241-wind-banner-completo-para-piso-g-modelo-faca-650x2750mm.webp","banners-e-sinalizacao/00241-wind-banner-completo-para-piso-g-modelo-faca-650x2750mm.webp","https://raw.githubusercontent.com/copyeprintlaranjeiras-droid/copy-e-print-assets/main/home/produtos/catalogo-futuraim/banners-e-sinalizacao/00241-wind-banner-completo-para-piso-g-modelo-faca-650x2750mm.webp","8674","14be528936c5c7f831cdc7e2d18cf2b25ff5ac1d2f95a0dfba5cbd3cf149f2b7"
"00242","adesivos-e-rotulos","adesivo corte personalizado 50x50mm em bopp adesivo branco brilho 50g 4x0 hot stamping dourado especial bobina 330mm","00242_524x524-100-adesivo-corte-personalizado-50x50mm-em-bopp-adesivo-branco-brilho-50g-4x0-hot-stamping-dourado-especial-bobina-330mm_1","00242-adesivo-corte-personalizado-50x50mm-em-bopp-adesivo-bra.webp","adesivos-e-rotulos/00242-adesivo-corte-personalizado-50x50mm-em-bopp-adesivo-bra.webp","https://raw.githubusercontent.com/copyeprintlaranjeiras-droid/copy-e-print-assets/main/home/produtos/catalogo-futuraim/adesivos-e-rotulos/00242-adesivo-corte-personalizado-50x50mm-em-bopp-adesivo-bra.webp","9884","6156d667a9f62823c7ec3e0b645898179ae4dc60b810d869aeec46ec848fcba4"
"00243","adesivos-e-rotulos","adesivo corte personalizado 50x50mm em bopp adesivo branco brilho 50g 4x0 hot stamping prata especial bobina 330mm","00243_524x524-100-adesivo-corte-personalizado-50x50mm-em-bopp-adesivo-branco-brilho-50g-4x0-hot-stamping-prata-especial-bobina-330mm_135","00243-adesivo-corte-personalizado-50x50mm-em-bopp-adesivo-bra.webp","adesivos-e-rotulos/00243-adesivo-corte-personalizado-50x50mm-em-bopp-adesivo-bra.webp","https://raw.githubusercontent.com/copyeprintlaranjeiras-droid/copy-e-print-assets/main/home/produtos/catalogo-futuraim/adesivos-e-rotulos/00243-adesivo-corte-personalizado-50x50mm-em-bopp-adesivo-bra.webp","8550","7eb57560845627f1a914ff7012b945fc78d77aa5268b9847f91abdc4439716cb"
"00244","adesivos-e-rotulos","adesivo corte personalizado 50x50mm em offset adesivo 50g 4x0 sem enobrecimento especial bobina 330mm","00244_524x524-100-adesivo-corte-personalizado-50x50mm-em-offset-adesivo-50g-4x0-sem-enobrecimento-especial-bobina-330mm_136509.webp","00244-adesivo-corte-personalizado-50x50mm-em-offset-adesivo-5.webp","adesivos-e-rotulos/00244-adesivo-corte-personalizado-50x50mm-em-offset-adesivo-5.webp","https://raw.githubusercontent.com/copyeprintlaranjeiras-droid/copy-e-print-assets/main/home/produtos/catalogo-futuraim/adesivos-e-rotulos/00244-adesivo-corte-personalizado-50x50mm-em-offset-adesivo-5.webp","8564","b7f535625e5e94090ae4fc1ca49c7d8597ca0cac35098bd8c82ad521fbb9d951"
"00245","adesivos-e-rotulos","adesivo lacre de seguranca delivery 50x50mm em offset adesivo 50g 4x0 sem enobrecimento especial bobina 330mm","00245_524x524-100-adesivo-lacre-de-seguranca-delivery-50x50mm-em-offset-adesivo-50g-4x0-sem-enobrecimento-especial-bobina-330mm_136650.w","00245-adesivo-lacre-de-seguranca-delivery-50x50mm-em-offset-a.webp","adesivos-e-rotulos/00245-adesivo-lacre-de-seguranca-delivery-50x50mm-em-offset-a.webp","https://raw.githubusercontent.com/copyeprintlaranjeiras-droid/copy-e-print-assets/main/home/produtos/catalogo-futuraim/adesivos-e-rotulos/00245-adesivo-lacre-de-seguranca-delivery-50x50mm-em-offset-a.webp","6888","e251c6f6448df8f2880956f7a450e16409be1016d27b6ca092e8cd70d9596d69"
"00246","adesivos-e-rotulos","adesivo para choque eleicoes 260x76mm em vinil adesivo branco brilho 120g 4x0 sem enobrecimento refile automatico","00246_524x524-100-adesivo-para-choque-eleicoes-260x76mm-em-vinil-adesivo-branco-brilho-120g-4x0-sem-enobrecimento-refile-automatico_1297","00246-adesivo-para-choque-eleicoes-260x76mm-em-vinil-adesivo.webp","adesivos-e-rotulos/00246-adesivo-para-choque-eleicoes-260x76mm-em-vinil-adesivo.webp","https://raw.githubusercontent.com/copyeprintlaranjeiras-droid/copy-e-print-assets/main/home/produtos/catalogo-futuraim/adesivos-e-rotulos/00246-adesivo-para-choque-eleicoes-260x76mm-em-vinil-adesivo.webp","11874","1015bd3e0f0537bcf62a57e0328ab5b4a6f44eca6267056cb197b811f0224c88"
"00247","adesivos-e-rotulos","adesivo troca de oleo 40x50mm em vinil adesivo transparente 150g 5x1 sem enobrecimento rolo meio corte retangular","00247_524x524-100-adesivo-troca-de-oleo-40x50mm-em-vinil-adesivo-transparente-150g-5x1-sem-enobrecimento-rolo-meio-corte-retangular_7952","00247-adesivo-troca-de-oleo-40x50mm-em-vinil-adesivo-transpar.webp","adesivos-e-rotulos/00247-adesivo-troca-de-oleo-40x50mm-em-vinil-adesivo-transpar.webp","https://raw.githubusercontent.com/copyeprintlaranjeiras-droid/copy-e-print-assets/main/home/produtos/catalogo-futuraim/adesivos-e-rotulos/00247-adesivo-troca-de-oleo-40x50mm-em-vinil-adesivo-transpar.webp","17562","6a985ad5e05650f1ed3cd77a36b75a4c2d5e910772fa24d28e91862af9e65743"
"00248","diversos","alvo para tiro 490x680mm em sulfite 75g 1x0 sem enobrecimento refile","00248_524x524-100-alvo-para-tiro-490x680mm-em-sulfite-75g-1x0-sem-enobrecimento-refile_106617.webp","00248-alvo-para-tiro-490x680mm-em-sulfite-75g-1x0-sem-enobrec.webp","diversos/00248-alvo-para-tiro-490x680mm-em-sulfite-75g-1x0-sem-enobrec.webp","https://raw.githubusercontent.com/copyeprintlaranjeiras-droid/copy-e-print-assets/main/home/produtos/catalogo-futuraim/diversos/00248-alvo-para-tiro-490x680mm-em-sulfite-75g-1x0-sem-enobrec.webp","5550","29c6f239f8940d2382e0500d8c3c02918ea1d77efeeb969c3c2addb1f419e70e"
"00249","embalagens","caixa para bijuterias 73x44x56mm em kraft 280g 1x0 sem enobrecimento faca padrao","00249_524x524-100-caixa-para-bijuterias-73x44x56mm-em-kraft-280g-1x0-sem-enobrecimento-faca-padrao_43890_553.webp","00249-caixa-para-bijuterias-73x44x56mm-em-kraft-280g-1x0-sem.webp","embalagens/00249-caixa-para-bijuterias-73x44x56mm-em-kraft-280g-1x0-sem.webp","https://raw.githubusercontent.com/copyeprintlaranjeiras-droid/copy-e-print-assets/main/home/produtos/catalogo-futuraim/embalagens/00249-caixa-para-bijuterias-73x44x56mm-em-kraft-280g-1x0-sem.webp","16638","cecc5208fb3810b69809b1e511792df708b9cdeddf6dca3b780ecc18a3f37f9b"
"00250","embalagens","caixa para bijuterias e semijoias 73x56x44mm em papel cartao 250g 4x0 sem enobrecimento faca padrao","00250_524x524-100-caixa-para-bijuterias-e-semijoias-73x56x44mm-em-papel-cartao-250g-4x0-sem-enobrecimento-faca-padrao_73040.webp","00250-caixa-para-bijuterias-e-semijoias-73x56x44mm-em-papel-c.webp","embalagens/00250-caixa-para-bijuterias-e-semijoias-73x56x44mm-em-papel-c.webp","https://raw.githubusercontent.com/copyeprintlaranjeiras-droid/copy-e-print-assets/main/home/produtos/catalogo-futuraim/embalagens/00250-caixa-para-bijuterias-e-semijoias-73x56x44mm-em-papel-c.webp","6718","b88d7f021de9c3762914f319fe597467c197633d9eec76e5b98091d7ecfc19ca"
"00251","cartoes-e-papelaria","cartao de visita 43x48mm em reciclato 240g 4x0 sem enobrecimento refile","00251_524x524-100-cartao-de-visita-43x48mm-em-reciclato-240g-4x0-sem-enobrecimento-refile_6887_813.webp","00251-cartao-de-visita-43x48mm-em-reciclato-240g-4x0-sem-enob.webp","cartoes-e-papelaria/00251-cartao-de-visita-43x48mm-em-reciclato-240g-4x0-sem-enob.webp","https://raw.githubusercontent.com/copyeprintlaranjeiras-droid/copy-e-print-assets/main/home/produtos/catalogo-futuraim/cartoes-e-papelaria/00251-cartao-de-visita-43x48mm-em-reciclato-240g-4x0-sem-enob.webp","6140","81468a61ec847f1ae8a9946350b8c7abe0cdac57660ad385e4735a3921945436"
"00252","cartoes-e-papelaria","cartao de visita 48x88mm em couche brilho 300g 4x0 laminacao holografica refile","00252_524x524-100-cartao-de-visita-48x88mm-em-couche-brilho-300g-4x0-laminacao-holografica-refile_3731_372.webp","00252-cartao-de-visita-48x88mm-em-couche-brilho-300g-4x0-lami.webp","cartoes-e-papelaria/00252-cartao-de-visita-48x88mm-em-couche-brilho-300g-4x0-lami.webp","https://raw.githubusercontent.com/copyeprintlaranjeiras-droid/copy-e-print-assets/main/home/produtos/catalogo-futuraim/cartoes-e-papelaria/00252-cartao-de-visita-48x88mm-em-couche-brilho-300g-4x0-lami.webp","13902","1440264e743321f893bcaca038cab048a4a5cb6e878571e0bd389b232f45454c"
"00253","cartoes-e-papelaria","cartao de visita 48x88mm em couche fosco 300g 4x0 laminacao soft touch refile","00253_524x524-100-cartao-de-visita-48x88mm-em-couche-fosco-300g-4x0-laminacao-soft-touch-refile_3947_44.webp","00253-cartao-de-visita-48x88mm-em-couche-fosco-300g-4x0-lamin.webp","cartoes-e-papelaria/00253-cartao-de-visita-48x88mm-em-couche-fosco-300g-4x0-lamin.webp","https://raw.githubusercontent.com/copyeprintlaranjeiras-droid/copy-e-print-assets/main/home/produtos/catalogo-futuraim/cartoes-e-papelaria/00253-cartao-de-visita-48x88mm-em-couche-fosco-300g-4x0-lamin.webp","4072","ddf2857e9d8c70e1236ccf4c603852c91c56b05a621f52f0b34e6ccdd6cb83c4"
"00254","cartoes-e-papelaria","cartao de visita 48x88mm em couche fosco 300g 4x4 laminacao fosca frente e verso refile","00254_524x524-100-cartao-de-visita-48x88mm-em-couche-fosco-300g-4x4-laminacao-fosca-frente-e-verso-refile_4681_813.webp","00254-cartao-de-visita-48x88mm-em-couche-fosco-300g-4x4-lamin.webp","cartoes-e-papelaria/00254-cartao-de-visita-48x88mm-em-couche-fosco-300g-4x4-lamin.webp","https://raw.githubusercontent.com/copyeprintlaranjeiras-droid/copy-e-print-assets/main/home/produtos/catalogo-futuraim/cartoes-e-papelaria/00254-cartao-de-visita-48x88mm-em-couche-fosco-300g-4x4-lamin.webp","6376","1db713dc177d7edd2a73f6f6c80d896fcee04c9990b35be2b0e18055c732dc8d"
"00255","cartoes-e-papelaria","cartao de visita 48x88mm em perolizado 250g 4x0 sem enobrecimento refile","00255_524x524-100-cartao-de-visita-48x88mm-em-perolizado-250g-4x0-sem-enobrecimento-refile_4706_758.webp","00255-cartao-de-visita-48x88mm-em-perolizado-250g-4x0-sem-eno.webp","cartoes-e-papelaria/00255-cartao-de-visita-48x88mm-em-perolizado-250g-4x0-sem-eno.webp","https://raw.githubusercontent.com/copyeprintlaranjeiras-droid/copy-e-print-assets/main/home/produtos/catalogo-futuraim/cartoes-e-papelaria/00255-cartao-de-visita-48x88mm-em-perolizado-250g-4x0-sem-eno.webp","6492","798a20c6030854d0019737139079133c3293f60485fce69366fb1f04285d2ea6"
"00256","cartoes-e-papelaria","cartao de visita 48x88mm em reciclato 240g 4x0 sem enobrecimento refile","00256_524x524-100-cartao-de-visita-48x88mm-em-reciclato-240g-4x0-sem-enobrecimento-refile_4686_312.webp","00256-cartao-de-visita-48x88mm-em-reciclato-240g-4x0-sem-enob.webp","cartoes-e-papelaria/00256-cartao-de-visita-48x88mm-em-reciclato-240g-4x0-sem-enob.webp","https://raw.githubusercontent.com/copyeprintlaranjeiras-droid/copy-e-print-assets/main/home/produtos/catalogo-futuraim/cartoes-e-papelaria/00256-cartao-de-visita-48x88mm-em-reciclato-240g-4x0-sem-enob.webp","9612","00abf47568c68f2c19f9e958232247c08a43f83a9cdaccfe65bf423e87ebf2c0"
"00257","cartoes-e-papelaria","cartao de visita 88x48mm em couche fosco 300g 4x4 laminacao fosca e verniz localizado frente e verso refile","00257_524x524-100-cartao-de-visita-88x48mm-em-couche-fosco-300g-4x4-laminacao-fosca-e-verniz-localizado-frente-e-verso-refile_20847.webp","00257-cartao-de-visita-88x48mm-em-couche-fosco-300g-4x4-lamin.webp","cartoes-e-papelaria/00257-cartao-de-visita-88x48mm-em-couche-fosco-300g-4x4-lamin.webp","https://raw.githubusercontent.com/copyeprintlaranjeiras-droid/copy-e-print-assets/main/home/produtos/catalogo-futuraim/cartoes-e-papelaria/00257-cartao-de-visita-88x48mm-em-couche-fosco-300g-4x4-lamin.webp","8038","05565afdf5ca0c2ff0e75dea4a5147ac62cf03e1b98863635e2f881d53274357"
"00258","cartoes-e-papelaria","cartao de visita dourado 48x88mm em couche fosco 300g 4x4 laminacao soft touch hot stamping dourado frente refile","00258_524x524-100-cartao-de-visita-dourado-48x88mm-em-couche-fosco-300g-4x4-laminacao-soft-touch-hot-stamping-dourado-frente-refile_2733","00258-cartao-de-visita-dourado-48x88mm-em-couche-fosco-300g-4.webp","cartoes-e-papelaria/00258-cartao-de-visita-dourado-48x88mm-em-couche-fosco-300g-4.webp","https://raw.githubusercontent.com/copyeprintlaranjeiras-droid/copy-e-print-assets/main/home/produtos/catalogo-futuraim/cartoes-e-papelaria/00258-cartao-de-visita-dourado-48x88mm-em-couche-fosco-300g-4.webp","6638","d62254e36fcf66845ac10f2f47d42bdab4fffe806ba627d7b02b1f2c568a0ca5"
"00259","diversos","cartela capelinha 54x80mm em couche brilho 250g 4x0 sem enobrecimento faca padrao","00259_524x524-100-cartela-capelinha-54x80mm-em-couche-brilho-250g-4x0-sem-enobrecimento-faca-padrao_2783_376.webp","00259-cartela-capelinha-54x80mm-em-couche-brilho-250g-4x0-sem.webp","diversos/00259-cartela-capelinha-54x80mm-em-couche-brilho-250g-4x0-sem.webp","https://raw.githubusercontent.com/copyeprintlaranjeiras-droid/copy-e-print-assets/main/home/produtos/catalogo-futuraim/diversos/00259-cartela-capelinha-54x80mm-em-couche-brilho-250g-4x0-sem.webp","5908","80b08ed01afe50bf3293b0093697897565b03131801cf9d076139d0d553c9144"
"00260","diversos","cartela gravatinha 65x46mm em kraft 280g 1x0 sem enobrecimento faca padrao","00260_524x524-100-cartela-gravatinha-65x46mm-em-kraft-280g-1x0-sem-enobrecimento-faca-padrao_43850_534.webp","00260-cartela-gravatinha-65x46mm-em-kraft-280g-1x0-sem-enobre.webp","diversos/00260-cartela-gravatinha-65x46mm-em-kraft-280g-1x0-sem-enobre.webp","https://raw.githubusercontent.com/copyeprintlaranjeiras-droid/copy-e-print-assets/main/home/produtos/catalogo-futuraim/diversos/00260-cartela-gravatinha-65x46mm-em-kraft-280g-1x0-sem-enobre.webp","9890","74e00e60871a222cec4e032d4701c9468f958c542f9d50d2da21aec06740e49b"
"00261","diversos","cartela para bijuterias 88x48mm em kraft 280g 1x0 sem enobrecimento faca padrao","00261_524x524-100-cartela-para-bijuterias-88x48mm-em-kraft-280g-1x0-sem-enobrecimento-faca-padrao_43750_551.webp","00261-cartela-para-bijuterias-88x48mm-em-kraft-280g-1x0-sem-e.webp","diversos/00261-cartela-para-bijuterias-88x48mm-em-kraft-280g-1x0-sem-e.webp","https://raw.githubusercontent.com/copyeprintlaranjeiras-droid/copy-e-print-assets/main/home/produtos/catalogo-futuraim/diversos/00261-cartela-para-bijuterias-88x48mm-em-kraft-280g-1x0-sem-e.webp","19568","a3307b2049cef803995d55f09dfbab8882c17755aea3809f66bc11eb4d7daa95"
"00262","diversos","cartela para brincos 38x48mm em kraft 280g 1x0 sem enobrecimento faca padrao","00262_524x524-100-cartela-para-brincos-38x48mm-em-kraft-280g-1x0-sem-enobrecimento-faca-padrao_43650_993.webp","00262-cartela-para-brincos-38x48mm-em-kraft-280g-1x0-sem-enob.webp","diversos/00262-cartela-para-brincos-38x48mm-em-kraft-280g-1x0-sem-enob.webp","https://raw.githubusercontent.com/copyeprintlaranjeiras-droid/copy-e-print-assets/main/home/produtos/catalogo-futuraim/diversos/00262-cartela-para-brincos-38x48mm-em-kraft-280g-1x0-sem-enob.webp","9624","edf19d2d49ac0cf24124ed27c052278c72c0e812fb3a2d30065d8b91669e03a3"
"00263","diversos","cartela para brincos 98x71mm em kraft 280g 1x0 sem enobrecimento faca padrao","00263_524x524-100-cartela-para-brincos-98x71mm-em-kraft-280g-1x0-sem-enobrecimento-faca-padrao_43740_693.webp","00263-cartela-para-brincos-98x71mm-em-kraft-280g-1x0-sem-enob.webp","diversos/00263-cartela-para-brincos-98x71mm-em-kraft-280g-1x0-sem-enob.webp","https://raw.githubusercontent.com/copyeprintlaranjeiras-droid/copy-e-print-assets/main/home/produtos/catalogo-futuraim/diversos/00263-cartela-para-brincos-98x71mm-em-kraft-280g-1x0-sem-enob.webp","16622","91700a4d8636a18c3365adecf236398a3e77aeba07faba91bf65588c0a92e148"
"00264","cartoes-e-papelaria","certificado de garantia 48x88mm em kraft 280g 1x0 sem enobrecimento faca padrao","00264_524x524-100-certificado-de-garantia-48x88mm-em-kraft-280g-1x0-sem-enobrecimento-faca-padrao_43870_749.webp","00264-certificado-de-garantia-48x88mm-em-kraft-280g-1x0-sem-e.webp","cartoes-e-papelaria/00264-certificado-de-garantia-48x88mm-em-kraft-280g-1x0-sem-e.webp","https://raw.githubusercontent.com/copyeprintlaranjeiras-droid/copy-e-print-assets/main/home/produtos/catalogo-futuraim/cartoes-e-papelaria/00264-certificado-de-garantia-48x88mm-em-kraft-280g-1x0-sem-e.webp","17638","cc0252bb65c1230441146851f6177c1e217a5b5d32f0a4d94835ebf09dad3be8"
"00265","embalagens","cinta para panetone 85x470mm em cartao triplex certificado 300g 4x0 sem enobrecimento faca padrao","00265_524x524-100-cinta-para-panetone-85x470mm-em-cartao-triplex-certificado-300g-4x0-sem-enobrecimento-faca-padrao_31246_804.webp","00265-cinta-para-panetone-85x470mm-em-cartao-triplex-certific.webp","embalagens/00265-cinta-para-panetone-85x470mm-em-cartao-triplex-certific.webp","https://raw.githubusercontent.com/copyeprintlaranjeiras-droid/copy-e-print-assets/main/home/produtos/catalogo-futuraim/embalagens/00265-cinta-para-panetone-85x470mm-em-cartao-triplex-certific.webp","14222","991549c55b5a6f551acb3b856be6c78962981ee17ab708b5d2c30ad2fb545392"
"00266","embalagens","embalagem almofada para bijuteria 80x85mm em kraft 280g 1x0 sem enobrecimento faca padrao","00266_524x524-100-embalagem-almofada-para-bijuteria-80x85mm-em-kraft-280g-1x0-sem-enobrecimento-faca-padrao_74995.webp","00266-embalagem-almofada-para-bijuteria-80x85mm-em-kraft-280g.webp","embalagens/00266-embalagem-almofada-para-bijuteria-80x85mm-em-kraft-280g.webp","https://raw.githubusercontent.com/copyeprintlaranjeiras-droid/copy-e-print-assets/main/home/produtos/catalogo-futuraim/embalagens/00266-embalagem-almofada-para-bijuteria-80x85mm-em-kraft-280g.webp","4852","0a2c02c2a7f397c1b66273d68f3a2580c0e3b53373674ce8aa6a7062a578e796"
"00267","embalagens","embalagem para capinha de celular 90x13x167mm em couche brilho 250g 4x0 verniz total brilho frente faca padrao","00267_524x524-100-embalagem-para-capinha-de-celular-90x13x167mm-em-couche-brilho-250g-4x0-verniz-total-brilho-frente-faca-padrao_61842_2","00267-embalagem-para-capinha-de-celular-90x13x167mm-em-couche.webp","embalagens/00267-embalagem-para-capinha-de-celular-90x13x167mm-em-couche.webp","https://raw.githubusercontent.com/copyeprintlaranjeiras-droid/copy-e-print-assets/main/home/produtos/catalogo-futuraim/embalagens/00267-embalagem-para-capinha-de-celular-90x13x167mm-em-couche.webp","11444","60201caf77de754ce2dd194482c374743fbf032312555e83d8e1f5faea477e1c"
"00268","embalagens","embalagem para tortas 80x240mm em cartao triplex certificado 300g 4x0 sem enobrecimento faca padrao","00268_524x524-100-embalagem-para-tortas-80x240mm-em-cartao-triplex-certificado-300g-4x0-sem-enobrecimento-faca-padrao_33421_45.webp","00268-embalagem-para-tortas-80x240mm-em-cartao-triplex-certif.webp","embalagens/00268-embalagem-para-tortas-80x240mm-em-cartao-triplex-certif.webp","https://raw.githubusercontent.com/copyeprintlaranjeiras-droid/copy-e-print-assets/main/home/produtos/catalogo-futuraim/embalagens/00268-embalagem-para-tortas-80x240mm-em-cartao-triplex-certif.webp","30190","307f500d1f81cfab8b76c71bff421e9b12bf4fd7a9a672c495f1afd9a0748980"
"00269","cartoes-e-papelaria","envelope aba lateral 113x229mm em sulfite 90g 4x0 sem enobrecimento faca padrao","00269_524x524-100-envelope-aba-lateral-113x229mm-em-sulfite-90g-4x0-sem-enobrecimento-faca-padrao_50341_381.webp","00269-envelope-aba-lateral-113x229mm-em-sulfite-90g-4x0-sem-e.webp","cartoes-e-papelaria/00269-envelope-aba-lateral-113x229mm-em-sulfite-90g-4x0-sem-e.webp","https://raw.githubusercontent.com/copyeprintlaranjeiras-droid/copy-e-print-assets/main/home/produtos/catalogo-futuraim/cartoes-e-papelaria/00269-envelope-aba-lateral-113x229mm-em-sulfite-90g-4x0-sem-e.webp","11304","2eec85630ef10405d4700e311b4808778bba32e87b09a969190a259d1d399b82"
"00270","cartoes-e-papelaria","envelope carta 114x162mm em sulfite 90g 4x0 sem enobrecimento faca padrao","00270_524x524-100-envelope-carta-114x162mm-em-sulfite-90g-4x0-sem-enobrecimento-faca-padrao_27269_193.webp","00270-envelope-carta-114x162mm-em-sulfite-90g-4x0-sem-enobrec.webp","cartoes-e-papelaria/00270-envelope-carta-114x162mm-em-sulfite-90g-4x0-sem-enobrec.webp","https://raw.githubusercontent.com/copyeprintlaranjeiras-droid/copy-e-print-assets/main/home/produtos/catalogo-futuraim/cartoes-e-papelaria/00270-envelope-carta-114x162mm-em-sulfite-90g-4x0-sem-enobrec.webp","9914","066a59be3c714cb5a667bf09e03520ce354c2b55ad9b9b887d4ffe47dc038855"
"00271","cartoes-e-papelaria","envelope comercial 114x162mm em sulfite 80g 1x0 sem enobrecimento modelo padrao","00271_524x524-100-envelope-comercial-114x162mm-em-sulfite-80g-1x0-sem-enobrecimento-modelo-padrao_50205_806.webp","00271-envelope-comercial-114x162mm-em-sulfite-80g-1x0-sem-eno.webp","cartoes-e-papelaria/00271-envelope-comercial-114x162mm-em-sulfite-80g-1x0-sem-eno.webp","https://raw.githubusercontent.com/copyeprintlaranjeiras-droid/copy-e-print-assets/main/home/produtos/catalogo-futuraim/cartoes-e-papelaria/00271-envelope-comercial-114x162mm-em-sulfite-80g-1x0-sem-eno.webp","5464","9ca96fc7016183e82d7d560547fa6d762c39e6a843a758a5b3c2257421a34a15"
"00272","cartoes-e-papelaria","envelope oficio 115x230mm em sulfite 80g 1x0 sem enobrecimento modelo padrao","00272_524x524-100-envelope-oficio-115x230mm-em-sulfite-80g-1x0-sem-enobrecimento-modelo-padrao_50210.webp","00272-envelope-oficio-115x230mm-em-sulfite-80g-1x0-sem-enobre.webp","cartoes-e-papelaria/00272-envelope-oficio-115x230mm-em-sulfite-80g-1x0-sem-enobre.webp","https://raw.githubusercontent.com/copyeprintlaranjeiras-droid/copy-e-print-assets/main/home/produtos/catalogo-futuraim/cartoes-e-papelaria/00272-envelope-oficio-115x230mm-em-sulfite-80g-1x0-sem-enobre.webp","5188","40f6028c928a97075f090e8696faeec2463ed9ac6cf99674a420af85062e4dc5"
"00273","adesivos-e-rotulos","etiqueta adesiva 50x100mm em adesivo sulfite 80g 4x0 sem enobrecimento meio corte padrao","00273_524x524-100-etiqueta-adesiva-50x100mm-em-adesivo-sulfite-80g-4x0-sem-enobrecimento-meio-corte-padrao_52057_7.webp","00273-etiqueta-adesiva-50x100mm-em-adesivo-sulfite-80g-4x0-se.webp","adesivos-e-rotulos/00273-etiqueta-adesiva-50x100mm-em-adesivo-sulfite-80g-4x0-se.webp","https://raw.githubusercontent.com/copyeprintlaranjeiras-droid/copy-e-print-assets/main/home/produtos/catalogo-futuraim/adesivos-e-rotulos/00273-etiqueta-adesiva-50x100mm-em-adesivo-sulfite-80g-4x0-se.webp","14416","987a738c6c70090add8f193b58daf3f1ffb1e0877fee22d44fb39078593621ae"
"00274","cartoes-e-papelaria","ficha clinica 210x148mm em alta alvura 150g 1x1 sem enobrecimento refile","00274_524x524-100-ficha-clinica-210x148mm-em-alta-alvura-150g-1x1-sem-enobrecimento-refile_27284_518.webp","00274-ficha-clinica-210x148mm-em-alta-alvura-150g-1x1-sem-eno.jpg","cartoes-e-papelaria/00274-ficha-clinica-210x148mm-em-alta-alvura-150g-1x1-sem-eno.jpg","https://raw.githubusercontent.com/copyeprintlaranjeiras-droid/copy-e-print-assets/main/home/produtos/catalogo-futuraim/cartoes-e-papelaria/00274-ficha-clinica-210x148mm-em-alta-alvura-150g-1x1-sem-eno.jpg","10030","85303966351248984d3fed8459b17b3ba0d5c0dfada3420dcb89867d30d747b8"
"00275","cartoes-e-papelaria","ficha rx 2 espacos 110x80mm em alta alvura 240g 1x0 sem enobrecimento faca padrao","00275_524x524-100-ficha-rx-2-espacos-110x80mm-em-alta-alvura-240g-1x0-sem-enobrecimento-faca-padrao_27278_203.webp","00275-ficha-rx-2-espacos-110x80mm-em-alta-alvura-240g-1x0-sem.webp","cartoes-e-papelaria/00275-ficha-rx-2-espacos-110x80mm-em-alta-alvura-240g-1x0-sem.webp","https://raw.githubusercontent.com/copyeprintlaranjeiras-droid/copy-e-print-assets/main/home/produtos/catalogo-futuraim/cartoes-e-papelaria/00275-ficha-rx-2-espacos-110x80mm-em-alta-alvura-240g-1x0-sem.webp","13856","c173f95ab60d446c27e2425e11addeaada3cc45fff13f6173eb9804cc79e88e7"
"00276","cartoes-e-papelaria","fichas 148x105mm em alta alvura 150g 1x0 sem enobrecimento refile","00276_524x524-100-fichas-148x105mm-em-alta-alvura-150g-1x0-sem-enobrecimento-refile_25976_416.webp","00276-fichas-148x105mm-em-alta-alvura-150g-1x0-sem-enobrecime.webp","cartoes-e-papelaria/00276-fichas-148x105mm-em-alta-alvura-150g-1x0-sem-enobrecime.webp","https://raw.githubusercontent.com/copyeprintlaranjeiras-droid/copy-e-print-assets/main/home/produtos/catalogo-futuraim/cartoes-e-papelaria/00276-fichas-148x105mm-em-alta-alvura-150g-1x0-sem-enobrecime.webp","7848","11e06797e8604c70aa881926032da85096a92ee61c5124817c481c4130970467"
"00277","calendarios-e-agendas","ima de geladeira 50x40mm em manta magnetica 03mm 1665g 4x0 verniz total brilho frente montado bloco de calendario 2026","00277_524x524-100-ima-de-geladeira-50x40mm-em-manta-magnetica-03mm-1665g-4x0-verniz-total-brilho-frente-montado-bloco-de-calendario-2026","00277-ima-de-geladeira-50x40mm-em-manta-magnetica-03mm-1665g.webp","calendarios-e-agendas/00277-ima-de-geladeira-50x40mm-em-manta-magnetica-03mm-1665g.webp","https://raw.githubusercontent.com/copyeprintlaranjeiras-droid/copy-e-print-assets/main/home/produtos/catalogo-futuraim/calendarios-e-agendas/00277-ima-de-geladeira-50x40mm-em-manta-magnetica-03mm-1665g.webp","18960","830d50320a73e677269431cdc1d8f764b819e485f85a533c5dededce8235ffa0"
"00278","adesivos-e-rotulos","lacre fecha sacola 40x100mm em offset adesivo 50g 4x0 sem enobrecimento redondo bobina 330mm","00278_524x524-100-lacre-fecha-sacola-40x100mm-em-offset-adesivo-50g-4x0-sem-enobrecimento-redondo-bobina-330mm_139853.webp","00278-lacre-fecha-sacola-40x100mm-em-offset-adesivo-50g-4x0-s.webp","adesivos-e-rotulos/00278-lacre-fecha-sacola-40x100mm-em-offset-adesivo-50g-4x0-s.webp","https://raw.githubusercontent.com/copyeprintlaranjeiras-droid/copy-e-print-assets/main/home/produtos/catalogo-futuraim/adesivos-e-rotulos/00278-lacre-fecha-sacola-40x100mm-em-offset-adesivo-50g-4x0-s.webp","7170","96333f132503d3a7ca836be9e75e1e8a77d30e697c5765704c788ebe4af619fa"
"00279","diversos","mapa guia personalizado 100x210mm em couche brilho 115g 4x4 sem enobrecimento dobra sanfona dobra cruzada","00279_524x524-100-mapa-guia-personalizado-100x210mm-em-couche-brilho-115g-4x4-sem-enobrecimento-dobra-sanfona-dobra-cruzada_66981.webp","00279-mapa-guia-personalizado-100x210mm-em-couche-brilho-115g.webp","diversos/00279-mapa-guia-personalizado-100x210mm-em-couche-brilho-115g.webp","https://raw.githubusercontent.com/copyeprintlaranjeiras-droid/copy-e-print-assets/main/home/produtos/catalogo-futuraim/diversos/00279-mapa-guia-personalizado-100x210mm-em-couche-brilho-115g.webp","17136","7cc2a2d586ff5b5b56452e0da7ac200740f9703413c0792c0e229708f00fa44f"
"00280","cartoes-e-papelaria","prontuario odontologico 420x297mm em alta alvura 150g 1x1 sem enobrecimento refile","00280_524x524-100-prontuario-odontologico-420x297mm-em-alta-alvura-150g-1x1-sem-enobrecimento-refile_27296_961.webp","00280-prontuario-odontologico-420x297mm-em-alta-alvura-150g-1.webp","cartoes-e-papelaria/00280-prontuario-odontologico-420x297mm-em-alta-alvura-150g-1.webp","https://raw.githubusercontent.com/copyeprintlaranjeiras-droid/copy-e-print-assets/main/home/produtos/catalogo-futuraim/cartoes-e-papelaria/00280-prontuario-odontologico-420x297mm-em-alta-alvura-150g-1.webp","15660","9e672dc01f62d7a6661927745c5f21f82d590d6a2f3568143576730467d1854a"
"00281","adesivos-e-rotulos","rotulo bisnaga personalizado 45x70mm em bopp adesivo branco brilho 50g 4x0 hot stamping dourado especial bobina 330mm_","00281_524x524-100-rotulo-bisnaga-personalizado-45x70mm-em-bopp-adesivo-branco-brilho-50g-4x0-hot-stamping-dourado-especial-bobina-330mm_","00281-rotulo-bisnaga-personalizado-45x70mm-em-bopp-adesivo-br.webp","adesivos-e-rotulos/00281-rotulo-bisnaga-personalizado-45x70mm-em-bopp-adesivo-br.webp","https://raw.githubusercontent.com/copyeprintlaranjeiras-droid/copy-e-print-assets/main/home/produtos/catalogo-futuraim/adesivos-e-rotulos/00281-rotulo-bisnaga-personalizado-45x70mm-em-bopp-adesivo-br.webp","8352","e50b1bdbbd0f7c32344e6a05a3cedb53851acf18049205aada32734bccf0e520"
"00282","adesivos-e-rotulos","rotulo para garrafa de cerveja 90x100mm em bopp adesivo metalizado 50g 4x0 hot stamping dourado cantos arredondados 3m","00282_524x524-100-rotulo-para-garrafa-de-cerveja-90x100mm-em-bopp-adesivo-metalizado-50g-4x0-hot-stamping-dourado-cantos-arredondados-3m","00282-rotulo-para-garrafa-de-cerveja-90x100mm-em-bopp-adesivo.webp","adesivos-e-rotulos/00282-rotulo-para-garrafa-de-cerveja-90x100mm-em-bopp-adesivo.webp","https://raw.githubusercontent.com/copyeprintlaranjeiras-droid/copy-e-print-assets/main/home/produtos/catalogo-futuraim/adesivos-e-rotulos/00282-rotulo-para-garrafa-de-cerveja-90x100mm-em-bopp-adesivo.webp","13032","aa242249a79247e2f0d88d3166b5ade7993279bea94ee4f8e05e15aa5dd50da6"
"00283","adesivos-e-rotulos","rotulo para garrafa de vinho 60x98mm em bopp adesivo metalizado 50g 4x0 laminacao brilho especial bobina 330mm","00283_524x524-100-rotulo-para-garrafa-de-vinho-60x98mm-em-bopp-adesivo-metalizado-50g-4x0-laminacao-brilho-especial-bobina-330mm_141240","00283-rotulo-para-garrafa-de-vinho-60x98mm-em-bopp-adesivo-me.webp","adesivos-e-rotulos/00283-rotulo-para-garrafa-de-vinho-60x98mm-em-bopp-adesivo-me.webp","https://raw.githubusercontent.com/copyeprintlaranjeiras-droid/copy-e-print-assets/main/home/produtos/catalogo-futuraim/adesivos-e-rotulos/00283-rotulo-para-garrafa-de-vinho-60x98mm-em-bopp-adesivo-me.webp","8506","69fe28215c7b8fe2ef52d0190f5615f3e69a8227a27cf1f4809d247209a151fe"
"00284","adesivos-e-rotulos","rotulo para shampoo 120x95mm em bopp adesivo branco brilho 50g 4x0 hot stamping dourado especial bobina 330mm","00284_524x524-100-rotulo-para-shampoo-120x95mm-em-bopp-adesivo-branco-brilho-50g-4x0-hot-stamping-dourado-especial-bobina-330mm_142126.w","00284-rotulo-para-shampoo-120x95mm-em-bopp-adesivo-branco-bri.webp","adesivos-e-rotulos/00284-rotulo-para-shampoo-120x95mm-em-bopp-adesivo-branco-bri.webp","https://raw.githubusercontent.com/copyeprintlaranjeiras-droid/copy-e-print-assets/main/home/produtos/catalogo-futuraim/adesivos-e-rotulos/00284-rotulo-para-shampoo-120x95mm-em-bopp-adesivo-branco-bri.webp","5452","ceab6e22afdfafa25ba96af2464774af9151ecdb59d742941526f0c315fc4924"
"00285","adesivos-e-rotulos","rotulo para shampoo 120x95mm em bopp adesivo branco brilho 50g 4x0 hot stamping prata especial bobina 330mm","00285_524x524-100-rotulo-para-shampoo-120x95mm-em-bopp-adesivo-branco-brilho-50g-4x0-hot-stamping-prata-especial-bobina-330mm_142130.web","00285-rotulo-para-shampoo-120x95mm-em-bopp-adesivo-branco-bri.webp","adesivos-e-rotulos/00285-rotulo-para-shampoo-120x95mm-em-bopp-adesivo-branco-bri.webp","https://raw.githubusercontent.com/copyeprintlaranjeiras-droid/copy-e-print-assets/main/home/produtos/catalogo-futuraim/adesivos-e-rotulos/00285-rotulo-para-shampoo-120x95mm-em-bopp-adesivo-branco-bri.webp","5522","72dd1cac28b9713738b2a9f7eb35d05b0962b7fe6de61cdafd95068c3554dafc"
"00286","adesivos-e-rotulos","rotulo para shampoo 120x95mm em bopp adesivo transparente 50g 4x0 hot stamping dourado especial bobina 330mm","00286_524x524-100-rotulo-para-shampoo-120x95mm-em-bopp-adesivo-transparente-50g-4x0-hot-stamping-dourado-especial-bobina-330mm_142282.we","00286-rotulo-para-shampoo-120x95mm-em-bopp-adesivo-transparen.webp","adesivos-e-rotulos/00286-rotulo-para-shampoo-120x95mm-em-bopp-adesivo-transparen.webp","https://raw.githubusercontent.com/copyeprintlaranjeiras-droid/copy-e-print-assets/main/home/produtos/catalogo-futuraim/adesivos-e-rotulos/00286-rotulo-para-shampoo-120x95mm-em-bopp-adesivo-transparen.webp","4196","c6afffbd3d5f056bbab7051aa63265baa7f9b7875c9b2c0c47527b08ad6a64e8"
"00287","embalagens","saco kraft delivery 310x100mm em kraft 110g 1x0 sem enobrecimento","00287_524x524-100-saco-kraft-delivery-310x100mm-em-kraft-110g-1x0-sem-enobrecimento_30719_597.webp","00287-saco-kraft-delivery-310x100mm-em-kraft-110g-1x0-sem-eno.webp","embalagens/00287-saco-kraft-delivery-310x100mm-em-kraft-110g-1x0-sem-eno.webp","https://raw.githubusercontent.com/copyeprintlaranjeiras-droid/copy-e-print-assets/main/home/produtos/catalogo-futuraim/embalagens/00287-saco-kraft-delivery-310x100mm-em-kraft-110g-1x0-sem-eno.webp","15648","cf1c1c8094529a01a47e2ac3eb6a8c8942be4bb9931ba0bd3997553715941688"
"00288","cartoes-e-papelaria","tag 48x88mm em reciclato 240g 4x4 sem enobrecimento furo 4mm","00288_524x524-100-tag-48x88mm-em-reciclato-240g-4x4-sem-enobrecimento-furo-4mm_4476_93.webp","00288-tag-48x88mm-em-reciclato-240g-4x4-sem-enobrecimento-fur.webp","cartoes-e-papelaria/00288-tag-48x88mm-em-reciclato-240g-4x4-sem-enobrecimento-fur.webp","https://raw.githubusercontent.com/copyeprintlaranjeiras-droid/copy-e-print-assets/main/home/produtos/catalogo-futuraim/cartoes-e-papelaria/00288-tag-48x88mm-em-reciclato-240g-4x4-sem-enobrecimento-fur.webp","15698","9b2eeb5ec6907af90d98d2105a0032f4a075bc4ba46609aa2633a22143eea1a4"
"00289","cartoes-e-papelaria","tag cartela capelinha para 1 par de brinco 40x48mm em papel cartao 250g 4x0 sem enobrecimento faca padrao","00289_524x524-100-tag-cartela-capelinha-para-1-par-de-brinco-40x48mm-em-papel-cartao-250g-4x0-sem-enobrecimento-faca-padrao_73053.webp","00289-tag-cartela-capelinha-para-1-par-de-brinco-40x48mm-em-p.webp","cartoes-e-papelaria/00289-tag-cartela-capelinha-para-1-par-de-brinco-40x48mm-em-p.webp","https://raw.githubusercontent.com/copyeprintlaranjeiras-droid/copy-e-print-assets/main/home/produtos/catalogo-futuraim/cartoes-e-papelaria/00289-tag-cartela-capelinha-para-1-par-de-brinco-40x48mm-em-p.webp","3152","161b4e38ec6101b4f53e1b4222d5288508676a1f764f9c554df31d5301e31065"
"00290","cartoes-e-papelaria","tag cartela gravatinha 1 par de brinco 1 colar 98x40mm em papel cartao 250g 4x0 sem enobrecimento faca padrao","00290_524x524-100-tag-cartela-gravatinha-1-par-de-brinco-1-colar-98x40mm-em-papel-cartao-250g-4x0-sem-enobrecimento-faca-padrao_73044.we","00290-tag-cartela-gravatinha-1-par-de-brinco-1-colar-98x40mm.webp","cartoes-e-papelaria/00290-tag-cartela-gravatinha-1-par-de-brinco-1-colar-98x40mm.webp","https://raw.githubusercontent.com/copyeprintlaranjeiras-droid/copy-e-print-assets/main/home/produtos/catalogo-futuraim/cartoes-e-papelaria/00290-tag-cartela-gravatinha-1-par-de-brinco-1-colar-98x40mm.webp","2894","5947fb3f9b52aea03b94ccf6b0c4c2ec661e631adf49a7db66dc094c1e04c385"
"00291","cartoes-e-papelaria","tag cartela para brincos semaninha 68x98mm em papel cartao 250g 4x0 sem enobrecimento faca padrao","00291_524x524-100-tag-cartela-para-brincos-semaninha-68x98mm-em-papel-cartao-250g-4x0-sem-enobrecimento-faca-padrao_73062.webp","00291-tag-cartela-para-brincos-semaninha-68x98mm-em-papel-car.webp","cartoes-e-papelaria/00291-tag-cartela-para-brincos-semaninha-68x98mm-em-papel-car.webp","https://raw.githubusercontent.com/copyeprintlaranjeiras-droid/copy-e-print-assets/main/home/produtos/catalogo-futuraim/cartoes-e-papelaria/00291-tag-cartela-para-brincos-semaninha-68x98mm-em-papel-car.webp","2444","3cfcd8fc30050743d7ee8bf29b8ac907ed4b7246f67596ccecd78346a99564ba"
"00292","personalizados-e-brindes","tag cartela para chaveiro 45x110mm em couche brilho 250g 4x0 verniz total brilho frente faca padrao","00292_524x524-100-tag-cartela-para-chaveiro-45x110mm-em-couche-brilho-250g-4x0-verniz-total-brilho-frente-faca-padrao_77177.webp","00292-tag-cartela-para-chaveiro-45x110mm-em-couche-brilho-250.webp","personalizados-e-brindes/00292-tag-cartela-para-chaveiro-45x110mm-em-couche-brilho-250.webp","https://raw.githubusercontent.com/copyeprintlaranjeiras-droid/copy-e-print-assets/main/home/produtos/catalogo-futuraim/personalizados-e-brindes/00292-tag-cartela-para-chaveiro-45x110mm-em-couche-brilho-250.webp","15362","b71ef9406bda0bda3b9418678f38920763609f8c84cdc8545d3e7595db9bb785"
"00293","personalizados-e-brindes","tag cartela para chaveiro 45x110mm em papel cartao 250g 4x0 sem enobrecimento faca padrao","00293_524x524-100-tag-cartela-para-chaveiro-45x110mm-em-papel-cartao-250g-4x0-sem-enobrecimento-faca-padrao_73050.webp","00293-tag-cartela-para-chaveiro-45x110mm-em-papel-cartao-250g.webp","personalizados-e-brindes/00293-tag-cartela-para-chaveiro-45x110mm-em-papel-cartao-250g.webp","https://raw.githubusercontent.com/copyeprintlaranjeiras-droid/copy-e-print-assets/main/home/produtos/catalogo-futuraim/personalizados-e-brindes/00293-tag-cartela-para-chaveiro-45x110mm-em-papel-cartao-250g.webp","2376","4e6dc749350f2219ce1bef11594db5d7b37bd55b2ec1922121897a95c37c7f9d"
"00294","cartoes-e-papelaria","tag cartela pezinho para tornozeleira 48x115mm em papel cartao 250g 4x0 sem enobrecimento faca padrao","00294_524x524-100-tag-cartela-pezinho-para-tornozeleira-48x115mm-em-papel-cartao-250g-4x0-sem-enobrecimento-faca-padrao_73063.webp","00294-tag-cartela-pezinho-para-tornozeleira-48x115mm-em-papel.webp","cartoes-e-papelaria/00294-tag-cartela-pezinho-para-tornozeleira-48x115mm-em-papel.webp","https://raw.githubusercontent.com/copyeprintlaranjeiras-droid/copy-e-print-assets/main/home/produtos/catalogo-futuraim/cartoes-e-papelaria/00294-tag-cartela-pezinho-para-tornozeleira-48x115mm-em-papel.webp","2384","15060b30477a51ad5540283d2d6fa4c3899fbb0f05e73decf3b4ecf7a5452e4f"
"00295","cartoes-e-papelaria","tag nuvem para laco ou presilha 70x88mm em couche brilho 250g 4x0 verniz total brilho frente faca padrao","00295_524x524-100-tag-nuvem-para-laco-ou-presilha-70x88mm-em-couche-brilho-250g-4x0-verniz-total-brilho-frente-faca-padrao_77183.webp","00295-tag-nuvem-para-laco-ou-presilha-70x88mm-em-couche-brilh.webp","cartoes-e-papelaria/00295-tag-nuvem-para-laco-ou-presilha-70x88mm-em-couche-brilh.webp","https://raw.githubusercontent.com/copyeprintlaranjeiras-droid/copy-e-print-assets/main/home/produtos/catalogo-futuraim/cartoes-e-papelaria/00295-tag-nuvem-para-laco-ou-presilha-70x88mm-em-couche-brilh.webp","9846","91fac180ab841a5301cec0d8f443a40b57ff7a201f1756a6a9291ab4535139fe"
"00296","cartoes-e-papelaria","tag nuvem para laco ou presilha 70x88mm em papel cartao 250g 4x0 sem enobrecimento faca padrao","00296_524x524-100-tag-nuvem-para-laco-ou-presilha-70x88mm-em-papel-cartao-250g-4x0-sem-enobrecimento-faca-padrao_73047.webp","00296-tag-nuvem-para-laco-ou-presilha-70x88mm-em-papel-cartao.webp","cartoes-e-papelaria/00296-tag-nuvem-para-laco-ou-presilha-70x88mm-em-papel-cartao.webp","https://raw.githubusercontent.com/copyeprintlaranjeiras-droid/copy-e-print-assets/main/home/produtos/catalogo-futuraim/cartoes-e-papelaria/00296-tag-nuvem-para-laco-ou-presilha-70x88mm-em-papel-cartao.webp","2002","e15404c67d026397baca9f5b8a4dea0b8e267d3487127fdbf1b9b7569d4f6b9f"
"00297","cartoes-e-papelaria","tag preco 20x40mm em kraft 280g 1x0 sem enobrecimento faca padrao","00297_524x524-100-tag-preco-20x40mm-em-kraft-280g-1x0-sem-enobrecimento-faca-padrao_43640_967.webp","00297-tag-preco-20x40mm-em-kraft-280g-1x0-sem-enobrecimento-f.webp","cartoes-e-papelaria/00297-tag-preco-20x40mm-em-kraft-280g-1x0-sem-enobrecimento-f.webp","https://raw.githubusercontent.com/copyeprintlaranjeiras-droid/copy-e-print-assets/main/home/produtos/catalogo-futuraim/cartoes-e-papelaria/00297-tag-preco-20x40mm-em-kraft-280g-1x0-sem-enobrecimento-f.webp","7520","d33e62f77df0e7cfee836cd5ac4c40e7fd1951bc49834a325589c996b6b32de1"
"00298","diversos","tornozeleira 115x48mm em kraft 280g 1x0 sem enobrecimento faca padrao","00298_524x524-100-tornozeleira-115x48mm-em-kraft-280g-1x0-sem-enobrecimento-faca-padrao_43820_246.webp","00298-tornozeleira-115x48mm-em-kraft-280g-1x0-sem-enobrecimen.webp","diversos/00298-tornozeleira-115x48mm-em-kraft-280g-1x0-sem-enobrecimen.webp","https://raw.githubusercontent.com/copyeprintlaranjeiras-droid/copy-e-print-assets/main/home/produtos/catalogo-futuraim/diversos/00298-tornozeleira-115x48mm-em-kraft-280g-1x0-sem-enobrecimen.webp","14462","f9a1d57f1fa0705ff279be77ded2b208312ba1a517ea53c6c8bd27267ed250e4"
"00299","cartoes-e-papelaria","cartao de visita 88x48mm em couche fosco 300g 4x4 laminacao fosca e verniz localizado frente e verso refile","00299_524x524-1000-cartao-de-visita-88x48mm-em-couche-fosco-300g-4x4-laminacao-fosca-e-verniz-localizado-frente-e-verso-refile_4627.webp","00299-cartao-de-visita-88x48mm-em-couche-fosco-300g-4x4-lamin.webp","cartoes-e-papelaria/00299-cartao-de-visita-88x48mm-em-couche-fosco-300g-4x4-lamin.webp","https://raw.githubusercontent.com/copyeprintlaranjeiras-droid/copy-e-print-assets/main/home/produtos/catalogo-futuraim/cartoes-e-papelaria/00299-cartao-de-visita-88x48mm-em-couche-fosco-300g-4x4-lamin.webp","8038","05565afdf5ca0c2ff0e75dea4a5147ac62cf03e1b98863635e2f881d53274357"
"00300","diversos","cartela para bijuterias 98x71mm em couche brilho 250g 4x0 verniz total brilho frente faca padrao","00300_524x524-1000-cartela-para-bijuterias-98x71mm-em-couche-brilho-250g-4x0-verniz-total-brilho-frente-faca-padrao_42524_767.webp","00300-cartela-para-bijuterias-98x71mm-em-couche-brilho-250g-4.webp","diversos/00300-cartela-para-bijuterias-98x71mm-em-couche-brilho-250g-4.webp","https://raw.githubusercontent.com/copyeprintlaranjeiras-droid/copy-e-print-assets/main/home/produtos/catalogo-futuraim/diversos/00300-cartela-para-bijuterias-98x71mm-em-couche-brilho-250g-4.webp","12304","ec7e851a56d2ccdc9488e7a256753056b2d4f4944ee51ff930ce388fc181a4be"
"00301","diversos","mapa guia personalizado 100x210mm em couche brilho 90g 4x4 sem enobrecimento dobra sanfona dobra cruzada","00301_524x524-1000-mapa-guia-personalizado-100x210mm-em-couche-brilho-90g-4x4-sem-enobrecimento-dobra-sanfona-dobra-cruzada_66973.webp","00301-mapa-guia-personalizado-100x210mm-em-couche-brilho-90g.webp","diversos/00301-mapa-guia-personalizado-100x210mm-em-couche-brilho-90g.webp","https://raw.githubusercontent.com/copyeprintlaranjeiras-droid/copy-e-print-assets/main/home/produtos/catalogo-futuraim/diversos/00301-mapa-guia-personalizado-100x210mm-em-couche-brilho-90g.webp","17136","7cc2a2d586ff5b5b56452e0da7ac200740f9703413c0792c0e229708f00fa44f"
"00302","cartoes-e-papelaria","postal mascote 98x178mm em couche brilho 250g 4x4 verniz total brilho frente corte personalizado","00302_524x524-1000-postal-mascote-98x178mm-em-couche-brilho-250g-4x4-verniz-total-brilho-frente-corte-personalizado_129907.webp","00302-postal-mascote-98x178mm-em-couche-brilho-250g-4x4-verni.webp","cartoes-e-papelaria/00302-postal-mascote-98x178mm-em-couche-brilho-250g-4x4-verni.webp","https://raw.githubusercontent.com/copyeprintlaranjeiras-droid/copy-e-print-assets/main/home/produtos/catalogo-futuraim/cartoes-e-papelaria/00302-postal-mascote-98x178mm-em-couche-brilho-250g-4x4-verni.webp","25790","a742329b474beee9f9e6f8716f3481bfce4b1644d2012f4d29f22433c2a6eb5e"
"00303","adesivos-e-rotulos","praguinha eleicoes 68x68mm em adesivo couche brilho 80g 4x0 sem enobrecimento cartela meio corte circular","00303_524x524-1000-praguinha-eleicoes-68x68mm-em-adesivo-couche-brilho-80g-4x0-sem-enobrecimento-cartela-meio-corte-circular_129748.webp","00303-praguinha-eleicoes-68x68mm-em-adesivo-couche-brilho-80g.webp","adesivos-e-rotulos/00303-praguinha-eleicoes-68x68mm-em-adesivo-couche-brilho-80g.webp","https://raw.githubusercontent.com/copyeprintlaranjeiras-droid/copy-e-print-assets/main/home/produtos/catalogo-futuraim/adesivos-e-rotulos/00303-praguinha-eleicoes-68x68mm-em-adesivo-couche-brilho-80g.webp","14564","ff9473bc559f1d6b8e4ac3dc2065ddf8f5da6476623faed312dacd4bfee31bfe"
"00304","embalagens","sacola para joalheria m 205x65mm em kraft 135g 1x0 sem enobrecimento faca padrao com alca nylon preta 35cm com pontei","00304_524x524-1000-sacola-para-joalheria-m-205x65mm-em-kraft-135g-1x0-sem-enobrecimento-faca-padrao-com-alca-nylon-preta-35cm-com-pontei","00304-sacola-para-joalheria-m-205x65mm-em-kraft-135g-1x0-sem.webp","embalagens/00304-sacola-para-joalheria-m-205x65mm-em-kraft-135g-1x0-sem.webp","https://raw.githubusercontent.com/copyeprintlaranjeiras-droid/copy-e-print-assets/main/home/produtos/catalogo-futuraim/embalagens/00304-sacola-para-joalheria-m-205x65mm-em-kraft-135g-1x0-sem.webp","4530","8a22b4dfb48afcde42d2c26ff700f37de009b58526f334d17fa046abda987189"
"00305","diversos","tabloide 270x200mm em couche brilho 90g 4x4 sem enobrecimento refile","00305_524x524-1000-tabloide-270x200mm-em-couche-brilho-90g-4x4-sem-enobrecimento-refile_21884_82.webp","00305-tabloide-270x200mm-em-couche-brilho-90g-4x4-sem-enobrec.webp","diversos/00305-tabloide-270x200mm-em-couche-brilho-90g-4x4-sem-enobrec.webp","https://raw.githubusercontent.com/copyeprintlaranjeiras-droid/copy-e-print-assets/main/home/produtos/catalogo-futuraim/diversos/00305-tabloide-270x200mm-em-couche-brilho-90g-4x4-sem-enobrec.webp","7232","cd8de031ef229b05e46eeb936cec0e9c9077f4d9c76bdfa76bb8990770b1d1b0"
"00306","diversos","santinho 69x100mm em couche brilho 90g 4x4 sem enobrecimento refile","00306_524x524-10000-santinho-69x100mm-em-couche-brilho-90g-4x4-sem-enobrecimento-refile_129727.webp","00306-santinho-69x100mm-em-couche-brilho-90g-4x4-sem-enobreci.webp","diversos/00306-santinho-69x100mm-em-couche-brilho-90g-4x4-sem-enobreci.webp","https://raw.githubusercontent.com/copyeprintlaranjeiras-droid/copy-e-print-assets/main/home/produtos/catalogo-futuraim/diversos/00306-santinho-69x100mm-em-couche-brilho-90g-4x4-sem-enobreci.webp","15004","99d48f7b2f9bbf031089568f03d6ca328fef87c920f4f6ed53fc20b5c6b3001c"
"00307","embalagens","sacola para eventos g 590x420x120mm em duplex 190g 4x0 verniz de protecao brilho frente alca nylon preta 35cm faca pad","00307_524x524-125-sacola-para-eventos-g-590x420x120mm-em-duplex-190g-4x0-verniz-de-protecao-brilho-frente-alca-nylon-preta-35cm-faca-pad","00307-sacola-para-eventos-g-590x420x120mm-em-duplex-190g-4x0.webp","embalagens/00307-sacola-para-eventos-g-590x420x120mm-em-duplex-190g-4x0.webp","https://raw.githubusercontent.com/copyeprintlaranjeiras-droid/copy-e-print-assets/main/home/produtos/catalogo-futuraim/embalagens/00307-sacola-para-eventos-g-590x420x120mm-em-duplex-190g-4x0.webp","9098","f9fd613b4d130e58274c91ec6f8a6eef890bebcc1f33dc6bed7188a23c38f6bd"
"00308","embalagens","sacola vertical g 378x520x150mm em kraft 125g 1x0 sem enobrecimento alca nylon preta 35cm faca padrao","00308_524x524-125-sacola-vertical-g-378x520x150mm-em-kraft-125g-1x0-sem-enobrecimento-alca-nylon-preta-35cm-faca-padrao_41107.webp","00308-sacola-vertical-g-378x520x150mm-em-kraft-125g-1x0-sem-e.webp","embalagens/00308-sacola-vertical-g-378x520x150mm-em-kraft-125g-1x0-sem-e.webp","https://raw.githubusercontent.com/copyeprintlaranjeiras-droid/copy-e-print-assets/main/home/produtos/catalogo-futuraim/embalagens/00308-sacola-vertical-g-378x520x150mm-em-kraft-125g-1x0-sem-e.webp","19976","1e9a8dca4ebe5fd8d140872c7564cbcfdc7d5c23d1c77ea7e1aca90aac115e18"
"00309","diversos","foto polaroid 75x100mm em premium 210g 4x0 brilhante refile","00309_524x524-15-foto-polaroid-75x100mm-em-premium-210g-4x0-brilhante-refile_66298.webp","00309-foto-polaroid-75x100mm-em-premium-210g-4x0-brilhante-re.webp","diversos/00309-foto-polaroid-75x100mm-em-premium-210g-4x0-brilhante-re.webp","https://raw.githubusercontent.com/copyeprintlaranjeiras-droid/copy-e-print-assets/main/home/produtos/catalogo-futuraim/diversos/00309-foto-polaroid-75x100mm-em-premium-210g-4x0-brilhante-re.webp","25834","80fc69cc166d8049a4669086e026d506efd9ece1cdf1cd7013cb4f2b2d8eb9ea"
"00310","diversos","foto polaroid com ima personalizado 75x100mm em manta magnetica 03mm 1665g 4x0 brilhante refile","00310_524x524-15-foto-polaroid-com-ima-personalizado-75x100mm-em-manta-magnetica-03mm-1665g-4x0-brilhante-refile_66299.webp","00310-foto-polaroid-com-ima-personalizado-75x100mm-em-manta-m.webp","diversos/00310-foto-polaroid-com-ima-personalizado-75x100mm-em-manta-m.webp","https://raw.githubusercontent.com/copyeprintlaranjeiras-droid/copy-e-print-assets/main/home/produtos/catalogo-futuraim/diversos/00310-foto-polaroid-com-ima-personalizado-75x100mm-em-manta-m.webp","27018","c59921a3fa88e9a47878c3a448ff6cdca7ac21373378fbc38a661dc9a1a5d014"
"00311","cartoes-e-papelaria","bloco anamnese estetica corporal 148x210mm em sulfite 90g 4x0 sem enobrecimento blocagem com 100 folhas","00311_524x524-2-bloco-anamnese-estetica-corporal-148x210mm-em-sulfite-90g-4x0-sem-enobrecimento-blocagem-com-100-folhas_66717_177.webp","00311-bloco-anamnese-estetica-corporal-148x210mm-em-sulfite-9.webp","cartoes-e-papelaria/00311-bloco-anamnese-estetica-corporal-148x210mm-em-sulfite-9.webp","https://raw.githubusercontent.com/copyeprintlaranjeiras-droid/copy-e-print-assets/main/home/produtos/catalogo-futuraim/cartoes-e-papelaria/00311-bloco-anamnese-estetica-corporal-148x210mm-em-sulfite-9.webp","13434","fcc2e362dc9786d29437684823e0cafe419d6ef34a73919e9434a6727552c390"
"00312","cartoes-e-papelaria","bloco anamnese podologia 148x210mm em sulfite 90g 4x0 sem enobrecimento blocagem com 100 folhas","00312_524x524-2-bloco-anamnese-podologia-148x210mm-em-sulfite-90g-4x0-sem-enobrecimento-blocagem-com-100-folhas_66741_636.webp","00312-bloco-anamnese-podologia-148x210mm-em-sulfite-90g-4x0-s.webp","cartoes-e-papelaria/00312-bloco-anamnese-podologia-148x210mm-em-sulfite-90g-4x0-s.webp","https://raw.githubusercontent.com/copyeprintlaranjeiras-droid/copy-e-print-assets/main/home/produtos/catalogo-futuraim/cartoes-e-papelaria/00312-bloco-anamnese-podologia-148x210mm-em-sulfite-90g-4x0-s.webp","16238","49de862282938ab620b2a4ef74260ac398ded35f4fdd12bc029dbcf819885290"
"00313","festas-e-eventos","kit de amostra artigos para festas 225x310mm em pasta 250g 4x0 sem enobrecimento","00313_524x524-2-kit-de-amostra-artigos-para-festas-225x310mm-em-pasta-250g-4x0-sem-enobrecimento_12727_821.webp","00313-kit-de-amostra-artigos-para-festas-225x310mm-em-pasta-2.webp","festas-e-eventos/00313-kit-de-amostra-artigos-para-festas-225x310mm-em-pasta-2.webp","https://raw.githubusercontent.com/copyeprintlaranjeiras-droid/copy-e-print-assets/main/home/produtos/catalogo-futuraim/festas-e-eventos/00313-kit-de-amostra-artigos-para-festas-225x310mm-em-pasta-2.webp","22998","819cfc485cd0a8ba59d8fabbee31344e81ba2ee5f8329e8a4d3bca73e9a18053"
"00314","diversos","manual dos padrinhos 100x100mm em kraft 280g 1x0 sem enobrecimento furo 7mm","00314_524x524-2-manual-dos-padrinhos-100x100mm-em-kraft-280g-1x0-sem-enobrecimento-furo-7mm_81957.webp","00314-manual-dos-padrinhos-100x100mm-em-kraft-280g-1x0-sem-en.webp","diversos/00314-manual-dos-padrinhos-100x100mm-em-kraft-280g-1x0-sem-en.webp","https://raw.githubusercontent.com/copyeprintlaranjeiras-droid/copy-e-print-assets/main/home/produtos/catalogo-futuraim/diversos/00314-manual-dos-padrinhos-100x100mm-em-kraft-280g-1x0-sem-en.webp","19066","7e675d3b0fbce87d9b918b2a24dc7cdd819bed687d7d4e71fa2bccccc06f298a"
"00315","cartoes-e-papelaria","receituario 100x1 148x210mm em sulfite 75g 1x0 sem enobrecimento blocagem com 100 folhas","00315_524x524-2-receituario-100x1-148x210mm-em-sulfite-75g-1x0-sem-enobrecimento-blocagem-com-100-folhas_21442_599.webp","00315-receituario-100x1-148x210mm-em-sulfite-75g-1x0-sem-enob.webp","cartoes-e-papelaria/00315-receituario-100x1-148x210mm-em-sulfite-75g-1x0-sem-enob.webp","https://raw.githubusercontent.com/copyeprintlaranjeiras-droid/copy-e-print-assets/main/home/produtos/catalogo-futuraim/cartoes-e-papelaria/00315-receituario-100x1-148x210mm-em-sulfite-75g-1x0-sem-enob.webp","4040","1967547a3bca681ba72072570bc9af3c2e7cfa1b7f80a30a7b603dfbbd12e03f"
"00316","embalagens","sacola fundo largo m 220x167mm em offset 180g 4x0 sem enobrecimento faca padrao com alca papel torcido branca","00316_524x524-200-sacola-fundo-largo-m-220x167mm-em-offset-180g-4x0-sem-enobrecimento-faca-padrao-com-alca-papel-torcido-branca_41364_20","00316-sacola-fundo-largo-m-220x167mm-em-offset-180g-4x0-sem-e.webp","embalagens/00316-sacola-fundo-largo-m-220x167mm-em-offset-180g-4x0-sem-e.webp","https://raw.githubusercontent.com/copyeprintlaranjeiras-droid/copy-e-print-assets/main/home/produtos/catalogo-futuraim/embalagens/00316-sacola-fundo-largo-m-220x167mm-em-offset-180g-4x0-sem-e.webp","6272","07f0e65258575db623c24c10059ab3bdb8e871a0403adc8879945bd7069dc46f"
"00317","diversos","aviso de porta 85x195mm em kraft 280g 4x4 sem enobrecimento faca padrao","00317_524x524-25-aviso-de-porta-85x195mm-em-kraft-280g-4x4-sem-enobrecimento-faca-padrao_41407_645.webp","00317-aviso-de-porta-85x195mm-em-kraft-280g-4x4-sem-enobrecim.webp","diversos/00317-aviso-de-porta-85x195mm-em-kraft-280g-4x4-sem-enobrecim.webp","https://raw.githubusercontent.com/copyeprintlaranjeiras-droid/copy-e-print-assets/main/home/produtos/catalogo-futuraim/diversos/00317-aviso-de-porta-85x195mm-em-kraft-280g-4x4-sem-enobrecim.webp","11376","a64d5f3f80bf554413971a48d0e018d21cbab6c7d10e943ced5c71fd31d70058"
"00318","diversos","bandeirola 231x125mm em couche brilho 250g 4x4 verniz total brilho frente e verso faca padrao","00318_524x524-25-bandeirola-231x125mm-em-couche-brilho-250g-4x4-verniz-total-brilho-frente-e-verso-faca-padrao_54799.webp","00318-bandeirola-231x125mm-em-couche-brilho-250g-4x4-verniz-t.webp","diversos/00318-bandeirola-231x125mm-em-couche-brilho-250g-4x4-verniz-t.webp","https://raw.githubusercontent.com/copyeprintlaranjeiras-droid/copy-e-print-assets/main/home/produtos/catalogo-futuraim/diversos/00318-bandeirola-231x125mm-em-couche-brilho-250g-4x4-verniz-t.webp","10646","ce9ad6fe84ff9c497651376c3dde580ccede7557791ad9c67c7850239e335675"
"00319","embalagens","caixa de cone 216x232mm em vita solid 250g 4x0 sem enobrecimento faca padrao","00319_524x524-25-caixa-de-cone-216x232mm-em-vita-solid-250g-4x0-sem-enobrecimento-faca-padrao_11258_686.webp","00319-caixa-de-cone-216x232mm-em-vita-solid-250g-4x0-sem-enob.webp","embalagens/00319-caixa-de-cone-216x232mm-em-vita-solid-250g-4x0-sem-enob.webp","https://raw.githubusercontent.com/copyeprintlaranjeiras-droid/copy-e-print-assets/main/home/produtos/catalogo-futuraim/embalagens/00319-caixa-de-cone-216x232mm-em-vita-solid-250g-4x0-sem-enob.webp","8246","538dcb0a5a86c9bc7dce178a4604a14337f8708f21b3368ed9ca4d9bc1707470"
"00320","embalagens","caixa de guloseimas 266x430mm em couche brilho 250g 4x0 sem enobrecimento faca padrao","00320_524x524-25-caixa-de-guloseimas-266x430mm-em-couche-brilho-250g-4x0-sem-enobrecimento-faca-padrao_11228_906.webp","00320-caixa-de-guloseimas-266x430mm-em-couche-brilho-250g-4x0.webp","embalagens/00320-caixa-de-guloseimas-266x430mm-em-couche-brilho-250g-4x0.webp","https://raw.githubusercontent.com/copyeprintlaranjeiras-droid/copy-e-print-assets/main/home/produtos/catalogo-futuraim/embalagens/00320-caixa-de-guloseimas-266x430mm-em-couche-brilho-250g-4x0.webp","5766","d054c8a05956d8dc601cc058a5142057681068e77e6269bd19fa769350fc89f0"
"00321","embalagens","caixa de hamburguer pequena 160x320mm em vita solid 250g 4x0 sem enobrecimento faca padrao","00321_524x524-25-caixa-de-hamburguer-pequena-160x320mm-em-vita-solid-250g-4x0-sem-enobrecimento-faca-padrao_11288_590.webp","00321-caixa-de-hamburguer-pequena-160x320mm-em-vita-solid-250.webp","embalagens/00321-caixa-de-hamburguer-pequena-160x320mm-em-vita-solid-250.webp","https://raw.githubusercontent.com/copyeprintlaranjeiras-droid/copy-e-print-assets/main/home/produtos/catalogo-futuraim/embalagens/00321-caixa-de-hamburguer-pequena-160x320mm-em-vita-solid-250.webp","6914","ac7131adea11414983711d52f3c1b9c36c8ad2f105e6126a4288da284d9befc4"
"00322","embalagens","caixa de papelao 190x105x50mm em papelao ondulado 340g sem impressao sem enobrecimento modelo padrao","00322_524x524-25-caixa-de-papelao-190x105x50mm-em-papelao-ondulado-340g-sem-impressao-sem-enobrecimento-modelo-padrao_45387_487.webp","00322-caixa-de-papelao-190x105x50mm-em-papelao-ondulado-340g.webp","embalagens/00322-caixa-de-papelao-190x105x50mm-em-papelao-ondulado-340g.webp","https://raw.githubusercontent.com/copyeprintlaranjeiras-droid/copy-e-print-assets/main/home/produtos/catalogo-futuraim/embalagens/00322-caixa-de-papelao-190x105x50mm-em-papelao-ondulado-340g.webp","5064","829e905328044773fe685c58aa25229b968ac06009ab67aad0787d30ae9f5caa"
"00323","embalagens","caixa de pipoca pequena 158x270mm em vita solid 250g 4x0 sem enobrecimento faca padrao","00323_524x524-25-caixa-de-pipoca-pequena-158x270mm-em-vita-solid-250g-4x0-sem-enobrecimento-faca-padrao_11318_412.webp","00323-caixa-de-pipoca-pequena-158x270mm-em-vita-solid-250g-4x.webp","embalagens/00323-caixa-de-pipoca-pequena-158x270mm-em-vita-solid-250g-4x.webp","https://raw.githubusercontent.com/copyeprintlaranjeiras-droid/copy-e-print-assets/main/home/produtos/catalogo-futuraim/embalagens/00323-caixa-de-pipoca-pequena-158x270mm-em-vita-solid-250g-4x.webp","10740","f7164c4bae79d4a348684e96ce1ae82d3640a9a9013932a086c6eb6224e09e73"
"00324","calendarios-e-agendas","calendario de parede 198x268mm em couche brilho 250g 4x0 sem enobrecimento furo 7mm","00324_524x524-25-calendario-de-parede-198x268mm-em-couche-brilho-250g-4x0-sem-enobrecimento-furo-7mm_27245_842.webp","00324-calendario-de-parede-198x268mm-em-couche-brilho-250g-4x.webp","calendarios-e-agendas/00324-calendario-de-parede-198x268mm-em-couche-brilho-250g-4x.webp","https://raw.githubusercontent.com/copyeprintlaranjeiras-droid/copy-e-print-assets/main/home/produtos/catalogo-futuraim/calendarios-e-agendas/00324-calendario-de-parede-198x268mm-em-couche-brilho-250g-4x.webp","23290","abde8fd4a46241f1e16271c7d1552b6a2aebd9ce0b27938e53328983fa067c46"
"00325","diversos","carta de agradecimento 148x105mm em couche brilho 150g 4x4 sem enobrecimento 1 dobra modelo simples","00325_524x524-25-carta-de-agradecimento-148x105mm-em-couche-brilho-150g-4x4-sem-enobrecimento-1-dobra-modelo-simples_27229_755.webp","00325-carta-de-agradecimento-148x105mm-em-couche-brilho-150g.webp","diversos/00325-carta-de-agradecimento-148x105mm-em-couche-brilho-150g.webp","https://raw.githubusercontent.com/copyeprintlaranjeiras-droid/copy-e-print-assets/main/home/produtos/catalogo-futuraim/diversos/00325-carta-de-agradecimento-148x105mm-em-couche-brilho-150g.webp","10546","8bc648044231112ddda957903a7dcee1735a56dc265d01c9f634090cede022bf"
"00326","cartoes-e-papelaria","cartao de aniversario 105x148mm em couche 300g 4x4 sem enobrecimento refile","00326_524x524-25-cartao-de-aniversario-105x148mm-em-couche-300g-4x4-sem-enobrecimento-refile_27226_270.webp","00326-cartao-de-aniversario-105x148mm-em-couche-300g-4x4-sem.webp","cartoes-e-papelaria/00326-cartao-de-aniversario-105x148mm-em-couche-300g-4x4-sem.webp","https://raw.githubusercontent.com/copyeprintlaranjeiras-droid/copy-e-print-assets/main/home/produtos/catalogo-futuraim/cartoes-e-papelaria/00326-cartao-de-aniversario-105x148mm-em-couche-300g-4x4-sem.webp","17902","5e2635853a1c281a045fa66a2e0e752fd9a5fd721a810d19a9dbf6211c6784e2"
"00327","cartoes-e-papelaria","cartao de natal 105x148mm em couche 300g 4x4 sem enobrecimento refile","00327_524x524-25-cartao-de-natal-105x148mm-em-couche-300g-4x4-sem-enobrecimento-refile_27236.webp","00327-cartao-de-natal-105x148mm-em-couche-300g-4x4-sem-enobre.webp","cartoes-e-papelaria/00327-cartao-de-natal-105x148mm-em-couche-300g-4x4-sem-enobre.webp","https://raw.githubusercontent.com/copyeprintlaranjeiras-droid/copy-e-print-assets/main/home/produtos/catalogo-futuraim/cartoes-e-papelaria/00327-cartao-de-natal-105x148mm-em-couche-300g-4x4-sem-enobre.webp","16662","3d29805ac9f0e3fb8abcf61c6dd22f89e7373eacdeb213027411c1eb48acba1d"
"00328","cartoes-e-papelaria","cartao de visita 3d 48x178mm em couche brilho 250g 4x0 laminacao fosca frente corte personalizado","00328_524x524-25-cartao-de-visita-3d-48x178mm-em-couche-brilho-250g-4x0-laminacao-fosca-frente-corte-personalizado_131219_615.webp","00328-cartao-de-visita-3d-48x178mm-em-couche-brilho-250g-4x0.webp","cartoes-e-papelaria/00328-cartao-de-visita-3d-48x178mm-em-couche-brilho-250g-4x0.webp","https://raw.githubusercontent.com/copyeprintlaranjeiras-droid/copy-e-print-assets/main/home/produtos/catalogo-futuraim/cartoes-e-papelaria/00328-cartao-de-visita-3d-48x178mm-em-couche-brilho-250g-4x0.webp","13622","008a24edc836dfff181788facf97477f0d6288f1c120227c7d7ca0ba34ef9cc9"
"00329","cartoes-e-papelaria","cartao de visita 3d 48x268mm em couche brilho 250g 4x0 sem enobrecimento corte personalizado","00329_524x524-25-cartao-de-visita-3d-48x268mm-em-couche-brilho-250g-4x0-sem-enobrecimento-corte-personalizado_131224.webp","00329-cartao-de-visita-3d-48x268mm-em-couche-brilho-250g-4x0.webp","cartoes-e-papelaria/00329-cartao-de-visita-3d-48x268mm-em-couche-brilho-250g-4x0.webp","https://raw.githubusercontent.com/copyeprintlaranjeiras-droid/copy-e-print-assets/main/home/produtos/catalogo-futuraim/cartoes-e-papelaria/00329-cartao-de-visita-3d-48x268mm-em-couche-brilho-250g-4x0.webp","12136","e312a01b434f20a61b26e7b622fb6c02c37164a0ed181a369e8a1b7945a9dd7f"
"00330","cartoes-e-papelaria","cartao fio dental personalizado 85x53mm em plastico 4x0 sem enobrecimento personalizado","00330_524x524-25-cartao-fio-dental-personalizado-85x53mm-em-plastico-4x0-sem-enobrecimento-personalizado_30056_451.webp","00330-cartao-fio-dental-personalizado-85x53mm-em-plastico-4x0.webp","cartoes-e-papelaria/00330-cartao-fio-dental-personalizado-85x53mm-em-plastico-4x0.webp","https://raw.githubusercontent.com/copyeprintlaranjeiras-droid/copy-e-print-assets/main/home/produtos/catalogo-futuraim/cartoes-e-papelaria/00330-cartao-fio-dental-personalizado-85x53mm-em-plastico-4x0.webp","11118","f30531f3581af4f605e05dcb62a9a3cf5321344f35d4e333a69976558f7ba8f1"
"00331","diversos","cestinha de pascoa 80x80x100mm em couche brilho 300g 4x4 sem enobrecimento faca padrao colagem","00331_524x524-25-cestinha-de-pascoa-80x80x100mm-em-couche-brilho-300g-4x4-sem-enobrecimento-faca-padrao-colagem_107586.webp","00331-cestinha-de-pascoa-80x80x100mm-em-couche-brilho-300g-4x.webp","diversos/00331-cestinha-de-pascoa-80x80x100mm-em-couche-brilho-300g-4x.webp","https://raw.githubusercontent.com/copyeprintlaranjeiras-droid/copy-e-print-assets/main/home/produtos/catalogo-futuraim/diversos/00331-cestinha-de-pascoa-80x80x100mm-em-couche-brilho-300g-4x.webp","9910","e7ba75136d15a6e9c66fbe5697ad79114e11527f8b5807b6fdef31ab3a6dd38c"
"00332","diversos","chapeu para aniversario 162x196mm em couche brilho 250g 4x0 sem enobrecimento faca padrao","00332_524x524-25-chapeu-para-aniversario-162x196mm-em-couche-brilho-250g-4x0-sem-enobrecimento-faca-padrao_11243_405.webp","00332-chapeu-para-aniversario-162x196mm-em-couche-brilho-250g.webp","diversos/00332-chapeu-para-aniversario-162x196mm-em-couche-brilho-250g.webp","https://raw.githubusercontent.com/copyeprintlaranjeiras-droid/copy-e-print-assets/main/home/produtos/catalogo-futuraim/diversos/00332-chapeu-para-aniversario-162x196mm-em-couche-brilho-250g.webp","4888","acfc8b8243ee26d5a0ca180ba7efa0698f0e7a0b81b7eb94f03b037144c47b5f"
"00333","personalizados-e-brindes","chaveiro abridor caminhao 60x30mm em metal amarelo 1x0 gravacao laser modelo padrao","00333_524x524-25-chaveiro-abridor-caminhao-60x30mm-em-metal-amarelo-1x0-gravacao-laser-modelo-padrao_378150.webp","00333-chaveiro-abridor-caminhao-60x30mm-em-metal-amarelo-1x0.webp","personalizados-e-brindes/00333-chaveiro-abridor-caminhao-60x30mm-em-metal-amarelo-1x0.webp","https://raw.githubusercontent.com/copyeprintlaranjeiras-droid/copy-e-print-assets/main/home/produtos/catalogo-futuraim/personalizados-e-brindes/00333-chaveiro-abridor-caminhao-60x30mm-em-metal-amarelo-1x0.webp","6588","661bae4c09149c598e3083792b849ddd185dd3f4429e6d2b06a50d84f17d84cb"
"00334","personalizados-e-brindes","chaveiro abridor caminhao 60x30mm em metal azul 1x0 gravacao laser modelo padrao","00334_524x524-25-chaveiro-abridor-caminhao-60x30mm-em-metal-azul-1x0-gravacao-laser-modelo-padrao_378175.webp","00334-chaveiro-abridor-caminhao-60x30mm-em-metal-azul-1x0-gra.webp","personalizados-e-brindes/00334-chaveiro-abridor-caminhao-60x30mm-em-metal-azul-1x0-gra.webp","https://raw.githubusercontent.com/copyeprintlaranjeiras-droid/copy-e-print-assets/main/home/produtos/catalogo-futuraim/personalizados-e-brindes/00334-chaveiro-abridor-caminhao-60x30mm-em-metal-azul-1x0-gra.webp","6658","7327664ea4b9e222560b6ea562e8761fed318f645d29b05033814e1938ba7f5a"
"00335","personalizados-e-brindes","chaveiro abridor casa 45x50mm em metal azul 1x0 gravacao laser modelo padrao","00335_524x524-25-chaveiro-abridor-casa-45x50mm-em-metal-azul-1x0-gravacao-laser-modelo-padrao_378205.webp","00335-chaveiro-abridor-casa-45x50mm-em-metal-azul-1x0-gravaca.webp","personalizados-e-brindes/00335-chaveiro-abridor-casa-45x50mm-em-metal-azul-1x0-gravaca.webp","https://raw.githubusercontent.com/copyeprintlaranjeiras-droid/copy-e-print-assets/main/home/produtos/catalogo-futuraim/personalizados-e-brindes/00335-chaveiro-abridor-casa-45x50mm-em-metal-azul-1x0-gravaca.webp","7284","cfbdc7b696c6dc91df8b774da93d1c6a2a3c1709f9eed6a7198da521a9de1f3d"
"00336","personalizados-e-brindes","chaveiro abridor p 55x9mm em metal 1x0 gravacao laser modelo padrao","00336_524x524-25-chaveiro-abridor-p-55x9mm-em-metal-1x0-gravacao-laser-modelo-padrao_87331.webp","00336-chaveiro-abridor-p-55x9mm-em-metal-1x0-gravacao-laser-m.webp","personalizados-e-brindes/00336-chaveiro-abridor-p-55x9mm-em-metal-1x0-gravacao-laser-m.webp","https://raw.githubusercontent.com/copyeprintlaranjeiras-droid/copy-e-print-assets/main/home/produtos/catalogo-futuraim/personalizados-e-brindes/00336-chaveiro-abridor-p-55x9mm-em-metal-1x0-gravacao-laser-m.webp","5546","0e304062544a314a65f477c19d2bedc57c929ee377192f77d899b900d030ff63"
"00337","vestuario","chaveiro camiseta 60x50mm em metal azul 1x0 gravacao laser modelo padrao","00337_524x524-25-chaveiro-camiseta-60x50mm-em-metal-azul-1x0-gravacao-laser-modelo-padrao_378265.webp","00337-chaveiro-camiseta-60x50mm-em-metal-azul-1x0-gravacao-la.webp","vestuario/00337-chaveiro-camiseta-60x50mm-em-metal-azul-1x0-gravacao-la.webp","https://raw.githubusercontent.com/copyeprintlaranjeiras-droid/copy-e-print-assets/main/home/produtos/catalogo-futuraim/vestuario/00337-chaveiro-camiseta-60x50mm-em-metal-azul-1x0-gravacao-la.webp","6388","ab4c74b54a24c89b12905f6cefca8604141044fa42cb4313c87d18c9a9fe38fe"
"00338","embalagens","cinta para brownie 200x40mm em kraft 280g 4x0 sem enobrecimento refile","00338_524x524-25-cinta-para-brownie-200x40mm-em-kraft-280g-4x0-sem-enobrecimento-refile_83545.webp","00338-cinta-para-brownie-200x40mm-em-kraft-280g-4x0-sem-enobr.webp","embalagens/00338-cinta-para-brownie-200x40mm-em-kraft-280g-4x0-sem-enobr.webp","https://raw.githubusercontent.com/copyeprintlaranjeiras-droid/copy-e-print-assets/main/home/produtos/catalogo-futuraim/embalagens/00338-cinta-para-brownie-200x40mm-em-kraft-280g-4x0-sem-enobr.webp","22818","80ec82d042d4d4c1589826a2fb14dbcebc327870ea108045fe73f4ede1c2b5dd"
"00339","embalagens","cinta para marmita 318x90mm em kraft 280g 4x0 sem enobrecimento refile","00339_524x524-25-cinta-para-marmita-318x90mm-em-kraft-280g-4x0-sem-enobrecimento-refile_83557.webp","00339-cinta-para-marmita-318x90mm-em-kraft-280g-4x0-sem-enobr.webp","embalagens/00339-cinta-para-marmita-318x90mm-em-kraft-280g-4x0-sem-enobr.webp","https://raw.githubusercontent.com/copyeprintlaranjeiras-droid/copy-e-print-assets/main/home/produtos/catalogo-futuraim/embalagens/00339-cinta-para-marmita-318x90mm-em-kraft-280g-4x0-sem-enobr.webp","31284","5f27b97e5800a06b8ec7e746b7d5ef50b6247f297d72e6ea35ea72e1bbdba0c9"
"00340","cartoes-e-papelaria","convite de aniversario 105x148mm em perolizado 250g 4x4 sem enobrecimento 1 vinco","00340_524x524-25-convite-de-aniversario-105x148mm-em-perolizado-250g-4x4-sem-enobrecimento-1-vinco_12841_958.webp","00340-convite-de-aniversario-105x148mm-em-perolizado-250g-4x4.webp","cartoes-e-papelaria/00340-convite-de-aniversario-105x148mm-em-perolizado-250g-4x4.webp","https://raw.githubusercontent.com/copyeprintlaranjeiras-droid/copy-e-print-assets/main/home/produtos/catalogo-futuraim/cartoes-e-papelaria/00340-convite-de-aniversario-105x148mm-em-perolizado-250g-4x4.webp","11734","c2a84eb4ddb2780ebbe9918a9ef9b3ad8a95cb1ea135078b510737c11b3e6406"
"00341","cartoes-e-papelaria","cracha para delegado e fiscal 100x120mm em couche 300g 4x4 sem enobrecimento cordao nylon 3mm faca padrao sem colagem","00341_524x524-25-cracha-para-delegado-e-fiscal-100x120mm-em-couche-300g-4x4-sem-enobrecimento-cordao-nylon-3mm-faca-padrao-sem-colagem_1","00341-cracha-para-delegado-e-fiscal-100x120mm-em-couche-300g.webp","cartoes-e-papelaria/00341-cracha-para-delegado-e-fiscal-100x120mm-em-couche-300g.webp","https://raw.githubusercontent.com/copyeprintlaranjeiras-droid/copy-e-print-assets/main/home/produtos/catalogo-futuraim/cartoes-e-papelaria/00341-cracha-para-delegado-e-fiscal-100x120mm-em-couche-300g.webp","16792","fd8df78c07ecff9e69e7f2da604fe460171e05b087c0a3baba5a04bb8c5b3b5f"
"00342","festas-e-eventos","credenciais para eventos 100x140mm em couche 300g 4x0 sem enobrecimento furo e 4 cantos arredondados padrao cordao nylo","00342_524x524-25-credenciais-para-eventos-100x140mm-em-couche-300g-4x0-sem-enobrecimento-furo-e-4-cantos-arredondados-padrao-cordao-nylo","00342-credenciais-para-eventos-100x140mm-em-couche-300g-4x0-s.webp","festas-e-eventos/00342-credenciais-para-eventos-100x140mm-em-couche-300g-4x0-s.webp","https://raw.githubusercontent.com/copyeprintlaranjeiras-droid/copy-e-print-assets/main/home/produtos/catalogo-futuraim/festas-e-eventos/00342-credenciais-para-eventos-100x140mm-em-couche-300g-4x0-s.webp","10988","1064ead78701b2556aee8204f9998070444f574a406250a33d7817c616491fe1"
"00343","festas-e-eventos","credenciais para eventos 90x130mm em pvc branco 03mm 4x0 sem enobrecimento furo e 4 cantos arredondados padrao cordao n","00343_524x524-25-credenciais-para-eventos-90x130mm-em-pvc-branco-03mm-4x0-sem-enobrecimento-furo-e-4-cantos-arredondados-padrao-cordao-n","00343-credenciais-para-eventos-90x130mm-em-pvc-branco-03mm-4x.webp","festas-e-eventos/00343-credenciais-para-eventos-90x130mm-em-pvc-branco-03mm-4x.webp","https://raw.githubusercontent.com/copyeprintlaranjeiras-droid/copy-e-print-assets/main/home/produtos/catalogo-futuraim/festas-e-eventos/00343-credenciais-para-eventos-90x130mm-em-pvc-branco-03mm-4x.webp","9704","6bbe653ee5e32dc6b0ea09f99a383f59bf02a1bee8709a1f2f4c215e4799fb6e"
"00344","banners-e-sinalizacao","display de retrovisor 84x194mm em couche brilho 250g 4x4 sem enobrecimento faca padrao","00344_524x524-25-display-de-retrovisor-84x194mm-em-couche-brilho-250g-4x4-sem-enobrecimento-faca-padrao_25003_818.webp","00344-display-de-retrovisor-84x194mm-em-couche-brilho-250g-4x.webp","banners-e-sinalizacao/00344-display-de-retrovisor-84x194mm-em-couche-brilho-250g-4x.webp","https://raw.githubusercontent.com/copyeprintlaranjeiras-droid/copy-e-print-assets/main/home/produtos/catalogo-futuraim/banners-e-sinalizacao/00344-display-de-retrovisor-84x194mm-em-couche-brilho-250g-4x.webp","8462","08116a9a46573a7536bc9ba0ce1530fdf0afe9a7ac2b8cf42a10cbc5e1f67c8f"
"00345","embalagens","embalagem para batata 166x264mm em vita solid 250g 4x0 sem enobrecimento faca padrao","00345_524x524-25-embalagem-para-batata-166x264mm-em-vita-solid-250g-4x0-sem-enobrecimento-faca-padrao_11198_374.webp","00345-embalagem-para-batata-166x264mm-em-vita-solid-250g-4x0.webp","embalagens/00345-embalagem-para-batata-166x264mm-em-vita-solid-250g-4x0.webp","https://raw.githubusercontent.com/copyeprintlaranjeiras-droid/copy-e-print-assets/main/home/produtos/catalogo-futuraim/embalagens/00345-embalagem-para-batata-166x264mm-em-vita-solid-250g-4x0.webp","6218","19bd4dd0962107ca5ee5fe8c9bc525cd882ee4e30a8293853f9ad083a704a2f3"
"00346","embalagens","embalagem para cachorro quente 146x266mm em vita solid 250g 4x0 sem enobrecimento faca padrao","00346_524x524-25-embalagem-para-cachorro-quente-146x266mm-em-vita-solid-250g-4x0-sem-enobrecimento-faca-padrao_11213_7.webp","00346-embalagem-para-cachorro-quente-146x266mm-em-vita-solid.webp","embalagens/00346-embalagem-para-cachorro-quente-146x266mm-em-vita-solid.webp","https://raw.githubusercontent.com/copyeprintlaranjeiras-droid/copy-e-print-assets/main/home/produtos/catalogo-futuraim/embalagens/00346-embalagem-para-cachorro-quente-146x266mm-em-vita-solid.webp","11770","71e4b67d7d81733259d5d0d5f1bb072f3b4f958043202d9ad60b77b3b53f7bfe"
"00347","embalagens","embalagem para doces e salgados 50x174mm em cartao triplex certificado 300g 4x0 sem enobrecimento faca padrao","00347_524x524-25-embalagem-para-doces-e-salgados-50x174mm-em-cartao-triplex-certificado-300g-4x0-sem-enobrecimento-faca-padrao_34278_447","00347-embalagem-para-doces-e-salgados-50x174mm-em-cartao-trip.webp","embalagens/00347-embalagem-para-doces-e-salgados-50x174mm-em-cartao-trip.webp","https://raw.githubusercontent.com/copyeprintlaranjeiras-droid/copy-e-print-assets/main/home/produtos/catalogo-futuraim/embalagens/00347-embalagem-para-doces-e-salgados-50x174mm-em-cartao-trip.webp","9414","3f9066c52270476176f44b777202f953efc8e7e1b351c7026c350a17317a2dfc"
"00348","embalagens","embalagem para trufas e doces 176x196mm em vita solid 250g 4x0 sem enobrecimento faca padrao","00348_524x524-25-embalagem-para-trufas-e-doces-176x196mm-em-vita-solid-250g-4x0-sem-enobrecimento-faca-padrao_11363_82.webp","00348-embalagem-para-trufas-e-doces-176x196mm-em-vita-solid-2.webp","embalagens/00348-embalagem-para-trufas-e-doces-176x196mm-em-vita-solid-2.webp","https://raw.githubusercontent.com/copyeprintlaranjeiras-droid/copy-e-print-assets/main/home/produtos/catalogo-futuraim/embalagens/00348-embalagem-para-trufas-e-doces-176x196mm-em-vita-solid-2.webp","7222","4257316ffdf646a761f5b16c4fd07980b3a7c68a86c4d414b3f1b4d37bbd6d25"
"00349","folders-e-folhetos","folder de saude bucal 148x105mm em couche brilho 150g 4x4 sem enobrecimento 1 dobra modelo simples","00349_524x524-25-folder-de-saude-bucal-148x105mm-em-couche-brilho-150g-4x4-sem-enobrecimento-1-dobra-modelo-simples_27320_945.webp","00349-folder-de-saude-bucal-148x105mm-em-couche-brilho-150g-4.webp","folders-e-folhetos/00349-folder-de-saude-bucal-148x105mm-em-couche-brilho-150g-4.webp","https://raw.githubusercontent.com/copyeprintlaranjeiras-droid/copy-e-print-assets/main/home/produtos/catalogo-futuraim/folders-e-folhetos/00349-folder-de-saude-bucal-148x105mm-em-couche-brilho-150g-4.webp","15936","f90fc192258d0e30263227dcb7028171c7a793eaa0afac14257dcb609ebea21b"
"00350","folders-e-folhetos","folheto 105x148mm em couche fosco 170g 4x0 sem enobrecimento refile","00350_524x524-25-folheto-105x148mm-em-couche-fosco-170g-4x0-sem-enobrecimento-refile_5727_704.webp","00350-folheto-105x148mm-em-couche-fosco-170g-4x0-sem-enobreci.webp","folders-e-folhetos/00350-folheto-105x148mm-em-couche-fosco-170g-4x0-sem-enobreci.webp","https://raw.githubusercontent.com/copyeprintlaranjeiras-droid/copy-e-print-assets/main/home/produtos/catalogo-futuraim/folders-e-folhetos/00350-folheto-105x148mm-em-couche-fosco-170g-4x0-sem-enobreci.webp","6860","babfa27ccc314e8a396bd808a3d9c4169ab8d7ac89146c8399341c5accd48fd8"
"00351","diversos","folhinha de parede 148x198mm em kraft 280g 4x0 sem enobrecimento furo 7mm","00351_524x524-25-folhinha-de-parede-148x198mm-em-kraft-280g-4x0-sem-enobrecimento-furo-7mm_41845.webp","00351-folhinha-de-parede-148x198mm-em-kraft-280g-4x0-sem-enob.webp","diversos/00351-folhinha-de-parede-148x198mm-em-kraft-280g-4x0-sem-enob.webp","https://raw.githubusercontent.com/copyeprintlaranjeiras-droid/copy-e-print-assets/main/home/produtos/catalogo-futuraim/diversos/00351-folhinha-de-parede-148x198mm-em-kraft-280g-4x0-sem-enob.webp","22962","6c482e0e9ee4a9600094c800e733a19b42a429f6685313030141e7ef1e0822c1"
"00352","diversos","jogos americanos 268x368mm em reciclato 90g 4x0 sem enobrecimento refile","00352_524x524-25-jogos-americanos-268x368mm-em-reciclato-90g-4x0-sem-enobrecimento-refile_11688_592.webp","00352-jogos-americanos-268x368mm-em-reciclato-90g-4x0-sem-eno.webp","diversos/00352-jogos-americanos-268x368mm-em-reciclato-90g-4x0-sem-eno.webp","https://raw.githubusercontent.com/copyeprintlaranjeiras-droid/copy-e-print-assets/main/home/produtos/catalogo-futuraim/diversos/00352-jogos-americanos-268x368mm-em-reciclato-90g-4x0-sem-eno.webp","11902","a2f296926ce1b3d7f77830591b5c80332c3d489af4ae87c2c35685ea8ec9b19f"
"00353","adesivos-e-rotulos","lacre fecha sacola 40x50mm em adesivo couche brilho 80g 4x0 sem enobrecimento meio corte padrao","00353_524x524-25-lacre-fecha-sacola-40x50mm-em-adesivo-couche-brilho-80g-4x0-sem-enobrecimento-meio-corte-padrao_73171.webp","00353-lacre-fecha-sacola-40x50mm-em-adesivo-couche-brilho-80g.webp","adesivos-e-rotulos/00353-lacre-fecha-sacola-40x50mm-em-adesivo-couche-brilho-80g.webp","https://raw.githubusercontent.com/copyeprintlaranjeiras-droid/copy-e-print-assets/main/home/produtos/catalogo-futuraim/adesivos-e-rotulos/00353-lacre-fecha-sacola-40x50mm-em-adesivo-couche-brilho-80g.webp","5542","02dd4c6c0ef23b804f6bb56ef3e02a4a016e541f7ff2ab8cd9af385536f42a4e"
"00354","cartoes-e-papelaria","marcador de pagina 48x178mm em reciclato 240g 4x4 sem enobrecimento refile","00354_524x524-25-marcador-de-pagina-48x178mm-em-reciclato-240g-4x4-sem-enobrecimento-refile_6462_83.webp","00354-marcador-de-pagina-48x178mm-em-reciclato-240g-4x4-sem-e.webp","cartoes-e-papelaria/00354-marcador-de-pagina-48x178mm-em-reciclato-240g-4x4-sem-e.webp","https://raw.githubusercontent.com/copyeprintlaranjeiras-droid/copy-e-print-assets/main/home/produtos/catalogo-futuraim/cartoes-e-papelaria/00354-marcador-de-pagina-48x178mm-em-reciclato-240g-4x4-sem-e.webp","9642","6c40304d6aad74995e3134aa567c2f937ff0a13bc9b54c92b6b7c2c83a1ca762"
"00355","diversos","regua personalizada 54x164mm em pvc branco 03mm 4x0 sem enobrecimento faca padrao","00355_524x524-25-regua-personalizada-54x164mm-em-pvc-branco-03mm-4x0-sem-enobrecimento-faca-padrao_24251_576.webp","00355-regua-personalizada-54x164mm-em-pvc-branco-03mm-4x0-sem.webp","diversos/00355-regua-personalizada-54x164mm-em-pvc-branco-03mm-4x0-sem.webp","https://raw.githubusercontent.com/copyeprintlaranjeiras-droid/copy-e-print-assets/main/home/produtos/catalogo-futuraim/diversos/00355-regua-personalizada-54x164mm-em-pvc-branco-03mm-4x0-sem.webp","6410","50dace494b49ba50a031ca3d86a7a8256a53af656fff27aff82c1a7b355dcf8b"
"00356","diversos","revelacao de fotos 100x150mm em premium 210g 4x0 brilhante sem borda","00356_524x524-25-revelacao-de-fotos-100x150mm-em-premium-210g-4x0-brilhante-sem-borda_21627_237.webp","00356-revelacao-de-fotos-100x150mm-em-premium-210g-4x0-brilha.webp","diversos/00356-revelacao-de-fotos-100x150mm-em-premium-210g-4x0-brilha.webp","https://raw.githubusercontent.com/copyeprintlaranjeiras-droid/copy-e-print-assets/main/home/produtos/catalogo-futuraim/diversos/00356-revelacao-de-fotos-100x150mm-em-premium-210g-4x0-brilha.webp","11420","fa770dad52b40153209f2fdc00bf3a26455c6c1bbf015ce290162caba92de8f3"
"00357","diversos","suporte para celular e tablet 80x290mm em triplex 300g 4x4 laminacao fosca frente e verso faca padrao empastamento","00357_524x524-25-suporte-para-celular-e-tablet-80x290mm-em-triplex-300g-4x4-laminacao-fosca-frente-e-verso-faca-padrao-empastamento_2465","00357-suporte-para-celular-e-tablet-80x290mm-em-triplex-300g.webp","diversos/00357-suporte-para-celular-e-tablet-80x290mm-em-triplex-300g.webp","https://raw.githubusercontent.com/copyeprintlaranjeiras-droid/copy-e-print-assets/main/home/produtos/catalogo-futuraim/diversos/00357-suporte-para-celular-e-tablet-80x290mm-em-triplex-300g.webp","6444","45fa4d74f424bd6ea8c7e4fdbab3f6f8fc4b734c48db7a13e5a8a231dddf08cb"
"00358","cartoes-e-papelaria","tag de pascoa 46x64mm em couche brilho 300g 4x0 sem enobrecimento faca padrao","00358_524x524-25-tag-de-pascoa-46x64mm-em-couche-brilho-300g-4x0-sem-enobrecimento-faca-padrao_106886.webp","00358-tag-de-pascoa-46x64mm-em-couche-brilho-300g-4x0-sem-eno.webp","cartoes-e-papelaria/00358-tag-de-pascoa-46x64mm-em-couche-brilho-300g-4x0-sem-eno.webp","https://raw.githubusercontent.com/copyeprintlaranjeiras-droid/copy-e-print-assets/main/home/produtos/catalogo-futuraim/cartoes-e-papelaria/00358-tag-de-pascoa-46x64mm-em-couche-brilho-300g-4x0-sem-eno.webp","4894","c1fb5362acc61e9f359bb00b12aa97402a636fa388d1d2fd92c53a187ab6967e"
"00359","diversos","timbrados 148x210mm em sulfite 90g 4x0 sem enobrecimento refile","00359_524x524-25-timbrados-148x210mm-em-sulfite-90g-4x0-sem-enobrecimento-refile_15063_451.webp","00359-timbrados-148x210mm-em-sulfite-90g-4x0-sem-enobreciment.webp","diversos/00359-timbrados-148x210mm-em-sulfite-90g-4x0-sem-enobreciment.webp","https://raw.githubusercontent.com/copyeprintlaranjeiras-droid/copy-e-print-assets/main/home/produtos/catalogo-futuraim/diversos/00359-timbrados-148x210mm-em-sulfite-90g-4x0-sem-enobreciment.webp","7104","227985f178c442f85d50648625a24de3cedb4350bfeb2bb48f83208557efb395"
"00360","diversos","ventarola copa 196x250mm em couche brilho 250g 4x4 sem enobrecimento faca padrao","00360_524x524-25-ventarola-copa-196x250mm-em-couche-brilho-250g-4x4-sem-enobrecimento-faca-padrao_57489.webp","00360-ventarola-copa-196x250mm-em-couche-brilho-250g-4x4-sem.webp","diversos/00360-ventarola-copa-196x250mm-em-couche-brilho-250g-4x4-sem.webp","https://raw.githubusercontent.com/copyeprintlaranjeiras-droid/copy-e-print-assets/main/home/produtos/catalogo-futuraim/diversos/00360-ventarola-copa-196x250mm-em-couche-brilho-250g-4x4-sem.webp","15418","3e2030c384e194d6bebbb89cae9d800a5da601a48603f98d3033be5735ec4c2f"
"00361","cartoes-e-papelaria","envelope de seguranca para e commerce 370x250mm em kraft 125g 1x0 sem enobrecimento colagem fita dupla face","00361_524x524-250-envelope-de-seguranca-para-e-commerce-370x250mm-em-kraft-125g-1x0-sem-enobrecimento-colagem-fita-dupla-face_34337_207","00361-envelope-de-seguranca-para-e-commerce-370x250mm-em-kraf.webp","cartoes-e-papelaria/00361-envelope-de-seguranca-para-e-commerce-370x250mm-em-kraf.webp","https://raw.githubusercontent.com/copyeprintlaranjeiras-droid/copy-e-print-assets/main/home/produtos/catalogo-futuraim/cartoes-e-papelaria/00361-envelope-de-seguranca-para-e-commerce-370x250mm-em-kraf.webp","7374","c8c12270d2376c1d9c89f33f3451b630d43a9b3d9913926eebfc116cd66d79c1"
"00362","adesivos-e-rotulos","etiqueta lacre de garantia casca de ovo 10x20mm em pvc 009mm adesivo destrutivel branco 4x0 sem enobrecimento cartela ","00362_524x524-250-etiqueta-lacre-de-garantia-casca-de-ovo-10x20mm-em-pvc-009mm-adesivo-destrutivel-branco-4x0-sem-enobrecimento-cartela-","00362-etiqueta-lacre-de-garantia-casca-de-ovo-10x20mm-em-pvc.webp","adesivos-e-rotulos/00362-etiqueta-lacre-de-garantia-casca-de-ovo-10x20mm-em-pvc.webp","https://raw.githubusercontent.com/copyeprintlaranjeiras-droid/copy-e-print-assets/main/home/produtos/catalogo-futuraim/adesivos-e-rotulos/00362-etiqueta-lacre-de-garantia-casca-de-ovo-10x20mm-em-pvc.webp","4792","ffc58595ceb4d26f916ec41715e6a3d50e0df3f4d1096909a3ac4b6620822e6e"
"00363","adesivos-e-rotulos","etiqueta lacre de garantia void 10x20mm em poliester adesivo prata void 150g 4x0 sem enobrecimento cartela meio corte ","00363_524x524-250-etiqueta-lacre-de-garantia-void-10x20mm-em-poliester-adesivo-prata-void-150g-4x0-sem-enobrecimento-cartela-meio-corte-","00363-etiqueta-lacre-de-garantia-void-10x20mm-em-poliester-ad.webp","adesivos-e-rotulos/00363-etiqueta-lacre-de-garantia-void-10x20mm-em-poliester-ad.webp","https://raw.githubusercontent.com/copyeprintlaranjeiras-droid/copy-e-print-assets/main/home/produtos/catalogo-futuraim/adesivos-e-rotulos/00363-etiqueta-lacre-de-garantia-void-10x20mm-em-poliester-ad.webp","8412","e068c2f18678b352eda17fd5414e7bbd4480f25a2a78e8add7fcbf07d8eb0612"
"00364","adesivos-e-rotulos","rotulo para garrafa de suco 220x112mm em bopp adesivo branco brilho 50g 4x0 hot stamping dourado retangular bobina 330","00364_524x524-250-rotulo-para-garrafa-de-suco-220x112mm-em-bopp-adesivo-branco-brilho-50g-4x0-hot-stamping-dourado-retangular-bobina-330","00364-rotulo-para-garrafa-de-suco-220x112mm-em-bopp-adesivo-b.webp","adesivos-e-rotulos/00364-rotulo-para-garrafa-de-suco-220x112mm-em-bopp-adesivo-b.webp","https://raw.githubusercontent.com/copyeprintlaranjeiras-droid/copy-e-print-assets/main/home/produtos/catalogo-futuraim/adesivos-e-rotulos/00364-rotulo-para-garrafa-de-suco-220x112mm-em-bopp-adesivo-b.webp","8430","fab17ae4b98493d21b89ff372d9f9721c1ac687348af36536f30060124f8979d"
"00365","embalagens","sacola horizontal p 245x115mm em kraft 135g 1x0 sem enobrecimento faca padrao com alca nylon preta 35cm com ponteira","00365_524x524-250-sacola-horizontal-p-245x115mm-em-kraft-135g-1x0-sem-enobrecimento-faca-padrao-com-alca-nylon-preta-35cm-com-ponteira_4","00365-sacola-horizontal-p-245x115mm-em-kraft-135g-1x0-sem-eno.webp","embalagens/00365-sacola-horizontal-p-245x115mm-em-kraft-135g-1x0-sem-eno.webp","https://raw.githubusercontent.com/copyeprintlaranjeiras-droid/copy-e-print-assets/main/home/produtos/catalogo-futuraim/embalagens/00365-sacola-horizontal-p-245x115mm-em-kraft-135g-1x0-sem-eno.webp","7438","b02003986f895bca1ad3b17c85d6f39221c72d1389241728c20f5610d514eaf5"
"00366","diversos","cardapio 210x297mm em kraft 280g 4x4 sem enobrecimento 1 vinco","00366_524x524-3-cardapio-210x297mm-em-kraft-280g-4x4-sem-enobrecimento-1-vinco_41449_810.webp","00366-cardapio-210x297mm-em-kraft-280g-4x4-sem-enobrecimento.webp","diversos/00366-cardapio-210x297mm-em-kraft-280g-4x4-sem-enobrecimento.webp","https://raw.githubusercontent.com/copyeprintlaranjeiras-droid/copy-e-print-assets/main/home/produtos/catalogo-futuraim/diversos/00366-cardapio-210x297mm-em-kraft-280g-4x4-sem-enobrecimento.webp","14042","71e6f4742bf84d03d37f1f512135403b96030c8f4ef25297cc29521a5c44f5ba"
"00367","embalagens","solapas para sacolas 15x176x116mm em couche brilho 250g 4x0 verniz total brilho frente faca padrao","00367_524x524-30-solapas-para-sacolas-15x176x116mm-em-couche-brilho-250g-4x0-verniz-total-brilho-frente-faca-padrao_47077_438.webp","00367-solapas-para-sacolas-15x176x116mm-em-couche-brilho-250g.webp","embalagens/00367-solapas-para-sacolas-15x176x116mm-em-couche-brilho-250g.webp","https://raw.githubusercontent.com/copyeprintlaranjeiras-droid/copy-e-print-assets/main/home/produtos/catalogo-futuraim/embalagens/00367-solapas-para-sacolas-15x176x116mm-em-couche-brilho-250g.webp","7852","17bace1b0f08f7f0a8a2fa40929ab3e7deb13bed2ba50386357d6a17e9823399"
"00368","cartoes-e-papelaria","papel barreira para lanches 330x340mm em papel barreira glassine glaspel 35g 1x0","00368_524x524-3000-papel-barreira-para-lanches-330x340mm-em-papel-barreira-glassine-glaspel-35g-1x0_30849_294.webp","00368-papel-barreira-para-lanches-330x340mm-em-papel-barreira.webp","cartoes-e-papelaria/00368-papel-barreira-para-lanches-330x340mm-em-papel-barreira.webp","https://raw.githubusercontent.com/copyeprintlaranjeiras-droid/copy-e-print-assets/main/home/produtos/catalogo-futuraim/cartoes-e-papelaria/00368-papel-barreira-para-lanches-330x340mm-em-papel-barreira.webp","23906","fb32bc0d2cc61570631283884aade7ee647a4251ae74efea0adb9d3cd46710c4"
"00369","diversos","atestado 148x210mm em sulfite 75g 1x0 sem enobrecimento blocagem com 100 folhas","00369_524x524-5-atestado-148x210mm-em-sulfite-75g-1x0-sem-enobrecimento-blocagem-com-100-folhas_27776_150.webp","00369-atestado-148x210mm-em-sulfite-75g-1x0-sem-enobrecimento.webp","diversos/00369-atestado-148x210mm-em-sulfite-75g-1x0-sem-enobrecimento.webp","https://raw.githubusercontent.com/copyeprintlaranjeiras-droid/copy-e-print-assets/main/home/produtos/catalogo-futuraim/diversos/00369-atestado-148x210mm-em-sulfite-75g-1x0-sem-enobrecimento.webp","12098","11e80822096da7b31bccac01b189b34821b38e39258a0295d41b71b1fb59156e"
"00370","cartoes-e-papelaria","bloco proxima consulta 148x105mm em alta alvura 150g 1x0 sem enobrecimento blocagem com 100 folhas","00370_524x524-5-bloco-proxima-consulta-148x105mm-em-alta-alvura-150g-1x0-sem-enobrecimento-blocagem-com-100-folhas_27213_841.webp","00370-bloco-proxima-consulta-148x105mm-em-alta-alvura-150g-1x.webp","cartoes-e-papelaria/00370-bloco-proxima-consulta-148x105mm-em-alta-alvura-150g-1x.webp","https://raw.githubusercontent.com/copyeprintlaranjeiras-droid/copy-e-print-assets/main/home/produtos/catalogo-futuraim/cartoes-e-papelaria/00370-bloco-proxima-consulta-148x105mm-em-alta-alvura-150g-1x.webp","5858","46a255b2c292bd08bcb11c7f6e13671c7d8afbc254411bbcd373e5542d41586f"
"00371","diversos","cortador de pizza 65x135mm em plastico 4x0 sem enobrecimento personalizado","00371_524x524-5-cortador-de-pizza-65x135mm-em-plastico-4x0-sem-enobrecimento-personalizado_30966_477.webp","00371-cortador-de-pizza-65x135mm-em-plastico-4x0-sem-enobreci.webp","diversos/00371-cortador-de-pizza-65x135mm-em-plastico-4x0-sem-enobreci.webp","https://raw.githubusercontent.com/copyeprintlaranjeiras-droid/copy-e-print-assets/main/home/produtos/catalogo-futuraim/diversos/00371-cortador-de-pizza-65x135mm-em-plastico-4x0-sem-enobreci.webp","8894","69d0e617c18a5c3d265e42696307ee52822bd991d1490606c1c38325c55e6275"
"00372","diversos","declaracao de comparecimento 148x210mm em sulfite 75g 1x0 sem enobrecimento blocagem com 100 folhas","00372_524x524-5-declaracao-de-comparecimento-148x210mm-em-sulfite-75g-1x0-sem-enobrecimento-blocagem-com-100-folhas_27782_885.webp","00372-declaracao-de-comparecimento-148x210mm-em-sulfite-75g-1.webp","diversos/00372-declaracao-de-comparecimento-148x210mm-em-sulfite-75g-1.webp","https://raw.githubusercontent.com/copyeprintlaranjeiras-droid/copy-e-print-assets/main/home/produtos/catalogo-futuraim/diversos/00372-declaracao-de-comparecimento-148x210mm-em-sulfite-75g-1.webp","11670","3e70e0897d94189f0dd65c9ee7039f11940a947cc5e17efdf223e5edaf6ef70d"
"00373","adesivos-e-rotulos","display cartaz para etiqueta de gondola 96x176mm em couche brilho 300g 4x0 verniz total brilho frente faca padrao","00373_524x524-5-display-cartaz-para-etiqueta-de-gondola-96x176mm-em-couche-brilho-300g-4x0-verniz-total-brilho-frente-faca-padrao_78171","00373-display-cartaz-para-etiqueta-de-gondola-96x176mm-em-cou.webp","adesivos-e-rotulos/00373-display-cartaz-para-etiqueta-de-gondola-96x176mm-em-cou.webp","https://raw.githubusercontent.com/copyeprintlaranjeiras-droid/copy-e-print-assets/main/home/produtos/catalogo-futuraim/adesivos-e-rotulos/00373-display-cartaz-para-etiqueta-de-gondola-96x176mm-em-cou.webp","10246","f178efb668d1c1c27b96d32f7b9d8aef2814c02a5afb99bf14ebdd18a4cb1a18"
"00374","banners-e-sinalizacao","faixa de gondola 31x300mm em couche 300g 4x0 sem enobrecimento refile","00374_524x524-5-faixa-de-gondola-31x300mm-em-couche-300g-4x0-sem-enobrecimento-refile_78120.webp","00374-faixa-de-gondola-31x300mm-em-couche-300g-4x0-sem-enobre.webp","banners-e-sinalizacao/00374-faixa-de-gondola-31x300mm-em-couche-300g-4x0-sem-enobre.webp","https://raw.githubusercontent.com/copyeprintlaranjeiras-droid/copy-e-print-assets/main/home/produtos/catalogo-futuraim/banners-e-sinalizacao/00374-faixa-de-gondola-31x300mm-em-couche-300g-4x0-sem-enobre.webp","4478","ec96d084f161c63e3f0bea71cc82b32d95a5929fb4ab055b1f89bb8dc50b22ad"
"00376","diversos","mobiles 300x450mm em pvc branco 03mm 4x4 sem enobrecimento carretel fio de nylon 4 cantos arredondados","00376_524x524-5-mobiles-300x450mm-em-pvc-branco-03mm-4x4-sem-enobrecimento-carretel-fio-de-nylon-4-cantos-arredondados_19184_777.webp","00376-mobiles-300x450mm-em-pvc-branco-03mm-4x4-sem-enobrecime.webp","diversos/00376-mobiles-300x450mm-em-pvc-branco-03mm-4x4-sem-enobrecime.webp","https://raw.githubusercontent.com/copyeprintlaranjeiras-droid/copy-e-print-assets/main/home/produtos/catalogo-futuraim/diversos/00376-mobiles-300x450mm-em-pvc-branco-03mm-4x4-sem-enobrecime.webp","18190","a4ebb2c5bec6848f40e3d109e7cadd0ba886ddb391e94bb4a45ad9075cfc29bb"
"00377","banners-e-sinalizacao","placa pirulito de mao adesivada redonda 300x400mm em polionda branca 3mm 4x0 sem enobrecimento corte padrao","00377_524x524-5-placa-pirulito-de-mao-adesivada-redonda-300x400mm-em-polionda-branca-3mm-4x0-sem-enobrecimento-corte-padrao_129814.webp","00377-placa-pirulito-de-mao-adesivada-redonda-300x400mm-em-po.webp","banners-e-sinalizacao/00377-placa-pirulito-de-mao-adesivada-redonda-300x400mm-em-po.webp","https://raw.githubusercontent.com/copyeprintlaranjeiras-droid/copy-e-print-assets/main/home/produtos/catalogo-futuraim/banners-e-sinalizacao/00377-placa-pirulito-de-mao-adesivada-redonda-300x400mm-em-po.webp","15612","2e269e56c248599032afae6aa8c656ad851ee62207f38ae1a82186c0078bf680"
"00378","diversos","receita de antibiotico 148x210mm em sulfite 75g 1x0 sem enobrecimento blocagem com 50 folhas","00378_524x524-5-receita-de-antibiotico-148x210mm-em-sulfite-75g-1x0-sem-enobrecimento-blocagem-com-50-folhas_27353_10.webp","00378-receita-de-antibiotico-148x210mm-em-sulfite-75g-1x0-sem.webp","diversos/00378-receita-de-antibiotico-148x210mm-em-sulfite-75g-1x0-sem.webp","https://raw.githubusercontent.com/copyeprintlaranjeiras-droid/copy-e-print-assets/main/home/produtos/catalogo-futuraim/diversos/00378-receita-de-antibiotico-148x210mm-em-sulfite-75g-1x0-sem.webp","10400","fce5396aab6d29044bd9e8bb47f2f240b70a720f3fbf38ac06c7f9ca4c8578b1"
"00379","diversos","receita de controle especial 148x210mm em sulfite 75g 1x0 sem enobrecimento blocagem com 50 folhas","00379_524x524-5-receita-de-controle-especial-148x210mm-em-sulfite-75g-1x0-sem-enobrecimento-blocagem-com-50-folhas_27359_471.webp","00379-receita-de-controle-especial-148x210mm-em-sulfite-75g-1.webp","diversos/00379-receita-de-controle-especial-148x210mm-em-sulfite-75g-1.webp","https://raw.githubusercontent.com/copyeprintlaranjeiras-droid/copy-e-print-assets/main/home/produtos/catalogo-futuraim/diversos/00379-receita-de-controle-especial-148x210mm-em-sulfite-75g-1.webp","10400","fce5396aab6d29044bd9e8bb47f2f240b70a720f3fbf38ac06c7f9ca4c8578b1"
"00380","cartoes-e-papelaria","receituario em bloco 148x210mm em sulfite 75g 1x0 sem enobrecimento blocagem com 100 folhas","00380_524x524-5-receituario-em-bloco-148x210mm-em-sulfite-75g-1x0-sem-enobrecimento-blocagem-com-100-folhas_27341_500.webp","00380-receituario-em-bloco-148x210mm-em-sulfite-75g-1x0-sem-e.webp","cartoes-e-papelaria/00380-receituario-em-bloco-148x210mm-em-sulfite-75g-1x0-sem-e.webp","https://raw.githubusercontent.com/copyeprintlaranjeiras-droid/copy-e-print-assets/main/home/produtos/catalogo-futuraim/cartoes-e-papelaria/00380-receituario-em-bloco-148x210mm-em-sulfite-75g-1x0-sem-e.webp","6044","d5ddb9de1681c6854ad20586f9da7f4c3397fef1634b18fc91f49b1ead6c901f"
"00381","embalagens","sacola horizontal pp 150x55x126mm em sulfite 180g 4x0 sem enobrecimento faca padrao com alca gorgurao escama branca 20x3","00381_524x524-5-sacola-horizontal-pp-150x55x126mm-em-sulfite-180g-4x0-sem-enobrecimento-faca-padrao-com-alca-gorgurao-escama-branca-20x3","00381-sacola-horizontal-pp-150x55x126mm-em-sulfite-180g-4x0-s.webp","embalagens/00381-sacola-horizontal-pp-150x55x126mm-em-sulfite-180g-4x0-s.webp","https://raw.githubusercontent.com/copyeprintlaranjeiras-droid/copy-e-print-assets/main/home/produtos/catalogo-futuraim/embalagens/00381-sacola-horizontal-pp-150x55x126mm-em-sulfite-180g-4x0-s.webp","6748","825c45a1ff9ef333a82c5728c45190710e9dee418a92eecd8921610394c0000d"
"00382","diversos","stopper retangular 100x190mm em pvcpspet branco 03mm 4x4 sem enobrecimento faca padrao","00382_524x524-5-stopper-retangular-100x190mm-em-pvcpspet-branco-03mm-4x4-sem-enobrecimento-faca-padrao_51829_695.webp","00382-stopper-retangular-100x190mm-em-pvcpspet-branco-03mm-4x.webp","diversos/00382-stopper-retangular-100x190mm-em-pvcpspet-branco-03mm-4x.webp","https://raw.githubusercontent.com/copyeprintlaranjeiras-droid/copy-e-print-assets/main/home/produtos/catalogo-futuraim/diversos/00382-stopper-retangular-100x190mm-em-pvcpspet-branco-03mm-4x.webp","30824","8ba90b21574adc4edf02d1936c02b2c526a45be021a46bb27c4c1ca5424102bb"
"00383","diversos","wobbler promocional 146x146mm em couche 300g 4x0 sem enobrecimento refile tira transparente com fita dupla face","00383_524x524-5-wobbler-promocional-146x146mm-em-couche-300g-4x0-sem-enobrecimento-refile-tira-transparente-com-fita-dupla-face_78295.we","00383-wobbler-promocional-146x146mm-em-couche-300g-4x0-sem-en.webp","diversos/00383-wobbler-promocional-146x146mm-em-couche-300g-4x0-sem-en.webp","https://raw.githubusercontent.com/copyeprintlaranjeiras-droid/copy-e-print-assets/main/home/produtos/catalogo-futuraim/diversos/00383-wobbler-promocional-146x146mm-em-couche-300g-4x0-sem-en.webp","15902","ef4e69f856b498780c1fe29646866381b2342aea429234706c78a39b767e1b6d"
"00384","cartoes-e-papelaria","bandeja montavel para porcao 120x80x35mm em kraft certificado 280g 1x0 sem barreira interna faca padrao encaixe","00384_524x524-50-bandeja-montavel-para-porcao-120x80x35mm-em-kraft-certificado-280g-1x0-sem-barreira-interna-faca-padrao-encaixe_108465","00384-bandeja-montavel-para-porcao-120x80x35mm-em-kraft-certi.webp","cartoes-e-papelaria/00384-bandeja-montavel-para-porcao-120x80x35mm-em-kraft-certi.webp","https://raw.githubusercontent.com/copyeprintlaranjeiras-droid/copy-e-print-assets/main/home/produtos/catalogo-futuraim/cartoes-e-papelaria/00384-bandeja-montavel-para-porcao-120x80x35mm-em-kraft-certi.webp","10726","29c8bf670618b9a4920d289c0c4df05d2b6534a0f897f7f3964b7f4e865beed2"
"00385","embalagens","barca para porcao 120x60x80mm em kraft certificado 280g 1x0 sem barreira interna faca padrao encaixe","00385_524x524-50-barca-para-porcao-120x60x80mm-em-kraft-certificado-280g-1x0-sem-barreira-interna-faca-padrao-encaixe_108469.webp","00385-barca-para-porcao-120x60x80mm-em-kraft-certificado-280g.webp","embalagens/00385-barca-para-porcao-120x60x80mm-em-kraft-certificado-280g.webp","https://raw.githubusercontent.com/copyeprintlaranjeiras-droid/copy-e-print-assets/main/home/produtos/catalogo-futuraim/embalagens/00385-barca-para-porcao-120x60x80mm-em-kraft-certificado-280g.webp","9170","2e0768ac4f4c1af08952efdf99ba906183cf2186ecd297d8d70149ee7f5b24d7"
"00386","calendarios-e-agendas","bloco de calendario para ima de geladeira 2027 50x44mm em sulfite 63g 2x0 destacado","00386_524x524-50-bloco-de-calendario-para-ima-de-geladeira-2027-50x44mm-em-sulfite-63g-2x0-destacado_290201.webp","00386-bloco-de-calendario-para-ima-de-geladeira-2027-50x44mm.webp","calendarios-e-agendas/00386-bloco-de-calendario-para-ima-de-geladeira-2027-50x44mm.webp","https://raw.githubusercontent.com/copyeprintlaranjeiras-droid/copy-e-print-assets/main/home/produtos/catalogo-futuraim/calendarios-e-agendas/00386-bloco-de-calendario-para-ima-de-geladeira-2027-50x44mm.webp","18062","256520334818008a8875baab08416de48e0696f13fb39ff263f6d8f4f24de420"
"00387","embalagens","caixa de hamburguer 87x80x65mm em kraft certificado 280g 1x0 sem barreira interna faca padrao encaixe","00387_524x524-50-caixa-de-hamburguer-87x80x65mm-em-kraft-certificado-280g-1x0-sem-barreira-interna-faca-padrao-encaixe_108481.webp","00387-caixa-de-hamburguer-87x80x65mm-em-kraft-certificado-280.webp","embalagens/00387-caixa-de-hamburguer-87x80x65mm-em-kraft-certificado-280.webp","https://raw.githubusercontent.com/copyeprintlaranjeiras-droid/copy-e-print-assets/main/home/produtos/catalogo-futuraim/embalagens/00387-caixa-de-hamburguer-87x80x65mm-em-kraft-certificado-280.webp","16020","379ea701da266a89c0cab79df99bb14f994dd4dcc83d5607a976d51f092eae3b"
"00388","embalagens","caixa de pipoca 55x55x105mm em kraft certificado 280g 1x0 sem barreira interna faca padrao_108493 2","00388_524x524-50-caixa-de-pipoca-55x55x105mm-em-kraft-certificado-280g-1x0-sem-barreira-interna-faca-padrao_108493-2.webp","00388-caixa-de-pipoca-55x55x105mm-em-kraft-certificado-280g-1.webp","embalagens/00388-caixa-de-pipoca-55x55x105mm-em-kraft-certificado-280g-1.webp","https://raw.githubusercontent.com/copyeprintlaranjeiras-droid/copy-e-print-assets/main/home/produtos/catalogo-futuraim/embalagens/00388-caixa-de-pipoca-55x55x105mm-em-kraft-certificado-280g-1.webp","20890","d21e91344694acafcc4591381bd6c1ca7fada129c3b5e61809e595bf495ae3ed"
"00389","personalizados-e-brindes","capa de carne 98x422mm em couche brilho 150g 4x0 sem enobrecimento 1 vinco","00389_524x524-50-capa-de-carne-98x422mm-em-couche-brilho-150g-4x0-sem-enobrecimento-1-vinco_23634_831.webp","00389-capa-de-carne-98x422mm-em-couche-brilho-150g-4x0-sem-en.webp","personalizados-e-brindes/00389-capa-de-carne-98x422mm-em-couche-brilho-150g-4x0-sem-en.webp","https://raw.githubusercontent.com/copyeprintlaranjeiras-droid/copy-e-print-assets/main/home/produtos/catalogo-futuraim/personalizados-e-brindes/00389-capa-de-carne-98x422mm-em-couche-brilho-150g-4x0-sem-en.webp","4580","862e2d8caf234a852e8985591cd71165eeec004208706564c42e03dbe08a4bc5"
"00390","diversos","carne de controle de tratamento odontologico 105x148mm em couche brilho 250g 4x0 sem enobrecimento refile","00390_524x524-50-carne-de-controle-de-tratamento-odontologico-105x148mm-em-couche-brilho-250g-4x0-sem-enobrecimento-refile_27362_695.web","00390-carne-de-controle-de-tratamento-odontologico-105x148mm.webp","diversos/00390-carne-de-controle-de-tratamento-odontologico-105x148mm.webp","https://raw.githubusercontent.com/copyeprintlaranjeiras-droid/copy-e-print-assets/main/home/produtos/catalogo-futuraim/diversos/00390-carne-de-controle-de-tratamento-odontologico-105x148mm.webp","9892","149f23d844cb2aebb6876d21b017ecd2e36aa17b6a8c46ede8fc841d34db0d3b"
"00391","cartoes-e-papelaria","cartao de visita 48x88mm em kraft 280g 4x0 sem enobrecimento refile","00391_524x524-50-cartao-de-visita-48x88mm-em-kraft-280g-4x0-sem-enobrecimento-refile_41505_229.webp","00391-cartao-de-visita-48x88mm-em-kraft-280g-4x0-sem-enobreci.webp","cartoes-e-papelaria/00391-cartao-de-visita-48x88mm-em-kraft-280g-4x0-sem-enobreci.webp","https://raw.githubusercontent.com/copyeprintlaranjeiras-droid/copy-e-print-assets/main/home/produtos/catalogo-futuraim/cartoes-e-papelaria/00391-cartao-de-visita-48x88mm-em-kraft-280g-4x0-sem-enobreci.webp","11104","1b96898b1b1460b8a2fd0a2553604a300ca21470819299bc35e77811764dc725"
"00392","cartoes-e-papelaria","cartao de visita 54x85mm em pvc branco 03mm 4x0 sem enobrecimento 4 cantos arredondados","00392_524x524-50-cartao-de-visita-54x85mm-em-pvc-branco-03mm-4x0-sem-enobrecimento-4-cantos-arredondados_19108_517.webp","00392-cartao-de-visita-54x85mm-em-pvc-branco-03mm-4x0-sem-eno.webp","cartoes-e-papelaria/00392-cartao-de-visita-54x85mm-em-pvc-branco-03mm-4x0-sem-eno.webp","https://raw.githubusercontent.com/copyeprintlaranjeiras-droid/copy-e-print-assets/main/home/produtos/catalogo-futuraim/cartoes-e-papelaria/00392-cartao-de-visita-54x85mm-em-pvc-branco-03mm-4x0-sem-eno.webp","6576","221b8cfaa44fcaf2c7c35fa8f6d29fd3f64ed976a45df91019243108e3635095"
"00393","cartoes-e-papelaria","cartao duplo 49x88mm em kraft 280g 4x0 sem enobrecimento 1 vinco","00393_524x524-50-cartao-duplo-49x88mm-em-kraft-280g-4x0-sem-enobrecimento-1-vinco_41533_391.webp","00393-cartao-duplo-49x88mm-em-kraft-280g-4x0-sem-enobreciment.webp","cartoes-e-papelaria/00393-cartao-duplo-49x88mm-em-kraft-280g-4x0-sem-enobreciment.webp","https://raw.githubusercontent.com/copyeprintlaranjeiras-droid/copy-e-print-assets/main/home/produtos/catalogo-futuraim/cartoes-e-papelaria/00393-cartao-duplo-49x88mm-em-kraft-280g-4x0-sem-enobreciment.webp","4954","13b28b4cabf19793bf196de04226d6acf02f95332524574e0cd20d6ed159c431"
"00394","adesivos-e-rotulos","cartela de adesivos 148x210mm em offset adesivo 50g 4x0 sem enobrecimento especial bobina 330mm","00394_524x524-50-cartela-de-adesivos-148x210mm-em-offset-adesivo-50g-4x0-sem-enobrecimento-especial-bobina-330mm_174498.webp","00394-cartela-de-adesivos-148x210mm-em-offset-adesivo-50g-4x0.webp","adesivos-e-rotulos/00394-cartela-de-adesivos-148x210mm-em-offset-adesivo-50g-4x0.webp","https://raw.githubusercontent.com/copyeprintlaranjeiras-droid/copy-e-print-assets/main/home/produtos/catalogo-futuraim/adesivos-e-rotulos/00394-cartela-de-adesivos-148x210mm-em-offset-adesivo-50g-4x0.webp","13910","f2c87db968c54efde1a371f84e9da766c6ba9e0ce54356f9f2595088832079c0"
"00395","cartoes-e-papelaria","cone para fritas e porcao com suporte para molho 145x120mm em kraft certificado 280g 1x0 sem barreira interna faca padr","00395_524x524-50-cone-para-fritas-e-porcao-com-suporte-para-molho-145x120mm-em-kraft-certificado-280g-1x0-sem-barreira-interna-faca-padr","00395-cone-para-fritas-e-porcao-com-suporte-para-molho-145x12.webp","cartoes-e-papelaria/00395-cone-para-fritas-e-porcao-com-suporte-para-molho-145x12.webp","https://raw.githubusercontent.com/copyeprintlaranjeiras-droid/copy-e-print-assets/main/home/produtos/catalogo-futuraim/cartoes-e-papelaria/00395-cone-para-fritas-e-porcao-com-suporte-para-molho-145x12.webp","8842","fe2bd001d1a0ef3d4142536c00defaa1fcb6829813e6b77973cd4a237ac712f9"
"00396","cartoes-e-papelaria","convite de casamento classico 01 los angeles estampado 200x200mm em envelope color plus estampado los angeles 180g lami","00396_524x524-50-convite-de-casamento-classico-01-los-angeles-estampado-200x200mm-em-envelope-color-plus-estampado-los-angeles-180g-lami","00396-convite-de-casamento-classico-01-los-angeles-estampado.webp","cartoes-e-papelaria/00396-convite-de-casamento-classico-01-los-angeles-estampado.webp","https://raw.githubusercontent.com/copyeprintlaranjeiras-droid/copy-e-print-assets/main/home/produtos/catalogo-futuraim/cartoes-e-papelaria/00396-convite-de-casamento-classico-01-los-angeles-estampado.webp","20538","76a196693bac479197b22f422c7b594e774d86a7a29bb8671beb9f979fba96d3"
"00397","cartoes-e-papelaria","convite de casamento classico 02 100x148mm em envelope perolizado 180g 4x4 sem enobrecimento faca padrao","00397_524x524-50-convite-de-casamento-classico-02-100x148mm-em-envelope-perolizado-180g-4x4-sem-enobrecimento-faca-padrao_11930_119.webp","00397-convite-de-casamento-classico-02-100x148mm-em-envelope.webp","cartoes-e-papelaria/00397-convite-de-casamento-classico-02-100x148mm-em-envelope.webp","https://raw.githubusercontent.com/copyeprintlaranjeiras-droid/copy-e-print-assets/main/home/produtos/catalogo-futuraim/cartoes-e-papelaria/00397-convite-de-casamento-classico-02-100x148mm-em-envelope.webp","5986","c5c6736f8c8243ed48fbd00fcc5ff8014999d8d9fdaaf0a0b647fba46b67dc83"
"00398","cartoes-e-papelaria","convite de casamento classico 03 142x210mm em perolizado 180g 4x4 sem enobrecimento faca padrao","00398_524x524-50-convite-de-casamento-classico-03-142x210mm-em-perolizado-180g-4x4-sem-enobrecimento-faca-padrao_11931_479.webp","00398-convite-de-casamento-classico-03-142x210mm-em-perolizad.webp","cartoes-e-papelaria/00398-convite-de-casamento-classico-03-142x210mm-em-perolizad.webp","https://raw.githubusercontent.com/copyeprintlaranjeiras-droid/copy-e-print-assets/main/home/produtos/catalogo-futuraim/cartoes-e-papelaria/00398-convite-de-casamento-classico-03-142x210mm-em-perolizad.webp","17436","118f72af3ea082fb7758309b2fcdbb5bce2122ef668e15f6c096ea3425fef64c"
"00399","cartoes-e-papelaria","convite de casamento classico 04 80x178mm em envelope reciclato 240g lamina reciclato 240g 4x0 sem enobrecimento faca p","00399_524x524-50-convite-de-casamento-classico-04-80x178mm-em-envelope-reciclato-240g-lamina-reciclato-240g-4x0-sem-enobrecimento-faca-p","00399-convite-de-casamento-classico-04-80x178mm-em-envelope-r.webp","cartoes-e-papelaria/00399-convite-de-casamento-classico-04-80x178mm-em-envelope-r.webp","https://raw.githubusercontent.com/copyeprintlaranjeiras-droid/copy-e-print-assets/main/home/produtos/catalogo-futuraim/cartoes-e-papelaria/00399-convite-de-casamento-classico-04-80x178mm-em-envelope-r.webp","34296","6f4b6ad4a55a71f9eb59e3f5066643850e7b486720e169344b15d60e846b3ffc"
"00400","cartoes-e-papelaria","convite de casamento classico 05 132x175mm em envelope couche 250g 4x4 sem enobrecimento faca padrao","00400_524x524-50-convite-de-casamento-classico-05-132x175mm-em-envelope-couche-250g-4x4-sem-enobrecimento-faca-padrao_11933_886.webp","00400-convite-de-casamento-classico-05-132x175mm-em-envelope.webp","cartoes-e-papelaria/00400-convite-de-casamento-classico-05-132x175mm-em-envelope.webp","https://raw.githubusercontent.com/copyeprintlaranjeiras-droid/copy-e-print-assets/main/home/produtos/catalogo-futuraim/cartoes-e-papelaria/00400-convite-de-casamento-classico-05-132x175mm-em-envelope.webp","6896","5318c84bf64bb02fc2f0410230967efee3c227cb73e9b4ff8ff3ecc4735ee85a"
"00401","cartoes-e-papelaria","convite de casamento classico 06 pequim estampado 148x210mm em envelope color plus estampado pequim 180g lamina couche ","00401_524x524-50-convite-de-casamento-classico-06-pequim-estampado-148x210mm-em-envelope-color-plus-estampado-pequim-180g-lamina-couche-","00401-convite-de-casamento-classico-06-pequim-estampado-148x2.webp","cartoes-e-papelaria/00401-convite-de-casamento-classico-06-pequim-estampado-148x2.webp","https://raw.githubusercontent.com/copyeprintlaranjeiras-droid/copy-e-print-assets/main/home/produtos/catalogo-futuraim/cartoes-e-papelaria/00401-convite-de-casamento-classico-06-pequim-estampado-148x2.webp","8410","945a0af6795e1f109e7c69c0838a827bbe172ef749be0463268adb6323b13c8e"
"00402","cartoes-e-papelaria","convite de casamento classico 07 estampado toronto 148x210mm em envelope color plus estampado toronto 180g lamina couch","00402_524x524-50-convite-de-casamento-classico-07-estampado-toronto-148x210mm-em-envelope-color-plus-estampado-toronto-180g-lamina-couch","00402-convite-de-casamento-classico-07-estampado-toronto-148x.webp","cartoes-e-papelaria/00402-convite-de-casamento-classico-07-estampado-toronto-148x.webp","https://raw.githubusercontent.com/copyeprintlaranjeiras-droid/copy-e-print-assets/main/home/produtos/catalogo-futuraim/cartoes-e-papelaria/00402-convite-de-casamento-classico-07-estampado-toronto-148x.webp","11608","ec46d25c3492203e0d63bdac25d51264774df50c67fadf81011f60dbf83eed57"
"00403","cartoes-e-papelaria","convite de casamento classico 08 alaska 142x210mm em envelope color plus alaska 180g lamina couche 250g 4x0 sem enobrec","00403_524x524-50-convite-de-casamento-classico-08-alaska-142x210mm-em-envelope-color-plus-alaska-180g-lamina-couche-250g-4x0-sem-enobrec","00403-convite-de-casamento-classico-08-alaska-142x210mm-em-en.webp","cartoes-e-papelaria/00403-convite-de-casamento-classico-08-alaska-142x210mm-em-en.webp","https://raw.githubusercontent.com/copyeprintlaranjeiras-droid/copy-e-print-assets/main/home/produtos/catalogo-futuraim/cartoes-e-papelaria/00403-convite-de-casamento-classico-08-alaska-142x210mm-em-en.webp","7106","145d7a8b6b073da8233ac7dcc7bf2e595ea7f005dbeceac31082bcc66ea5a137"
"00404","cartoes-e-papelaria","convite de casamento classico 09 142x210mm em envelope perolizado 180g 4x4 sem enobrecimento faca padrao","00404_524x524-50-convite-de-casamento-classico-09-142x210mm-em-envelope-perolizado-180g-4x4-sem-enobrecimento-faca-padrao_12468.webp","00404-convite-de-casamento-classico-09-142x210mm-em-envelope.webp","cartoes-e-papelaria/00404-convite-de-casamento-classico-09-142x210mm-em-envelope.webp","https://raw.githubusercontent.com/copyeprintlaranjeiras-droid/copy-e-print-assets/main/home/produtos/catalogo-futuraim/cartoes-e-papelaria/00404-convite-de-casamento-classico-09-142x210mm-em-envelope.webp","7100","b739a06daec02362c1251ae3d90fd8a0230376cc8cf77b492d4681d7c06f980e"
"00406","cartoes-e-papelaria","convite de casamento especial 02 116x269mm em envelope perolizado 180g lamina papel perolizado 180g 4x0 sem enobrecimen","00406_524x524-50-convite-de-casamento-especial-02-116x269mm-em-envelope-perolizado-180g-lamina-papel-perolizado-180g-4x0-sem-enobrecimen","00406-convite-de-casamento-especial-02-116x269mm-em-envelope.webp","cartoes-e-papelaria/00406-convite-de-casamento-especial-02-116x269mm-em-envelope.webp","https://raw.githubusercontent.com/copyeprintlaranjeiras-droid/copy-e-print-assets/main/home/produtos/catalogo-futuraim/cartoes-e-papelaria/00406-convite-de-casamento-especial-02-116x269mm-em-envelope.webp","10500","222f6d6cf0e312941921dd08c7de067d5e8c7b48c45994c8ebf6b7dc0abd4ca6"
"00407","cartoes-e-papelaria","convite de casamento especial 03 125x125mm em envelope couche 250g 4x4 sem enobrecimento faca padrao","00407_524x524-50-convite-de-casamento-especial-03-125x125mm-em-envelope-couche-250g-4x4-sem-enobrecimento-faca-padrao_12544_56.webp","00407-convite-de-casamento-especial-03-125x125mm-em-envelope.webp","cartoes-e-papelaria/00407-convite-de-casamento-especial-03-125x125mm-em-envelope.webp","https://raw.githubusercontent.com/copyeprintlaranjeiras-droid/copy-e-print-assets/main/home/produtos/catalogo-futuraim/cartoes-e-papelaria/00407-convite-de-casamento-especial-03-125x125mm-em-envelope.webp","14054","f8d8e9e523716f36c6169ab258144330fa01093a22e010275d7432ff6fe9e39f"
"00408","cartoes-e-papelaria","convite de casamento especial 04 pequim estampado 210x310mm em envelope color plus estampado pequim 180g lamina couche ","00408_524x524-50-convite-de-casamento-especial-04-pequim-estampado-210x310mm-em-envelope-color-plus-estampado-pequim-180g-lamina-couche-","00408-convite-de-casamento-especial-04-pequim-estampado-210x3.webp","cartoes-e-papelaria/00408-convite-de-casamento-especial-04-pequim-estampado-210x3.webp","https://raw.githubusercontent.com/copyeprintlaranjeiras-droid/copy-e-print-assets/main/home/produtos/catalogo-futuraim/cartoes-e-papelaria/00408-convite-de-casamento-especial-04-pequim-estampado-210x3.webp","17448","749564b08752bac9766bbd5022b21bbd655c4082e417cea3730ea231ae0e1c44"
"00409","cartoes-e-papelaria","convite de casamento especial 05 140x140mm em envelope perolizado 180g 4x4 sem enobrecimento faca padrao","00409_524x524-50-convite-de-casamento-especial-05-140x140mm-em-envelope-perolizado-180g-4x4-sem-enobrecimento-faca-padrao_12556_301.webp","00409-convite-de-casamento-especial-05-140x140mm-em-envelope.webp","cartoes-e-papelaria/00409-convite-de-casamento-especial-05-140x140mm-em-envelope.webp","https://raw.githubusercontent.com/copyeprintlaranjeiras-droid/copy-e-print-assets/main/home/produtos/catalogo-futuraim/cartoes-e-papelaria/00409-convite-de-casamento-especial-05-140x140mm-em-envelope.webp","8726","cae2c70a4d88ebc5b39a4b8359c516fa13f36de0152102431051fca3232a8773"
"00410","cartoes-e-papelaria","convite de casamento especial 06 90x90mm em envelope couche 250g lamina couche 250g 4x4 sem enobrecimento faca padrao","00410_524x524-50-convite-de-casamento-especial-06-90x90mm-em-envelope-couche-250g-lamina-couche-250g-4x4-sem-enobrecimento-faca-padrao_1","00410-convite-de-casamento-especial-06-90x90mm-em-envelope-co.webp","cartoes-e-papelaria/00410-convite-de-casamento-especial-06-90x90mm-em-envelope-co.webp","https://raw.githubusercontent.com/copyeprintlaranjeiras-droid/copy-e-print-assets/main/home/produtos/catalogo-futuraim/cartoes-e-papelaria/00410-convite-de-casamento-especial-06-90x90mm-em-envelope-co.webp","11598","3ae04e080d09b072d9ef9a05fe9ae7a47d18dd90e911c4ef28f215773391ffd1"
"00411","cartoes-e-papelaria","convite de casamento especial 07 148x148mm em envelope color plus pequim 180g lamina couche 250g 4x0 sem enobrecimento ","00411_524x524-50-convite-de-casamento-especial-07-148x148mm-em-envelope-color-plus-pequim-180g-lamina-couche-250g-4x0-sem-enobrecimento-","00411-convite-de-casamento-especial-07-148x148mm-em-envelope.webp","cartoes-e-papelaria/00411-convite-de-casamento-especial-07-148x148mm-em-envelope.webp","https://raw.githubusercontent.com/copyeprintlaranjeiras-droid/copy-e-print-assets/main/home/produtos/catalogo-futuraim/cartoes-e-papelaria/00411-convite-de-casamento-especial-07-148x148mm-em-envelope.webp","10260","d063175bfb76a61dd7f510f198897dd0d9b9c15c61148a5356da7278243162c9"
"00412","cartoes-e-papelaria","convite de casamento especial 08 148x148mm em envelope perolizado 180g 4x4 sem enobrecimento faca padrao","00412_524x524-50-convite-de-casamento-especial-08-148x148mm-em-envelope-perolizado-180g-4x4-sem-enobrecimento-faca-padrao_12573_547.webp","00412-convite-de-casamento-especial-08-148x148mm-em-envelope.webp","cartoes-e-papelaria/00412-convite-de-casamento-especial-08-148x148mm-em-envelope.webp","https://raw.githubusercontent.com/copyeprintlaranjeiras-droid/copy-e-print-assets/main/home/produtos/catalogo-futuraim/cartoes-e-papelaria/00412-convite-de-casamento-especial-08-148x148mm-em-envelope.webp","18188","9afc16c949e9f56ef3c7852251f181b6618428aacaf1a9dd337bcb36bc10253d"
"00413","cartoes-e-papelaria","convite de casamento especial 09 148x148mm em envelope couche 250g 4x4 sem enobrecimento faca padrao","00413_524x524-50-convite-de-casamento-especial-09-148x148mm-em-envelope-couche-250g-4x4-sem-enobrecimento-faca-padrao_12579_652.webp","00413-convite-de-casamento-especial-09-148x148mm-em-envelope.webp","cartoes-e-papelaria/00413-convite-de-casamento-especial-09-148x148mm-em-envelope.webp","https://raw.githubusercontent.com/copyeprintlaranjeiras-droid/copy-e-print-assets/main/home/produtos/catalogo-futuraim/cartoes-e-papelaria/00413-convite-de-casamento-especial-09-148x148mm-em-envelope.webp","18032","90ef2a042665981e030c1bd474dfca6d520aa45076c102e63150d5c9346b6748"
"00414","cartoes-e-papelaria","convite de casamento moderno 01 61x210mm em envelope perolizado 180g 4x4 sem enobrecimento faca padrao","00414_524x524-50-convite-de-casamento-moderno-01-61x210mm-em-envelope-perolizado-180g-4x4-sem-enobrecimento-faca-padrao_12585_555.webp","00414-convite-de-casamento-moderno-01-61x210mm-em-envelope-pe.webp","cartoes-e-papelaria/00414-convite-de-casamento-moderno-01-61x210mm-em-envelope-pe.webp","https://raw.githubusercontent.com/copyeprintlaranjeiras-droid/copy-e-print-assets/main/home/produtos/catalogo-futuraim/cartoes-e-papelaria/00414-convite-de-casamento-moderno-01-61x210mm-em-envelope-pe.webp","9926","b56eae65eb8570d0a9491d000f9842686c952e5d30e342124af743cd8de2ab9c"
"00415","cartoes-e-papelaria","convite de casamento moderno 02 182x182mm em envelope perolizado 180g 4x4 sem enobrecimento faca padrao","00415_524x524-50-convite-de-casamento-moderno-02-182x182mm-em-envelope-perolizado-180g-4x4-sem-enobrecimento-faca-padrao_12591_513.webp","00415-convite-de-casamento-moderno-02-182x182mm-em-envelope-p.webp","cartoes-e-papelaria/00415-convite-de-casamento-moderno-02-182x182mm-em-envelope-p.webp","https://raw.githubusercontent.com/copyeprintlaranjeiras-droid/copy-e-print-assets/main/home/produtos/catalogo-futuraim/cartoes-e-papelaria/00415-convite-de-casamento-moderno-02-182x182mm-em-envelope-p.webp","11086","4c3c777447f1ec67270483184fdd4d3c425b4d9111e9d93af791401b3d3122ff"
"00416","cartoes-e-papelaria","convite de casamento moderno 03 127x140mm em envelope couche 250g 4x4 sem enobrecimento faca padrao","00416_524x524-50-convite-de-casamento-moderno-03-127x140mm-em-envelope-couche-250g-4x4-sem-enobrecimento-faca-padrao_12600_861.webp","00416-convite-de-casamento-moderno-03-127x140mm-em-envelope-c.webp","cartoes-e-papelaria/00416-convite-de-casamento-moderno-03-127x140mm-em-envelope-c.webp","https://raw.githubusercontent.com/copyeprintlaranjeiras-droid/copy-e-print-assets/main/home/produtos/catalogo-futuraim/cartoes-e-papelaria/00416-convite-de-casamento-moderno-03-127x140mm-em-envelope-c.webp","7360","0f4016c6b28db5d5b5f994d8c578fcb65f8528dc257009095e8a29ff31922601"
"00417","cartoes-e-papelaria","convite de casamento moderno 04 146x150mm em envelope perolizado 180g lamina papel perolizado 180g 4x0 sem enobreciment","00417_524x524-50-convite-de-casamento-moderno-04-146x150mm-em-envelope-perolizado-180g-lamina-papel-perolizado-180g-4x0-sem-enobreciment","00417-convite-de-casamento-moderno-04-146x150mm-em-envelope-p.webp","cartoes-e-papelaria/00417-convite-de-casamento-moderno-04-146x150mm-em-envelope-p.webp","https://raw.githubusercontent.com/copyeprintlaranjeiras-droid/copy-e-print-assets/main/home/produtos/catalogo-futuraim/cartoes-e-papelaria/00417-convite-de-casamento-moderno-04-146x150mm-em-envelope-p.webp","12712","e51a589ce39623141dfbf325421bedac555213aeb87f56a4102c083633f69d62"
"00418","cartoes-e-papelaria","convite de casamento moderno 05 146x196mm em envelope perolizado 180g 4x4 sem enobrecimento faca padrao","00418_524x524-50-convite-de-casamento-moderno-05-146x196mm-em-envelope-perolizado-180g-4x4-sem-enobrecimento-faca-padrao_12612_329.webp","00418-convite-de-casamento-moderno-05-146x196mm-em-envelope-p.webp","cartoes-e-papelaria/00418-convite-de-casamento-moderno-05-146x196mm-em-envelope-p.webp","https://raw.githubusercontent.com/copyeprintlaranjeiras-droid/copy-e-print-assets/main/home/produtos/catalogo-futuraim/cartoes-e-papelaria/00418-convite-de-casamento-moderno-05-146x196mm-em-envelope-p.webp","8364","0168f815dafd3578555875fbaec73b4023fdd12cf4fda79dec3b910b0a7c1ccd"
"00419","cartoes-e-papelaria","convite de casamento moderno 06 99x210mm em envelope couche 250g 4x4 sem enobrecimento faca padrao","00419_524x524-50-convite-de-casamento-moderno-06-99x210mm-em-envelope-couche-250g-4x4-sem-enobrecimento-faca-padrao_12618_352.webp","00419-convite-de-casamento-moderno-06-99x210mm-em-envelope-co.webp","cartoes-e-papelaria/00419-convite-de-casamento-moderno-06-99x210mm-em-envelope-co.webp","https://raw.githubusercontent.com/copyeprintlaranjeiras-droid/copy-e-print-assets/main/home/produtos/catalogo-futuraim/cartoes-e-papelaria/00419-convite-de-casamento-moderno-06-99x210mm-em-envelope-co.webp","12842","13098f12e6a9d0d2345136c6ef1334a5496b81ed44cc6133eefcefde3ddad3ca"
"00420","cartoes-e-papelaria","convite de casamento moderno 07 133x280mm em envelope perolizado 180g 4x4 sem enobrecimento faca padrao","00420_524x524-50-convite-de-casamento-moderno-07-133x280mm-em-envelope-perolizado-180g-4x4-sem-enobrecimento-faca-padrao_12624_986.webp","00420-convite-de-casamento-moderno-07-133x280mm-em-envelope-p.webp","cartoes-e-papelaria/00420-convite-de-casamento-moderno-07-133x280mm-em-envelope-p.webp","https://raw.githubusercontent.com/copyeprintlaranjeiras-droid/copy-e-print-assets/main/home/produtos/catalogo-futuraim/cartoes-e-papelaria/00420-convite-de-casamento-moderno-07-133x280mm-em-envelope-p.webp","8306","f45a3d5449704a94e915ca335fa7a0e2d8a05896f69a7baec3667f6d302eb453"
"00421","cartoes-e-papelaria","convite de casamento moderno 08 90x206mm em envelope couche 250g lamina couche 250g 4x4 sem enobrecimento faca padrao","00421_524x524-50-convite-de-casamento-moderno-08-90x206mm-em-envelope-couche-250g-lamina-couche-250g-4x4-sem-enobrecimento-faca-padrao_1","00421-convite-de-casamento-moderno-08-90x206mm-em-envelope-co.webp","cartoes-e-papelaria/00421-convite-de-casamento-moderno-08-90x206mm-em-envelope-co.webp","https://raw.githubusercontent.com/copyeprintlaranjeiras-droid/copy-e-print-assets/main/home/produtos/catalogo-futuraim/cartoes-e-papelaria/00421-convite-de-casamento-moderno-08-90x206mm-em-envelope-co.webp","9328","2dca5f4600f591b082b0492d9f91e5f7dca99c5704e1b530146fd4abfc3c4def"
"00422","cartoes-e-papelaria","convite de casamento moderno 09 102x210mm em envelope couche 250g 4x4 sem enobrecimento faca padrao","00422_524x524-50-convite-de-casamento-moderno-09-102x210mm-em-envelope-couche-250g-4x4-sem-enobrecimento-faca-padrao_12636_61.webp","00422-convite-de-casamento-moderno-09-102x210mm-em-envelope-c.webp","cartoes-e-papelaria/00422-convite-de-casamento-moderno-09-102x210mm-em-envelope-c.webp","https://raw.githubusercontent.com/copyeprintlaranjeiras-droid/copy-e-print-assets/main/home/produtos/catalogo-futuraim/cartoes-e-papelaria/00422-convite-de-casamento-moderno-09-102x210mm-em-envelope-c.webp","4786","2e7f2a4ab401088cd860091ae5d6a565b0abd9f3c4ceab594ef30f8f6bd12df7"
"00423","cartoes-e-papelaria","convite de casamento romantico 01 100x180mm em envelope perolizado 180g lamina papel perolizado 180g 4x0 sem enobrecime","00423_524x524-50-convite-de-casamento-romantico-01-100x180mm-em-envelope-perolizado-180g-lamina-papel-perolizado-180g-4x0-sem-enobrecime","00423-convite-de-casamento-romantico-01-100x180mm-em-envelope.webp","cartoes-e-papelaria/00423-convite-de-casamento-romantico-01-100x180mm-em-envelope.webp","https://raw.githubusercontent.com/copyeprintlaranjeiras-droid/copy-e-print-assets/main/home/produtos/catalogo-futuraim/cartoes-e-papelaria/00423-convite-de-casamento-romantico-01-100x180mm-em-envelope.webp","7598","005b77600181b46e5af06270278d0625a73495a5667f5f8471a0a7a42a09721e"
"00424","cartoes-e-papelaria","convite de casamento romantico 02 amsterdan 193x193mm em envelope color plus amsterdan 180g lamina couche 250g 4x0 sem ","00424_524x524-50-convite-de-casamento-romantico-02-amsterdan-193x193mm-em-envelope-color-plus-amsterdan-180g-lamina-couche-250g-4x0-sem-","00424-convite-de-casamento-romantico-02-amsterdan-193x193mm-e.webp","cartoes-e-papelaria/00424-convite-de-casamento-romantico-02-amsterdan-193x193mm-e.webp","https://raw.githubusercontent.com/copyeprintlaranjeiras-droid/copy-e-print-assets/main/home/produtos/catalogo-futuraim/cartoes-e-papelaria/00424-convite-de-casamento-romantico-02-amsterdan-193x193mm-e.webp","29186","dcc872e8b8b727844fd97c8324214e058a5e0e39728449a3aedf46966c3deb05"
"00425","cartoes-e-papelaria","convite de casamento romantico 03 110x210mm em envelope perolizado 180g 4x4 sem enobrecimento faca padrao","00425_524x524-50-convite-de-casamento-romantico-03-110x210mm-em-envelope-perolizado-180g-4x4-sem-enobrecimento-faca-padrao_12656_493.web","00425-convite-de-casamento-romantico-03-110x210mm-em-envelope.webp","cartoes-e-papelaria/00425-convite-de-casamento-romantico-03-110x210mm-em-envelope.webp","https://raw.githubusercontent.com/copyeprintlaranjeiras-droid/copy-e-print-assets/main/home/produtos/catalogo-futuraim/cartoes-e-papelaria/00425-convite-de-casamento-romantico-03-110x210mm-em-envelope.webp","5582","ee7cf0b5c188a15d5fe11a45809d2bea569a3336d946b6b2b9eebfbb19edc2e8"
"00426","cartoes-e-papelaria","convite de casamento romantico 04 190x190mm em envelope couche 250g 4x4 sem enobrecimento faca padrao","00426_524x524-50-convite-de-casamento-romantico-04-190x190mm-em-envelope-couche-250g-4x4-sem-enobrecimento-faca-padrao_12662_761.webp","00426-convite-de-casamento-romantico-04-190x190mm-em-envelope.webp","cartoes-e-papelaria/00426-convite-de-casamento-romantico-04-190x190mm-em-envelope.webp","https://raw.githubusercontent.com/copyeprintlaranjeiras-droid/copy-e-print-assets/main/home/produtos/catalogo-futuraim/cartoes-e-papelaria/00426-convite-de-casamento-romantico-04-190x190mm-em-envelope.webp","7478","c7388c4e04786a73851c4ffec84d246d0f35bf8a2b5b5ef3ad1406b0875b51f7"
"00427","cartoes-e-papelaria","convite de casamento romantico 05 185x419mm em envelope perolizado 180g 4x4 sem enobrecimento faca padrao","00427_524x524-50-convite-de-casamento-romantico-05-185x419mm-em-envelope-perolizado-180g-4x4-sem-enobrecimento-faca-padrao_12672_420.web","00427-convite-de-casamento-romantico-05-185x419mm-em-envelope.webp","cartoes-e-papelaria/00427-convite-de-casamento-romantico-05-185x419mm-em-envelope.webp","https://raw.githubusercontent.com/copyeprintlaranjeiras-droid/copy-e-print-assets/main/home/produtos/catalogo-futuraim/cartoes-e-papelaria/00427-convite-de-casamento-romantico-05-185x419mm-em-envelope.webp","8942","9b67dd8a8c776b9b0d9091db677797e8a4fe53645261d381381ef644a59feaa5"
"00428","cartoes-e-papelaria","convite de casamento romantico 06 190x245mm em envelope perolizado 180g lamina papel perolizado 180g 4x0 sem enobrecime","00428_524x524-50-convite-de-casamento-romantico-06-190x245mm-em-envelope-perolizado-180g-lamina-papel-perolizado-180g-4x0-sem-enobrecime","00428-convite-de-casamento-romantico-06-190x245mm-em-envelope.webp","cartoes-e-papelaria/00428-convite-de-casamento-romantico-06-190x245mm-em-envelope.webp","https://raw.githubusercontent.com/copyeprintlaranjeiras-droid/copy-e-print-assets/main/home/produtos/catalogo-futuraim/cartoes-e-papelaria/00428-convite-de-casamento-romantico-06-190x245mm-em-envelope.webp","12468","936c2e8f7852f1e06e84ab4d0508a945cd9b3daf07c2d16b2f028f18abbbbde0"
"00429","cartoes-e-papelaria","convite de casamento romantico 07 telado 240x215mm em envelope diamond telado 180g lamina diamond telado 180g 4x0 sem e","00429_524x524-50-convite-de-casamento-romantico-07-telado-240x215mm-em-envelope-diamond-telado-180g-lamina-diamond-telado-180g-4x0-sem-e","00429-convite-de-casamento-romantico-07-telado-240x215mm-em-e.webp","cartoes-e-papelaria/00429-convite-de-casamento-romantico-07-telado-240x215mm-em-e.webp","https://raw.githubusercontent.com/copyeprintlaranjeiras-droid/copy-e-print-assets/main/home/produtos/catalogo-futuraim/cartoes-e-papelaria/00429-convite-de-casamento-romantico-07-telado-240x215mm-em-e.webp","4912","397dcf613e05fde116133bc2dfb5a7ceb60d37e41273699110586e2887f49196"
"00430","cartoes-e-papelaria","convite de casamento romantico 08 110x210mm em envelope perolizado 180g 4x4 sem enobrecimento faca padrao","00430_524x524-50-convite-de-casamento-romantico-08-110x210mm-em-envelope-perolizado-180g-4x4-sem-enobrecimento-faca-padrao_12687_415.web","00430-convite-de-casamento-romantico-08-110x210mm-em-envelope.webp","cartoes-e-papelaria/00430-convite-de-casamento-romantico-08-110x210mm-em-envelope.webp","https://raw.githubusercontent.com/copyeprintlaranjeiras-droid/copy-e-print-assets/main/home/produtos/catalogo-futuraim/cartoes-e-papelaria/00430-convite-de-casamento-romantico-08-110x210mm-em-envelope.webp","7408","71062d479fef2d840709c40c18e3cbcbf758a71eb7945a8bfaba66dcb0a15f69"
"00431","cartoes-e-papelaria","convite de casamento romantico 09 132x265mm em envelope couche 250g 4x4 sem enobrecimento faca padrao","00431_524x524-50-convite-de-casamento-romantico-09-132x265mm-em-envelope-couche-250g-4x4-sem-enobrecimento-faca-padrao_12693_742.webp","00431-convite-de-casamento-romantico-09-132x265mm-em-envelope.webp","cartoes-e-papelaria/00431-convite-de-casamento-romantico-09-132x265mm-em-envelope.webp","https://raw.githubusercontent.com/copyeprintlaranjeiras-droid/copy-e-print-assets/main/home/produtos/catalogo-futuraim/cartoes-e-papelaria/00431-convite-de-casamento-romantico-09-132x265mm-em-envelope.webp","9282","89d586b657946c39b340b39e4f117d544e8f099421d75698dfc5c906c5ee3782"
"00432","cartoes-e-papelaria","convite individual 40x50mm em couche 300g 4x0 sem enobrecimento refile","00432_524x524-50-convite-individual-40x50mm-em-couche-300g-4x0-sem-enobrecimento-refile_12772_567.webp","00432-convite-individual-40x50mm-em-couche-300g-4x0-sem-enobr.webp","cartoes-e-papelaria/00432-convite-individual-40x50mm-em-couche-300g-4x0-sem-enobr.webp","https://raw.githubusercontent.com/copyeprintlaranjeiras-droid/copy-e-print-assets/main/home/produtos/catalogo-futuraim/cartoes-e-papelaria/00432-convite-individual-40x50mm-em-couche-300g-4x0-sem-enobr.webp","5362","3b158d328c379c34b80daf19fc1bf565411ef376d5cba4e80a8c1222fc9e4c06"
"00433","diversos","cubo promocional 100x100x100mm em couche brilho 300g 4x0 verniz total brilho frente faca padrao","00433_524x524-50-cubo-promocional-100x100x100mm-em-couche-brilho-300g-4x0-verniz-total-brilho-frente-faca-padrao_21082_650.webp","00433-cubo-promocional-100x100x100mm-em-couche-brilho-300g-4x.webp","diversos/00433-cubo-promocional-100x100x100mm-em-couche-brilho-300g-4x.webp","https://raw.githubusercontent.com/copyeprintlaranjeiras-droid/copy-e-print-assets/main/home/produtos/catalogo-futuraim/diversos/00433-cubo-promocional-100x100x100mm-em-couche-brilho-300g-4x.webp","10766","86f2d39c7039442abf00f65941166915ef36bdba442f21cf168d399c37403628"
"00434","diversos","cubo promocional 100x100x100mm em couche fosco 300g 4x0 laminacao fosca frente faca padrao","00434_524x524-50-cubo-promocional-100x100x100mm-em-couche-fosco-300g-4x0-laminacao-fosca-frente-faca-padrao_21062_191.webp","00434-cubo-promocional-100x100x100mm-em-couche-fosco-300g-4x0.webp","diversos/00434-cubo-promocional-100x100x100mm-em-couche-fosco-300g-4x0.webp","https://raw.githubusercontent.com/copyeprintlaranjeiras-droid/copy-e-print-assets/main/home/produtos/catalogo-futuraim/diversos/00434-cubo-promocional-100x100x100mm-em-couche-fosco-300g-4x0.webp","11080","a024a5a5234e9a31cbad448cbc6dd750b2e69ad73b4719b59678af82f304040a"
"00435","embalagens","embalagem box antivazamento 150x46x90mm em cartao triplex com barreira certificado 300g 4x0 pelicula protetora interna ","00435_524x524-50-embalagem-box-antivazamento-150x46x90mm-em-cartao-triplex-com-barreira-certificado-300g-4x0-pelicula-protetora-interna-","00435-embalagem-box-antivazamento-150x46x90mm-em-cartao-tripl.webp","embalagens/00435-embalagem-box-antivazamento-150x46x90mm-em-cartao-tripl.webp","https://raw.githubusercontent.com/copyeprintlaranjeiras-droid/copy-e-print-assets/main/home/produtos/catalogo-futuraim/embalagens/00435-embalagem-box-antivazamento-150x46x90mm-em-cartao-tripl.webp","11486","ebd48b9eef37646a9337bf36211be22b10d2ba1477f7e12e2dd028c6cb7a2a43"
"00436","embalagens","embalagem box para yakissoba 72x85x72mm em cartao triplex com barreira certificado 300g 4x0 pelicula protetora interna ","00436_524x524-50-embalagem-box-para-yakissoba-72x85x72mm-em-cartao-triplex-com-barreira-certificado-300g-4x0-pelicula-protetora-interna-","00436-embalagem-box-para-yakissoba-72x85x72mm-em-cartao-tripl.webp","embalagens/00436-embalagem-box-para-yakissoba-72x85x72mm-em-cartao-tripl.webp","https://raw.githubusercontent.com/copyeprintlaranjeiras-droid/copy-e-print-assets/main/home/produtos/catalogo-futuraim/embalagens/00436-embalagem-box-para-yakissoba-72x85x72mm-em-cartao-tripl.webp","21102","cbe3a60241edbd468a0e858a9b572b60aa6a7526036ca4799e57a29c88ec80dc"
"00437","embalagens","embalagem delivery multiuso para comida 150x46x90mm em kraft certificado 280g 1x0 sem barreira interna faca padrao","00437_524x524-50-embalagem-delivery-multiuso-para-comida-150x46x90mm-em-kraft-certificado-280g-1x0-sem-barreira-interna-faca-padrao_1085","00437-embalagem-delivery-multiuso-para-comida-150x46x90mm-em.webp","embalagens/00437-embalagem-delivery-multiuso-para-comida-150x46x90mm-em.webp","https://raw.githubusercontent.com/copyeprintlaranjeiras-droid/copy-e-print-assets/main/home/produtos/catalogo-futuraim/embalagens/00437-embalagem-delivery-multiuso-para-comida-150x46x90mm-em.webp","12942","0a891055d870a0574eaa025f52c1517e0b0e7ba927862531668c15cfbbe56e3b"
"00438","embalagens","embalagem delivery para pastel 345x45x148mm em kraft certificado 280g 1x0 sem barreira interna faca padrao colagem","00438_524x524-50-embalagem-delivery-para-pastel-345x45x148mm-em-kraft-certificado-280g-1x0-sem-barreira-interna-faca-padrao-colagem_1085","00438-embalagem-delivery-para-pastel-345x45x148mm-em-kraft-ce.webp","embalagens/00438-embalagem-delivery-para-pastel-345x45x148mm-em-kraft-ce.webp","https://raw.githubusercontent.com/copyeprintlaranjeiras-droid/copy-e-print-assets/main/home/produtos/catalogo-futuraim/embalagens/00438-embalagem-delivery-para-pastel-345x45x148mm-em-kraft-ce.webp","22508","be266824d17a69836dc601f14bf3f7f6e50f47621e3c672ef5b09f5ec7c4d24e"
"00439","embalagens","embalagem maleta kit lanche delivery 155x100x130mm em kraft certificado 280g 1x0 sem barreira interna faca padrao","00439_524x524-50-embalagem-maleta-kit-lanche-delivery-155x100x130mm-em-kraft-certificado-280g-1x0-sem-barreira-interna-faca-padrao_10853","00439-embalagem-maleta-kit-lanche-delivery-155x100x130mm-em-k.webp","embalagens/00439-embalagem-maleta-kit-lanche-delivery-155x100x130mm-em-k.webp","https://raw.githubusercontent.com/copyeprintlaranjeiras-droid/copy-e-print-assets/main/home/produtos/catalogo-futuraim/embalagens/00439-embalagem-maleta-kit-lanche-delivery-155x100x130mm-em-k.webp","16976","85660d2c0ac7f222ecd9f5daaaeaedf8be7e58658e55a7f37c70ec47b90fec8b"
"00440","embalagens","embalagem para batata frita 30x95x125mm em kraft certificado 280g 1x0 sem barreira interna faca padrao encaixe","00440_524x524-50-embalagem-para-batata-frita-30x95x125mm-em-kraft-certificado-280g-1x0-sem-barreira-interna-faca-padrao-encaixe_108549.w","00440-embalagem-para-batata-frita-30x95x125mm-em-kraft-certif.webp","embalagens/00440-embalagem-para-batata-frita-30x95x125mm-em-kraft-certif.webp","https://raw.githubusercontent.com/copyeprintlaranjeiras-droid/copy-e-print-assets/main/home/produtos/catalogo-futuraim/embalagens/00440-embalagem-para-batata-frita-30x95x125mm-em-kraft-certif.webp","16660","9a14f9529b023a789afcb40605d96ca5dec1b967d40abb4e7d3d02423c61ce2b"
"00441","embalagens","embalagem para churros 30x30x170mm em kraft certificado 280g 1x0 sem barreira interna faca padrao","00441_524x524-50-embalagem-para-churros-30x30x170mm-em-kraft-certificado-280g-1x0-sem-barreira-interna-faca-padrao_108561.webp","00441-embalagem-para-churros-30x30x170mm-em-kraft-certificado.webp","embalagens/00441-embalagem-para-churros-30x30x170mm-em-kraft-certificado.webp","https://raw.githubusercontent.com/copyeprintlaranjeiras-droid/copy-e-print-assets/main/home/produtos/catalogo-futuraim/embalagens/00441-embalagem-para-churros-30x30x170mm-em-kraft-certificado.webp","9558","5c74d82b4a22a70a0b19dd548e35ddaeb5f3f5d260fd3d9de059633aa6202f0e"
"00442","embalagens","embalagem para combos 220x85x120mm em kraft certificado 280g 1x0 sem barreira interna faca padrao encaixe","00442_524x524-50-embalagem-para-combos-220x85x120mm-em-kraft-certificado-280g-1x0-sem-barreira-interna-faca-padrao-encaixe_108565.webp","00442-embalagem-para-combos-220x85x120mm-em-kraft-certificado.webp","embalagens/00442-embalagem-para-combos-220x85x120mm-em-kraft-certificado.webp","https://raw.githubusercontent.com/copyeprintlaranjeiras-droid/copy-e-print-assets/main/home/produtos/catalogo-futuraim/embalagens/00442-embalagem-para-combos-220x85x120mm-em-kraft-certificado.webp","15210","1f0b8f2a62d1d48903256c9ab82dca8da154a3302be4f16df31dc8120eecdbab"
"00443","embalagens","embalagem para fatia de bolo 100x80x170mm em kraft certificado 280g 1x0 sem barreira interna faca padrao","00443_524x524-50-embalagem-para-fatia-de-bolo-100x80x170mm-em-kraft-certificado-280g-1x0-sem-barreira-interna-faca-padrao_108569.webp","00443-embalagem-para-fatia-de-bolo-100x80x170mm-em-kraft-cert.webp","embalagens/00443-embalagem-para-fatia-de-bolo-100x80x170mm-em-kraft-cert.webp","https://raw.githubusercontent.com/copyeprintlaranjeiras-droid/copy-e-print-assets/main/home/produtos/catalogo-futuraim/embalagens/00443-embalagem-para-fatia-de-bolo-100x80x170mm-em-kraft-cert.webp","22924","d4d31950878ff3af6d8b6f7903991566ef7932f71c58b55b175bcc01fd7e0427"
"00444","embalagens","embalagem para hot dog e baguete 210x45x60mm em kraft certificado 280g 1x0 sem barreira interna faca padrao encaixe","00444_524x524-50-embalagem-para-hot-dog-e-baguete-210x45x60mm-em-kraft-certificado-280g-1x0-sem-barreira-interna-faca-padrao-encaixe_108","00444-embalagem-para-hot-dog-e-baguete-210x45x60mm-em-kraft-c.webp","embalagens/00444-embalagem-para-hot-dog-e-baguete-210x45x60mm-em-kraft-c.webp","https://raw.githubusercontent.com/copyeprintlaranjeiras-droid/copy-e-print-assets/main/home/produtos/catalogo-futuraim/embalagens/00444-embalagem-para-hot-dog-e-baguete-210x45x60mm-em-kraft-c.webp","9926","d7764210273b242a65c77edce370923289436b32cf90ba45b80f23a04e68c8ce"
"00445","embalagens","embalagem para pastel e tapioca 150x80x20mm em kraft certificado 280g 1x0 sem barreira interna faca padrao","00445_524x524-50-embalagem-para-pastel-e-tapioca-150x80x20mm-em-kraft-certificado-280g-1x0-sem-barreira-interna-faca-padrao_108585.webp","00445-embalagem-para-pastel-e-tapioca-150x80x20mm-em-kraft-ce.webp","embalagens/00445-embalagem-para-pastel-e-tapioca-150x80x20mm-em-kraft-ce.webp","https://raw.githubusercontent.com/copyeprintlaranjeiras-droid/copy-e-print-assets/main/home/produtos/catalogo-futuraim/embalagens/00445-embalagem-para-pastel-e-tapioca-150x80x20mm-em-kraft-ce.webp","11898","cd1134d73d85378d5d7c6a837d342a30134457ae9daedb7d8dd0f237efafb23a"
"00446","cartoes-e-papelaria","envelope de seguranca coex 190x250mm em polietileno pebd 010 mm branco 1x0 sem enobrecimento modelo padrao","00446_524x524-50-envelope-de-seguranca-coex-190x250mm-em-polietileno-pebd-010-mm-branco-1x0-sem-enobrecimento-modelo-padrao_67583.webp","00446-envelope-de-seguranca-coex-190x250mm-em-polietileno-peb.webp","cartoes-e-papelaria/00446-envelope-de-seguranca-coex-190x250mm-em-polietileno-peb.webp","https://raw.githubusercontent.com/copyeprintlaranjeiras-droid/copy-e-print-assets/main/home/produtos/catalogo-futuraim/cartoes-e-papelaria/00446-envelope-de-seguranca-coex-190x250mm-em-polietileno-peb.webp","9810","d299e07ede80f790aa9cc10da12511539021a850f8bc07b601b66caf9778d34e"
"00447","personalizados-e-brindes","folder de apresentacao 210x100mm em couche brilho 150g 4x4 sem enobrecimento 2 dobras modelo carteira","00447_524x524-50-folder-de-apresentacao-210x100mm-em-couche-brilho-150g-4x4-sem-enobrecimento-2-dobras-modelo-carteira_27314.webp","00447-folder-de-apresentacao-210x100mm-em-couche-brilho-150g.webp","personalizados-e-brindes/00447-folder-de-apresentacao-210x100mm-em-couche-brilho-150g.webp","https://raw.githubusercontent.com/copyeprintlaranjeiras-droid/copy-e-print-assets/main/home/produtos/catalogo-futuraim/personalizados-e-brindes/00447-folder-de-apresentacao-210x100mm-em-couche-brilho-150g.webp","17370","ea3d7d924dec330b97731f21b5764cca8be5d049f7ded292471a9893dc24cae2"
"00448","embalagens","forminha para doces 82x82mm em vita solid 250g 4x0 sem enobrecimento faca padrao","00448_524x524-50-forminha-para-doces-82x82mm-em-vita-solid-250g-4x0-sem-enobrecimento-faca-padrao_11273_898.webp","00448-forminha-para-doces-82x82mm-em-vita-solid-250g-4x0-sem.webp","embalagens/00448-forminha-para-doces-82x82mm-em-vita-solid-250g-4x0-sem.webp","https://raw.githubusercontent.com/copyeprintlaranjeiras-droid/copy-e-print-assets/main/home/produtos/catalogo-futuraim/embalagens/00448-forminha-para-doces-82x82mm-em-vita-solid-250g-4x0-sem.webp","4546","0c1a2feaef08197fd300107c198d723adc6f50c01da7d098366d070b3d29c594"
"00449","cartoes-e-papelaria","ingresso de seguranca 54x150mm em papel filigranado 94g 4x0 sem enobrecimento numeracao serrilha","00449_524x524-50-ingresso-de-seguranca-54x150mm-em-papel-filigranado-94g-4x0-sem-enobrecimento-numeracao-serrilha_20899_197.webp","00449-ingresso-de-seguranca-54x150mm-em-papel-filigranado-94g.webp","cartoes-e-papelaria/00449-ingresso-de-seguranca-54x150mm-em-papel-filigranado-94g.webp","https://raw.githubusercontent.com/copyeprintlaranjeiras-droid/copy-e-print-assets/main/home/produtos/catalogo-futuraim/cartoes-e-papelaria/00449-ingresso-de-seguranca-54x150mm-em-papel-filigranado-94g.webp","13436","da1a9914cf5712a176998152e06f5696417c5e53b8a07885bcd82af66ad9db9c"
"00450","festas-e-eventos","lembrancinhas 74x105mm em manta magnetica 03mm 1665g 4x0 sem enobrecimento refile","00450_524x524-50-lembrancinhas-74x105mm-em-manta-magnetica-03mm-1665g-4x0-sem-enobrecimento-refile_11623_396.webp","00450-lembrancinhas-74x105mm-em-manta-magnetica-03mm-1665g-4x.webp","festas-e-eventos/00450-lembrancinhas-74x105mm-em-manta-magnetica-03mm-1665g-4x.webp","https://raw.githubusercontent.com/copyeprintlaranjeiras-droid/copy-e-print-assets/main/home/produtos/catalogo-futuraim/festas-e-eventos/00450-lembrancinhas-74x105mm-em-manta-magnetica-03mm-1665g-4x.webp","9014","567264fa3d8d0597a1af5049783f599d77bf4b1998048e456f7e6add9db21927"
"00452","calendarios-e-agendas","minicaderno de atividades 148x105mm em sulfite 90g 4x4 sem enobrecimento dobra e grampo canoa","00452_524x524-50-minicaderno-de-atividades-148x105mm-em-sulfite-90g-4x4-sem-enobrecimento-dobra-e-grampo-canoa_27194_708.webp","00452-minicaderno-de-atividades-148x105mm-em-sulfite-90g-4x4.webp","calendarios-e-agendas/00452-minicaderno-de-atividades-148x105mm-em-sulfite-90g-4x4.webp","https://raw.githubusercontent.com/copyeprintlaranjeiras-droid/copy-e-print-assets/main/home/produtos/catalogo-futuraim/calendarios-e-agendas/00452-minicaderno-de-atividades-148x105mm-em-sulfite-90g-4x4.webp","17440","173c5c9080914f9f076da2a5957f766ae23af05f258057f96155e374799cae6c"
"00453","calendarios-e-agendas","odonto planner 297x420mm em sulfite 90g 4x0 sem enobrecimento refile","00453_524x524-50-odonto-planner-297x420mm-em-sulfite-90g-4x0-sem-enobrecimento-refile_27335_540.webp","00453-odonto-planner-297x420mm-em-sulfite-90g-4x0-sem-enobrec.webp","calendarios-e-agendas/00453-odonto-planner-297x420mm-em-sulfite-90g-4x0-sem-enobrec.webp","https://raw.githubusercontent.com/copyeprintlaranjeiras-droid/copy-e-print-assets/main/home/produtos/catalogo-futuraim/calendarios-e-agendas/00453-odonto-planner-297x420mm-em-sulfite-90g-4x0-sem-enobrec.webp","16868","14b5f35043d86d6e46e9e5c1e9ad9564148ec2ca0c6a1be9c2f880e49d72fb03"
"00454","embalagens","porta talheres 256x153mm em sulfite 120g 4x0 sem enobrecimento faca padrao","00454_524x524-50-porta-talheres-256x153mm-em-sulfite-120g-4x0-sem-enobrecimento-faca-padrao_33910_745.webp","00454-porta-talheres-256x153mm-em-sulfite-120g-4x0-sem-enobre.webp","embalagens/00454-porta-talheres-256x153mm-em-sulfite-120g-4x0-sem-enobre.webp","https://raw.githubusercontent.com/copyeprintlaranjeiras-droid/copy-e-print-assets/main/home/produtos/catalogo-futuraim/embalagens/00454-porta-talheres-256x153mm-em-sulfite-120g-4x0-sem-enobre.webp","6334","beabff747a58d7ffe54a62010be22f7f23f18a41498201bf4f9977442aebcf9a"
"00455","diversos","pulseira de identificacao 20x240mm em material sintetico branco 70g 4x0 sem enobrecimento modelo padrao","00455_524x524-50-pulseira-de-identificacao-20x240mm-em-material-sintetico-branco-70g-4x0-sem-enobrecimento-modelo-padrao_20968.webp","00455-pulseira-de-identificacao-20x240mm-em-material-sintetic.webp","diversos/00455-pulseira-de-identificacao-20x240mm-em-material-sintetic.webp","https://raw.githubusercontent.com/copyeprintlaranjeiras-droid/copy-e-print-assets/main/home/produtos/catalogo-futuraim/diversos/00455-pulseira-de-identificacao-20x240mm-em-material-sintetic.webp","9110","2b94822ed35252bdf1c3d1cd8207fb3f3ad1ee8ffaccd61a087c3732b15889c2"
"00456","embalagens","sacola kraft para delivery 220x140x330mm em kraft 100g 1x0 sem enobrecimento modelo padrao","00456_524x524-50-sacola-kraft-para-delivery-220x140x330mm-em-kraft-100g-1x0-sem-enobrecimento-modelo-padrao_69772.webp","00456-sacola-kraft-para-delivery-220x140x330mm-em-kraft-100g.webp","embalagens/00456-sacola-kraft-para-delivery-220x140x330mm-em-kraft-100g.webp","https://raw.githubusercontent.com/copyeprintlaranjeiras-droid/copy-e-print-assets/main/home/produtos/catalogo-futuraim/embalagens/00456-sacola-kraft-para-delivery-220x140x330mm-em-kraft-100g.webp","28084","dad5930f7c4fefebd2d6b958eccbc880955436d486ea465e0f6869ad54589bfb"
"00458","diversos","solapa 88x98mm em kraft 280g 4x0 sem enobrecimento faca padrao","00458_524x524-50-solapa-88x98mm-em-kraft-280g-4x0-sem-enobrecimento-faca-padrao_42195_227.webp","00458-solapa-88x98mm-em-kraft-280g-4x0-sem-enobrecimento-faca.webp","diversos/00458-solapa-88x98mm-em-kraft-280g-4x0-sem-enobrecimento-faca.webp","https://raw.githubusercontent.com/copyeprintlaranjeiras-droid/copy-e-print-assets/main/home/produtos/catalogo-futuraim/diversos/00458-solapa-88x98mm-em-kraft-280g-4x0-sem-enobrecimento-faca.webp","6636","8f7d01891676fbf9722477f5af5d847f1b5724ac63c83e51b628d2b4a72709d4"
"00459","calendarios-e-agendas","calendario de bolso 65x95mm em couche brilho 300g 4x4 verniz total brilho frente refile","00459_524x524-500-calendario-de-bolso-65x95mm-em-couche-brilho-300g-4x4-verniz-total-brilho-frente-refile_49625_415.webp","00459-calendario-de-bolso-65x95mm-em-couche-brilho-300g-4x4-v.webp","calendarios-e-agendas/00459-calendario-de-bolso-65x95mm-em-couche-brilho-300g-4x4-v.webp","https://raw.githubusercontent.com/copyeprintlaranjeiras-droid/copy-e-print-assets/main/home/produtos/catalogo-futuraim/calendarios-e-agendas/00459-calendario-de-bolso-65x95mm-em-couche-brilho-300g-4x4-v.webp","11300","1158699e892bba13ca772d9df36748af982e75297e7de18728013783ec523cfb"
"00460","cartoes-e-papelaria","cartao de horario 48x88mm em couche brilho 250g 4x1 verniz total brilho frente refile","00460_524x524-500-cartao-de-horario-48x88mm-em-couche-brilho-250g-4x1-verniz-total-brilho-frente-refile_27222_780.webp","00460-cartao-de-horario-48x88mm-em-couche-brilho-250g-4x1-ver.webp","cartoes-e-papelaria/00460-cartao-de-horario-48x88mm-em-couche-brilho-250g-4x1-ver.webp","https://raw.githubusercontent.com/copyeprintlaranjeiras-droid/copy-e-print-assets/main/home/produtos/catalogo-futuraim/cartoes-e-papelaria/00460-cartao-de-horario-48x88mm-em-couche-brilho-250g-4x1-ver.webp","10802","a8a905c5416b82f2ae00ef11519263b27eeef6ae7df57bead229b3607edd26af"
"00461","cartoes-e-papelaria","cartao de horario duplo 88x98mm em couche brilho 250g 4x1 verniz total brilho frente 1 vinco","00461_524x524-500-cartao-de-horario-duplo-88x98mm-em-couche-brilho-250g-4x1-verniz-total-brilho-frente-1-vinco_27216_983.webp","00461-cartao-de-horario-duplo-88x98mm-em-couche-brilho-250g-4.webp","cartoes-e-papelaria/00461-cartao-de-horario-duplo-88x98mm-em-couche-brilho-250g-4.webp","https://raw.githubusercontent.com/copyeprintlaranjeiras-droid/copy-e-print-assets/main/home/produtos/catalogo-futuraim/cartoes-e-papelaria/00461-cartao-de-horario-duplo-88x98mm-em-couche-brilho-250g-4.webp","9382","c8748a926cf001cf6996a272d4960957880156b64cc6e62e0d18965f2c3c759f"
"00462","cartoes-e-papelaria","cartao de visita 48x88mm em couche 300g 4x0 verniz localizado frente refile","00462_524x524-500-cartao-de-visita-48x88mm-em-couche-300g-4x0-verniz-localizado-frente-refile_4601_211.webp","00462-cartao-de-visita-48x88mm-em-couche-300g-4x0-verniz-loca.webp","cartoes-e-papelaria/00462-cartao-de-visita-48x88mm-em-couche-300g-4x0-verniz-loca.webp","https://raw.githubusercontent.com/copyeprintlaranjeiras-droid/copy-e-print-assets/main/home/produtos/catalogo-futuraim/cartoes-e-papelaria/00462-cartao-de-visita-48x88mm-em-couche-300g-4x0-verniz-loca.webp","5560","89ace5703c560232efa5a9f68d42ebfef662031f428f0cc35848cff91f9bc608"
"00463","cartoes-e-papelaria","cartao de visita 88x48mm em couche fosco 300g 4x4 laminacao fosca e verniz localizado frente e verso 4 cantos arredond","00463_524x524-500-cartao-de-visita-88x48mm-em-couche-fosco-300g-4x4-laminacao-fosca-e-verniz-localizado-frente-e-verso-4-cantos-arredond","00463-cartao-de-visita-88x48mm-em-couche-fosco-300g-4x4-lamin.webp","cartoes-e-papelaria/00463-cartao-de-visita-88x48mm-em-couche-fosco-300g-4x4-lamin.webp","https://raw.githubusercontent.com/copyeprintlaranjeiras-droid/copy-e-print-assets/main/home/produtos/catalogo-futuraim/cartoes-e-papelaria/00463-cartao-de-visita-88x48mm-em-couche-fosco-300g-4x4-lamin.webp","11858","cc387666cf679068ef62097fcd6171164cd9fa3c07335a7c59fd55f76a93cc75"
"00464","cartoes-e-papelaria","envelope cd e dvd colado 125x125mm em couche brilho 250g 4x0 verniz total brilho frente faca padrao","00464_524x524-500-envelope-cd-e-dvd-colado-125x125mm-em-couche-brilho-250g-4x0-verniz-total-brilho-frente-faca-padrao_11058_524.webp","00464-envelope-cd-e-dvd-colado-125x125mm-em-couche-brilho-250.webp","cartoes-e-papelaria/00464-envelope-cd-e-dvd-colado-125x125mm-em-couche-brilho-250.webp","https://raw.githubusercontent.com/copyeprintlaranjeiras-droid/copy-e-print-assets/main/home/produtos/catalogo-futuraim/cartoes-e-papelaria/00464-envelope-cd-e-dvd-colado-125x125mm-em-couche-brilho-250.webp","12294","38fc06a3a529d4097516a204e9bda3d42f5ac44cd02ff36ebaeb6a358087f961"
"00465","embalagens","envelope meio saco 200x280mm em sulfite 90g 4x0 sem enobrecimento faca padrao","00465_524x524-500-envelope-meio-saco-200x280mm-em-sulfite-90g-4x0-sem-enobrecimento-faca-padrao_11383_339.webp","00465-envelope-meio-saco-200x280mm-em-sulfite-90g-4x0-sem-eno.webp","embalagens/00465-envelope-meio-saco-200x280mm-em-sulfite-90g-4x0-sem-eno.webp","https://raw.githubusercontent.com/copyeprintlaranjeiras-droid/copy-e-print-assets/main/home/produtos/catalogo-futuraim/embalagens/00465-envelope-meio-saco-200x280mm-em-sulfite-90g-4x0-sem-eno.webp","6118","7bc17ad47fb647041796716fcfdbaa5fc59fab54516946a190b80f0a723d7324"
"00469","embalagens","sacola para oticas 265x80mm em kraft 135g 1x0 sem enobrecimento faca padrao com alca nylon preta 35cm com ponteira","00469_524x524-500-sacola-para-oticas-265x80mm-em-kraft-135g-1x0-sem-enobrecimento-faca-padrao-com-alca-nylon-preta-35cm-com-ponteira_412","00469-sacola-para-oticas-265x80mm-em-kraft-135g-1x0-sem-enobr.webp","embalagens/00469-sacola-para-oticas-265x80mm-em-kraft-135g-1x0-sem-enobr.webp","https://raw.githubusercontent.com/copyeprintlaranjeiras-droid/copy-e-print-assets/main/home/produtos/catalogo-futuraim/embalagens/00469-sacola-para-oticas-265x80mm-em-kraft-135g-1x0-sem-enobr.webp","5100","5f868ec7d5ffef9af9282a9e502da07b00a461de70ab8aabac479f1a6e91cb39"
"00470","cartoes-e-papelaria","tag 38x88mm em couche brilho 250g 4x4 verniz total brilho frente furo 4mm","00470_524x524-500-tag-38x88mm-em-couche-brilho-250g-4x4-verniz-total-brilho-frente-furo-4mm_47713_371.webp","00470-tag-38x88mm-em-couche-brilho-250g-4x4-verniz-total-bril.webp","cartoes-e-papelaria/00470-tag-38x88mm-em-couche-brilho-250g-4x4-verniz-total-bril.webp","https://raw.githubusercontent.com/copyeprintlaranjeiras-droid/copy-e-print-assets/main/home/produtos/catalogo-futuraim/cartoes-e-papelaria/00470-tag-38x88mm-em-couche-brilho-250g-4x4-verniz-total-bril.webp","8812","279391f402bd9952bd1d3e5104ff973d578998c574359d1f639bed8dc1e91b75"
"00471","diversos","plano de governo 4 paginas 140x200mm em couche brilho 90g 4x4 sem enobrecimento 1 dobra modelo simples","00471_524x524-5000-plano-de-governo-4-paginas-140x200mm-em-couche-brilho-90g-4x4-sem-enobrecimento-1-dobra-modelo-simples_129859.webp","00471-plano-de-governo-4-paginas-140x200mm-em-couche-brilho-9.webp","diversos/00471-plano-de-governo-4-paginas-140x200mm-em-couche-brilho-9.webp","https://raw.githubusercontent.com/copyeprintlaranjeiras-droid/copy-e-print-assets/main/home/produtos/catalogo-futuraim/diversos/00471-plano-de-governo-4-paginas-140x200mm-em-couche-brilho-9.webp","18762","8328df021e69415cdf1bce25117de15dc5f99fc7003486f9f8f1beff5301ff2e"
"00472","personalizados-e-brindes","kit colorir festa com 4 canetas marcador ponta dupla 98x178mm em alta alvura 240g 1x0 sem enobrecimento refile 04 caneta","00472_524x524-6-kit-colorir-festa-com-4-canetas-marcador-ponta-dupla-98x178mm-em-alta-alvura-240g-1x0-sem-enobrecimento-refile-04-caneta","00472-kit-colorir-festa-com-4-canetas-marcador-ponta-dupla-98.webp","personalizados-e-brindes/00472-kit-colorir-festa-com-4-canetas-marcador-ponta-dupla-98.webp","https://raw.githubusercontent.com/copyeprintlaranjeiras-droid/copy-e-print-assets/main/home/produtos/catalogo-futuraim/personalizados-e-brindes/00472-kit-colorir-festa-com-4-canetas-marcador-ponta-dupla-98.webp","17398","4534453fe4625f9d8ccfecd30b56e9eafab2bf37dec08afdbc0942f3115cbbd2"
"00473","banners-e-sinalizacao","totem personalizado 270x110mm em pvcpspet branco 1mm 4x0 impressao digital uv corte personalizado fixa placa","00473_524x524-6-totem-personalizado-270x110mm-em-pvcpspet-branco-1mm-4x0-impressao-digital-uv-corte-personalizado-fixa-placa_96035.webp","00473-totem-personalizado-270x110mm-em-pvcpspet-branco-1mm-4x.webp","banners-e-sinalizacao/00473-totem-personalizado-270x110mm-em-pvcpspet-branco-1mm-4x.webp","https://raw.githubusercontent.com/copyeprintlaranjeiras-droid/copy-e-print-assets/main/home/produtos/catalogo-futuraim/banners-e-sinalizacao/00473-totem-personalizado-270x110mm-em-pvcpspet-branco-1mm-4x.webp","9306","24cbd10b1b8f3ef9abd3596837dcd67ba79d78c3a0641853ee2f803c2d4533a5"
"00474","banners-e-sinalizacao","placa pirulito de mao adesivada redonda 300x400mm em polionda branca 750g 4x0 sem enobrecimento faca padrao","00474_524x524-8-placa-pirulito-de-mao-adesivada-redonda-300x400mm-em-polionda-branca-750g-4x0-sem-enobrecimento-faca-padrao_95030.webp","00474-placa-pirulito-de-mao-adesivada-redonda-300x400mm-em-po.webp","banners-e-sinalizacao/00474-placa-pirulito-de-mao-adesivada-redonda-300x400mm-em-po.webp","https://raw.githubusercontent.com/copyeprintlaranjeiras-droid/copy-e-print-assets/main/home/produtos/catalogo-futuraim/banners-e-sinalizacao/00474-placa-pirulito-de-mao-adesivada-redonda-300x400mm-em-po.webp","16810","5aed4640b5f4f28b3aded7abb2fa24ec015d794f17d4121e6ed1b6de73ab5339"
"00475","vestuario","abada personalizado","00475_524x524-abada-personalizado_1803_209.webp","00475-abada-personalizado.webp","vestuario/00475-abada-personalizado.webp","https://raw.githubusercontent.com/copyeprintlaranjeiras-droid/copy-e-print-assets/main/home/produtos/catalogo-futuraim/vestuario/00475-abada-personalizado.webp","41770","dccbbd84137ab200d60b494e2d644eeef84bd510b0a3a9984ea6a5e474d11719"
"00476","adesivos-e-rotulos","adesivo de para choque","00476_524x524-adesivo-de-para-choque_2099_85.webp","00476-adesivo-de-para-choque.webp","adesivos-e-rotulos/00476-adesivo-de-para-choque.webp","https://raw.githubusercontent.com/copyeprintlaranjeiras-droid/copy-e-print-assets/main/home/produtos/catalogo-futuraim/adesivos-e-rotulos/00476-adesivo-de-para-choque.webp","29418","7bc571b075bf9e81560cb2f0493d4bcc4ebf70e3a992d97254eed3158879b4a5"
"00477","adesivos-e-rotulos","adesivo em folha","00477_524x524-adesivo-em-folha_619_179.webp","00477-adesivo-em-folha.webp","adesivos-e-rotulos/00477-adesivo-em-folha.webp","https://raw.githubusercontent.com/copyeprintlaranjeiras-droid/copy-e-print-assets/main/home/produtos/catalogo-futuraim/adesivos-e-rotulos/00477-adesivo-em-folha.webp","31916","8cbdcdf038e5baafb9859c8433f290bf3baf5df7b5f74249ffaabdb658643205"
"00478","adesivos-e-rotulos","adesivo em vinil","00478_524x524-adesivo-em-vinil_625_681.webp","00478-adesivo-em-vinil.webp","adesivos-e-rotulos/00478-adesivo-em-vinil.webp","https://raw.githubusercontent.com/copyeprintlaranjeiras-droid/copy-e-print-assets/main/home/produtos/catalogo-futuraim/adesivos-e-rotulos/00478-adesivo-em-vinil.webp","26080","42e9e6902127221a4eb4a3fb175198ea1890d72f86fd5d7ea197418586f6c0bc"
"00479","adesivos-e-rotulos","adesivo para cartao de credito","00479_524x524-adesivo-para-cartao-de-credito_1345_90.webp","00479-adesivo-para-cartao-de-credito.webp","adesivos-e-rotulos/00479-adesivo-para-cartao-de-credito.webp","https://raw.githubusercontent.com/copyeprintlaranjeiras-droid/copy-e-print-assets/main/home/produtos/catalogo-futuraim/adesivos-e-rotulos/00479-adesivo-para-cartao-de-credito.webp","14750","0c07a8d97b3bd5409c873ce933ded88a5d6763eba7089811f1fcf3776f3dcfac"
"00480","adesivos-e-rotulos","adesivo para cerveja artesanal","00480_524x524-adesivo-para-cerveja-artesanal_1101_232.webp","00480-adesivo-para-cerveja-artesanal.webp","adesivos-e-rotulos/00480-adesivo-para-cerveja-artesanal.webp","https://raw.githubusercontent.com/copyeprintlaranjeiras-droid/copy-e-print-assets/main/home/produtos/catalogo-futuraim/adesivos-e-rotulos/00480-adesivo-para-cerveja-artesanal.webp","7396","c3740fa238454f050f3dfbc96a19042e8c3c9ebba670f523502b342bd47f5254"
"00481","adesivos-e-rotulos","adesivo para garrafa de vinho","00481_524x524-adesivo-para-garrafa-de-vinho_1656_856.webp","00481-adesivo-para-garrafa-de-vinho.webp","adesivos-e-rotulos/00481-adesivo-para-garrafa-de-vinho.webp","https://raw.githubusercontent.com/copyeprintlaranjeiras-droid/copy-e-print-assets/main/home/produtos/catalogo-futuraim/adesivos-e-rotulos/00481-adesivo-para-garrafa-de-vinho.webp","6878","7801727bc71ebe2a0fcd65f478b012616da3efb3d2e7c21ba63b5bb265304e8e"
"00482","adesivos-e-rotulos","adesivo perfurado para vidro","00482_524x524-adesivo-perfurado-para-vidro_626_835.webp","00482-adesivo-perfurado-para-vidro.webp","adesivos-e-rotulos/00482-adesivo-perfurado-para-vidro.webp","https://raw.githubusercontent.com/copyeprintlaranjeiras-droid/copy-e-print-assets/main/home/produtos/catalogo-futuraim/adesivos-e-rotulos/00482-adesivo-perfurado-para-vidro.webp","23474","8d7e6a55284ba34c871145d1c00dab0a67977c821c2f81358c4e70a5a11483c3"
"00483","adesivos-e-rotulos","adesivo redondo porta carro bola","00483_524x524-adesivo-redondo-porta-carro-bola_2147_331.webp","00483-adesivo-redondo-porta-carro-bola.webp","adesivos-e-rotulos/00483-adesivo-redondo-porta-carro-bola.webp","https://raw.githubusercontent.com/copyeprintlaranjeiras-droid/copy-e-print-assets/main/home/produtos/catalogo-futuraim/adesivos-e-rotulos/00483-adesivo-redondo-porta-carro-bola.webp","19176","5174dd528a9609aa81ed095243086677454627d24934fdd801579316a8f86956"
"00484","adesivos-e-rotulos","adesivo resinado personalizado","00484_524x524-adesivo-resinado-personalizado_1770_522.webp","00484-adesivo-resinado-personalizado.webp","adesivos-e-rotulos/00484-adesivo-resinado-personalizado.webp","https://raw.githubusercontent.com/copyeprintlaranjeiras-droid/copy-e-print-assets/main/home/produtos/catalogo-futuraim/adesivos-e-rotulos/00484-adesivo-resinado-personalizado.webp","35026","ef51c6e5da28d092d9b5ec0a3aba2d2e45db5c7dd3d3c79cb9bcea4bdd719594"
"00485","personalizados-e-brindes","almofada personalizada","00485_524x524-almofada-personalizada_1807_972.webp","00485-almofada-personalizada.webp","personalizados-e-brindes/00485-almofada-personalizada.webp","https://raw.githubusercontent.com/copyeprintlaranjeiras-droid/copy-e-print-assets/main/home/produtos/catalogo-futuraim/personalizados-e-brindes/00485-almofada-personalizada.webp","20430","912cb23feee5045bbcca35e7c572b3e42f6d5c429aba44bf46851a281de5ba04"
"00486","banners-e-sinalizacao","banner em tecido","00486_524x524-banner-em-tecido_1805_620.webp","00486-banner-em-tecido.webp","banners-e-sinalizacao/00486-banner-em-tecido.webp","https://raw.githubusercontent.com/copyeprintlaranjeiras-droid/copy-e-print-assets/main/home/produtos/catalogo-futuraim/banners-e-sinalizacao/00486-banner-em-tecido.webp","12014","ce2107443be1f3ce880f2b4b83fae2fb6891adc50906a3da3af65e709fafa330"
"00487","banners-e-sinalizacao","banner roll up","00487_524x524-banner-roll-up_1382_141.webp","00487-banner-roll-up.webp","banners-e-sinalizacao/00487-banner-roll-up.webp","https://raw.githubusercontent.com/copyeprintlaranjeiras-droid/copy-e-print-assets/main/home/produtos/catalogo-futuraim/banners-e-sinalizacao/00487-banner-roll-up.webp","12398","ff64b76902276497f1baf632f8774233029d277fa1249d7709dd1577082468b6"
"00488","vestuario","bone trucker","00488_524x524-bone-trucker_1776_210.webp","00488-bone-trucker.webp","vestuario/00488-bone-trucker.webp","https://raw.githubusercontent.com/copyeprintlaranjeiras-droid/copy-e-print-assets/main/home/produtos/catalogo-futuraim/vestuario/00488-bone-trucker.webp","17960","c1a6b5a5a9f1e77c917aa08b533dbc3366c67f42dddc97e8d02fb0792ba6c5ee"
"00489","diversos","caderneta tipo moleskine","00489_524x524-caderneta-tipo-moleskine_653_346.webp","00489-caderneta-tipo-moleskine.webp","diversos/00489-caderneta-tipo-moleskine.webp","https://raw.githubusercontent.com/copyeprintlaranjeiras-droid/copy-e-print-assets/main/home/produtos/catalogo-futuraim/diversos/00489-caderneta-tipo-moleskine.webp","8026","32e865c193ac1454ce2412fcea5340a378e9afcb0f61c3d43dcccfef0ba5b8e9"
"00490","calendarios-e-agendas","caderno personalizado","00490_524x524-caderno-personalizado_654_954.webp","00490-caderno-personalizado.webp","calendarios-e-agendas/00490-caderno-personalizado.webp","https://raw.githubusercontent.com/copyeprintlaranjeiras-droid/copy-e-print-assets/main/home/produtos/catalogo-futuraim/calendarios-e-agendas/00490-caderno-personalizado.webp","14164","67ed9e346d8a4df382d2393067e2543c7d4e249d5f30e7f441176f6a256e5db4"
"00491","vestuario","calca corta vento boss","00491_524x524-calca-corta-vento-boss_2023_66.webp","00491-calca-corta-vento-boss.webp","vestuario/00491-calca-corta-vento-boss.webp","https://raw.githubusercontent.com/copyeprintlaranjeiras-droid/copy-e-print-assets/main/home/produtos/catalogo-futuraim/vestuario/00491-calca-corta-vento-boss.webp","9728","44fe6bda4225067b8c5d7271cb89ebeccbf813459569e9a92713f5f82eea431a"
"00492","vestuario","calca corta vento misty","00492_524x524-calca-corta-vento-misty_2025_705.webp","00492-calca-corta-vento-misty.webp","vestuario/00492-calca-corta-vento-misty.webp","https://raw.githubusercontent.com/copyeprintlaranjeiras-droid/copy-e-print-assets/main/home/produtos/catalogo-futuraim/vestuario/00492-calca-corta-vento-misty.webp","9972","075aea5f77af22733017581ae172528d07c716760ff7c19045fef888dc828b6d"
"00493","vestuario","calca moletom","00493_524x524-calca-moletom_1867_437.webp","00493-calca-moletom.webp","vestuario/00493-calca-moletom.webp","https://raw.githubusercontent.com/copyeprintlaranjeiras-droid/copy-e-print-assets/main/home/produtos/catalogo-futuraim/vestuario/00493-calca-moletom.webp","10926","ed25b3aa0c81087421771f7b2d9671f08907959d59b1728276dd40e2e76a6d97"
"00494","calendarios-e-agendas","calendario de mesa personalizado","00494_524x524-calendario-de-mesa-personalizado_662_535.webp","00494-calendario-de-mesa-personalizado.webp","calendarios-e-agendas/00494-calendario-de-mesa-personalizado.webp","https://raw.githubusercontent.com/copyeprintlaranjeiras-droid/copy-e-print-assets/main/home/produtos/catalogo-futuraim/calendarios-e-agendas/00494-calendario-de-mesa-personalizado.webp","27690","6930f78a5efbfb5ade47043b4bd6cb34bdf779b0a152b6c0ac2f1e0c80025634"
"00495","calendarios-e-agendas","calendario de mesa simples","00495_524x524-calendario-de-mesa-simples_1336_128.webp","00495-calendario-de-mesa-simples.webp","calendarios-e-agendas/00495-calendario-de-mesa-simples.webp","https://raw.githubusercontent.com/copyeprintlaranjeiras-droid/copy-e-print-assets/main/home/produtos/catalogo-futuraim/calendarios-e-agendas/00495-calendario-de-mesa-simples.webp","20050","2b264370d15a57a284406844f60b62d714be0547998532b12e5545934788afdb"
"00496","vestuario","camisa baby look","00496_524x524-camisa-baby-look_1614_629.webp","00496-camisa-baby-look.webp","vestuario/00496-camisa-baby-look.webp","https://raw.githubusercontent.com/copyeprintlaranjeiras-droid/copy-e-print-assets/main/home/produtos/catalogo-futuraim/vestuario/00496-camisa-baby-look.webp","10918","db792b92392babd035cfa06b55f7c9d9a891dd222b9820299bdeba8a36ded465"
"00497","vestuario","camisa copa nexus personalizada","00497_524x524-camisa-copa-nexus-personalizada_2094_310.webp","00497-camisa-copa-nexus-personalizada.webp","vestuario/00497-camisa-copa-nexus-personalizada.webp","https://raw.githubusercontent.com/copyeprintlaranjeiras-droid/copy-e-print-assets/main/home/produtos/catalogo-futuraim/vestuario/00497-camisa-copa-nexus-personalizada.webp","18878","0fcc4fabcb0efb4d4990f4577ef7674228fac2bb0e19d85fa426b3613602d76e"
"00498","vestuario","camisa copa personalizada","00498_524x524-camisa-copa-personalizada_2093_562.webp","00498-camisa-copa-personalizada.webp","vestuario/00498-camisa-copa-personalizada.webp","https://raw.githubusercontent.com/copyeprintlaranjeiras-droid/copy-e-print-assets/main/home/produtos/catalogo-futuraim/vestuario/00498-camisa-copa-personalizada.webp","27594","15cbf879117dea0084e7cc5020700080cbecb2b4de6a7d9f275199f52f7b22fd"
"00499","vestuario","camisa de ciclismo classic","00499_524x524-camisa-de-ciclismo-classic_1989_629.webp","00499-camisa-de-ciclismo-classic.webp","vestuario/00499-camisa-de-ciclismo-classic.webp","https://raw.githubusercontent.com/copyeprintlaranjeiras-droid/copy-e-print-assets/main/home/produtos/catalogo-futuraim/vestuario/00499-camisa-de-ciclismo-classic.webp","20214","85b16c2ebe9b6bb98b5dd9e34eb3492ad2534bb388a6dc48a583b568546221c0"
"00501","vestuario","camisa de pesca personalizada","00501_524x524-camisa-de-pesca-personalizada_1842_107.webp","00501-camisa-de-pesca-personalizada.webp","vestuario/00501-camisa-de-pesca-personalizada.webp","https://raw.githubusercontent.com/copyeprintlaranjeiras-droid/copy-e-print-assets/main/home/produtos/catalogo-futuraim/vestuario/00501-camisa-de-pesca-personalizada.webp","25842","20cb9e9387a8df7984c29290457ceeab61895e8d57c1ef6ad0b6967ca42fb16c"
"00503","vestuario","camisa futebol americano taurus","00503_524x524-camisa-futebol-americano-taurus_1990_394.webp","00503-camisa-futebol-americano-taurus.webp","vestuario/00503-camisa-futebol-americano-taurus.webp","https://raw.githubusercontent.com/copyeprintlaranjeiras-droid/copy-e-print-assets/main/home/produtos/catalogo-futuraim/vestuario/00503-camisa-futebol-americano-taurus.webp","16872","647fd0b3f2bfead9efadd6fd793c27abbd789939a8c1c18a90537e6d2fe6da30"
"00504","vestuario","camisa futebol americano titan","00504_524x524-camisa-futebol-americano-titan_1958_939.webp","00504-camisa-futebol-americano-titan.webp","vestuario/00504-camisa-futebol-americano-titan.webp","https://raw.githubusercontent.com/copyeprintlaranjeiras-droid/copy-e-print-assets/main/home/produtos/catalogo-futuraim/vestuario/00504-camisa-futebol-americano-titan.webp","17958","5e50229bb32b6f1ddb41ceeeba1c0a1cf888ca4f89480a986c078d8962fca3b7"
"00505","vestuario","camisa futebol arc","00505_524x524-camisa-futebol-arc_1942_963.webp","00505-camisa-futebol-arc.webp","vestuario/00505-camisa-futebol-arc.webp","https://raw.githubusercontent.com/copyeprintlaranjeiras-droid/copy-e-print-assets/main/home/produtos/catalogo-futuraim/vestuario/00505-camisa-futebol-arc.webp","28468","e60b63621c818d020e74abd6fb8b60a4b52119ffdb8d4fb5f5e13d4f8be5dab5"
"00506","vestuario","camisa futebol aston","00506_524x524-camisa-futebol-aston_1969_879.webp","00506-camisa-futebol-aston.webp","vestuario/00506-camisa-futebol-aston.webp","https://raw.githubusercontent.com/copyeprintlaranjeiras-droid/copy-e-print-assets/main/home/produtos/catalogo-futuraim/vestuario/00506-camisa-futebol-aston.webp","19472","9e7b7357a152ea87cd03978bde2f32f805c62c1cc2fe588da18f81863a634549"
"00509","vestuario","camisa futebol feminina asas","00509_524x524-camisa-futebol-feminina-asas_1954_389.webp","00509-camisa-futebol-feminina-asas.webp","vestuario/00509-camisa-futebol-feminina-asas.webp","https://raw.githubusercontent.com/copyeprintlaranjeiras-droid/copy-e-print-assets/main/home/produtos/catalogo-futuraim/vestuario/00509-camisa-futebol-feminina-asas.webp","21568","6a8bbacc7cac9eb0ea3307150f829bd7de700440ff9d1462ecf23d3ecc7dff9b"
"00510","vestuario","camisa futebol feminina butterfly","00510_524x524-camisa-futebol-feminina-butterfly_1952_29.webp","00510-camisa-futebol-feminina-butterfly.webp","vestuario/00510-camisa-futebol-feminina-butterfly.webp","https://raw.githubusercontent.com/copyeprintlaranjeiras-droid/copy-e-print-assets/main/home/produtos/catalogo-futuraim/vestuario/00510-camisa-futebol-feminina-butterfly.webp","17954","e54cde5d3c3e03ec1894a5720222b94ac4914a2c100a479d9423a1d63822dec7"
"00511","vestuario","camisa futebol girona","00511_524x524-camisa-futebol-girona_1970_525.webp","00511-camisa-futebol-girona.webp","vestuario/00511-camisa-futebol-girona.webp","https://raw.githubusercontent.com/copyeprintlaranjeiras-droid/copy-e-print-assets/main/home/produtos/catalogo-futuraim/vestuario/00511-camisa-futebol-girona.webp","21376","ed0cd7feb907779d239c3c3c5cebfc5ce0be5ae00b80db70e0323265c566fda1"
"00513","vestuario","camisa futebol polo elite","00513_524x524-camisa-futebol-polo-elite_1981_638.webp","00513-camisa-futebol-polo-elite.webp","vestuario/00513-camisa-futebol-polo-elite.webp","https://raw.githubusercontent.com/copyeprintlaranjeiras-droid/copy-e-print-assets/main/home/produtos/catalogo-futuraim/vestuario/00513-camisa-futebol-polo-elite.webp","19610","c4ea758c32fee1b895b1293607a4d186074240ff6662d83e0f72d388afe678cb"
"00514","vestuario","camisa futebol presas","00514_524x524-camisa-futebol-presas_1944_789.webp","00514-camisa-futebol-presas.webp","vestuario/00514-camisa-futebol-presas.webp","https://raw.githubusercontent.com/copyeprintlaranjeiras-droid/copy-e-print-assets/main/home/produtos/catalogo-futuraim/vestuario/00514-camisa-futebol-presas.webp","21760","85316ef7543197f409faedd70f2abaa3af34685f9da8f8e74a8fec1efa2cf39d"
"00515","vestuario","camisa futebol real","00515_524x524-camisa-futebol-real_1962_845.webp","00515-camisa-futebol-real.webp","vestuario/00515-camisa-futebol-real.webp","https://raw.githubusercontent.com/copyeprintlaranjeiras-droid/copy-e-print-assets/main/home/produtos/catalogo-futuraim/vestuario/00515-camisa-futebol-real.webp","17600","6d8027a4bcb5fec496387efbfc058fdaa7e77412970abfd593f10083566754ab"
"00516","vestuario","camisa futebol rodri","00516_524x524-camisa-futebol-rodri_1993_750.webp","00516-camisa-futebol-rodri.webp","vestuario/00516-camisa-futebol-rodri.webp","https://raw.githubusercontent.com/copyeprintlaranjeiras-droid/copy-e-print-assets/main/home/produtos/catalogo-futuraim/vestuario/00516-camisa-futebol-rodri.webp","15864","1a6b0621f067de63e2a8ef05031f2e6a4f80f1c131c50e59f291348280cc8b40"
"00517","vestuario","camisa futebol saint","00517_524x524-camisa-futebol-saint_1945_199.webp","00517-camisa-futebol-saint.webp","vestuario/00517-camisa-futebol-saint.webp","https://raw.githubusercontent.com/copyeprintlaranjeiras-droid/copy-e-print-assets/main/home/produtos/catalogo-futuraim/vestuario/00517-camisa-futebol-saint.webp","21880","0a5528081b60b1d44940feccf2bee3e6cadde7844c5c8d03f6089ea8690a492a"
"00518","vestuario","camisa futebol street","00518_524x524-camisa-futebol-street_1946_921.webp","00518-camisa-futebol-street.webp","vestuario/00518-camisa-futebol-street.webp","https://raw.githubusercontent.com/copyeprintlaranjeiras-droid/copy-e-print-assets/main/home/produtos/catalogo-futuraim/vestuario/00518-camisa-futebol-street.webp","25484","51978889a2d628888222b1166ca0c1af5b167e56f2a140918952d857fe006b90"
"00519","vestuario","camisa futebol york manga curta","00519_524x524-camisa-futebol-york-manga-curta_1972_787.webp","00519-camisa-futebol-york-manga-curta.webp","vestuario/00519-camisa-futebol-york-manga-curta.webp","https://raw.githubusercontent.com/copyeprintlaranjeiras-droid/copy-e-print-assets/main/home/produtos/catalogo-futuraim/vestuario/00519-camisa-futebol-york-manga-curta.webp","15018","fe2a471359757b3dc94ac51c0bbebf1ac7a6d0ad41c4da8a47daebb7d24a40ab"
"00520","vestuario","camisa futebol york manga longa","00520_524x524-camisa-futebol-york-manga-longa_2013_645.webp","00520-camisa-futebol-york-manga-longa.webp","vestuario/00520-camisa-futebol-york-manga-longa.webp","https://raw.githubusercontent.com/copyeprintlaranjeiras-droid/copy-e-print-assets/main/home/produtos/catalogo-futuraim/vestuario/00520-camisa-futebol-york-manga-longa.webp","19478","8ac13aadd8016c247efcf02884045256c3d56ebc2fb9c6ca26d1f46c9a19a402"
"00521","vestuario","camisa modelo castle copa","00521_524x524-camisa-modelo-castle-copa_2036_645.webp","00521-camisa-modelo-castle-copa.webp","vestuario/00521-camisa-modelo-castle-copa.webp","https://raw.githubusercontent.com/copyeprintlaranjeiras-droid/copy-e-print-assets/main/home/produtos/catalogo-futuraim/vestuario/00521-camisa-modelo-castle-copa.webp","18352","89ddeb182ebbcf170d9c56fb873bf34994c2ccb8550cd2bd56ff2271b81fa39d"
"00522","vestuario","camisa uv manga longa","00522_524x524-camisa-uv-manga-longa_1880_750.webp","00522-camisa-uv-manga-longa.webp","vestuario/00522-camisa-uv-manga-longa.webp","https://raw.githubusercontent.com/copyeprintlaranjeiras-droid/copy-e-print-assets/main/home/produtos/catalogo-futuraim/vestuario/00522-camisa-uv-manga-longa.webp","15110","0ca3cd270eec39bb02305755c4ef1eada0db073bb80cc7995d7ca6bdd8ce1ae5"
"00523","vestuario","camiseta basica unissex","00523_524x524-camiseta-basica-unissex_669_420.webp","00523-camiseta-basica-unissex.webp","vestuario/00523-camiseta-basica-unissex.webp","https://raw.githubusercontent.com/copyeprintlaranjeiras-droid/copy-e-print-assets/main/home/produtos/catalogo-futuraim/vestuario/00523-camiseta-basica-unissex.webp","11052","24f60ab9fe190f53f99ebe628c4637291b2870068f2532a5b134f0af7c0736d1"
"00525","vestuario","camiseta dry fit feminina","00525_524x524-camiseta-dry-fit-feminina_1868_245.webp","00525-camiseta-dry-fit-feminina.webp","vestuario/00525-camiseta-dry-fit-feminina.webp","https://raw.githubusercontent.com/copyeprintlaranjeiras-droid/copy-e-print-assets/main/home/produtos/catalogo-futuraim/vestuario/00525-camiseta-dry-fit-feminina.webp","12520","18f882cff7e7faf83dc7a74778ab4dc51ec892245b39491c7a54138208f70dcf"
"00526","vestuario","camiseta dry fit infantil","00526_524x524-camiseta-dry-fit-infantil_1870_535.webp","00526-camiseta-dry-fit-infantil.webp","vestuario/00526-camiseta-dry-fit-infantil.webp","https://raw.githubusercontent.com/copyeprintlaranjeiras-droid/copy-e-print-assets/main/home/produtos/catalogo-futuraim/vestuario/00526-camiseta-dry-fit-infantil.webp","16460","2378bbbc5fd22c71fdb8c0843b627e414e30dfabec16ba948c3cff4e8725db6c"
"00527","vestuario","camiseta dry fit juvenil","00527_524x524-camiseta-dry-fit-juvenil_1869_119.webp","00527-camiseta-dry-fit-juvenil.webp","vestuario/00527-camiseta-dry-fit-juvenil.webp","https://raw.githubusercontent.com/copyeprintlaranjeiras-droid/copy-e-print-assets/main/home/produtos/catalogo-futuraim/vestuario/00527-camiseta-dry-fit-juvenil.webp","17902","66bd74225343bbfbc323cbbde691869f3c9b0fb06ee23b6018453c0a7675c23d"
"00528","vestuario","camiseta dry fit masculina","00528_524x524-camiseta-dry-fit-masculina_1789_58.webp","00528-camiseta-dry-fit-masculina.webp","vestuario/00528-camiseta-dry-fit-masculina.webp","https://raw.githubusercontent.com/copyeprintlaranjeiras-droid/copy-e-print-assets/main/home/produtos/catalogo-futuraim/vestuario/00528-camiseta-dry-fit-masculina.webp","17470","5a88bd656066757ba32703b653a06c70b996e71c171e1947ea4c71ba4d875ec3"
"00529","vestuario","camiseta polo","00529_524x524-camiseta-polo_1615_950.webp","00529-camiseta-polo.webp","vestuario/00529-camiseta-polo.webp","https://raw.githubusercontent.com/copyeprintlaranjeiras-droid/copy-e-print-assets/main/home/produtos/catalogo-futuraim/vestuario/00529-camiseta-polo.webp","16750","4396e6c1acf982a3911299579f8267b100a36c32ace59dd23b539e4dad4fc077"
"00531","personalizados-e-brindes","caneta argentina","00531_524x524-caneta-argentina_1720_844.webp","00531-caneta-argentina.webp","personalizados-e-brindes/00531-caneta-argentina.webp","https://raw.githubusercontent.com/copyeprintlaranjeiras-droid/copy-e-print-assets/main/home/produtos/catalogo-futuraim/personalizados-e-brindes/00531-caneta-argentina.webp","14394","17a3d751c3f16e304afc60357867dab8b4e9b3be7d90d6e3171be07c14670ed9"
"00532","personalizados-e-brindes","caneta brasil","00532_524x524-caneta-brasil_1473_920.webp","00532-caneta-brasil.webp","personalizados-e-brindes/00532-caneta-brasil.webp","https://raw.githubusercontent.com/copyeprintlaranjeiras-droid/copy-e-print-assets/main/home/produtos/catalogo-futuraim/personalizados-e-brindes/00532-caneta-brasil.webp","13160","817f7123d4edcdbd9d5ee8b1ed70b9bf8905af4cadca702e1c67c2c0574572a8"
"00535","personalizados-e-brindes","caneta croacia","00535_524x524-caneta-croacia_1721_646.webp","00535-caneta-croacia.webp","personalizados-e-brindes/00535-caneta-croacia.webp","https://raw.githubusercontent.com/copyeprintlaranjeiras-droid/copy-e-print-assets/main/home/produtos/catalogo-futuraim/personalizados-e-brindes/00535-caneta-croacia.webp","13414","d88eccf92c76d31475a8bfe5372c8c66ca804ce6ba8ac7facdb0c785dc5c6b38"
"00536","personalizados-e-brindes","caneta dubai","00536_524x524-caneta-dubai_1765_400.webp","00536-caneta-dubai.webp","personalizados-e-brindes/00536-caneta-dubai.webp","https://raw.githubusercontent.com/copyeprintlaranjeiras-droid/copy-e-print-assets/main/home/produtos/catalogo-futuraim/personalizados-e-brindes/00536-caneta-dubai.webp","12304","61e3610785d0de7eed282603c84dadd481e10e8d023b119c6e9ee49b293d8337"
"00537","personalizados-e-brindes","caneta ecologica dinamarca","00537_524x524-caneta-ecologica-dinamarca_1719_198.webp","00537-caneta-ecologica-dinamarca.webp","personalizados-e-brindes/00537-caneta-ecologica-dinamarca.webp","https://raw.githubusercontent.com/copyeprintlaranjeiras-droid/copy-e-print-assets/main/home/produtos/catalogo-futuraim/personalizados-e-brindes/00537-caneta-ecologica-dinamarca.webp","11080","0410e606afcdff2dfe19a9251fdc2c73e5b1190baecde81704aa84ccffb40c39"
"00538","personalizados-e-brindes","caneta espanha","00538_524x524-caneta-espanha_1722_782.webp","00538-caneta-espanha.webp","personalizados-e-brindes/00538-caneta-espanha.webp","https://raw.githubusercontent.com/copyeprintlaranjeiras-droid/copy-e-print-assets/main/home/produtos/catalogo-futuraim/personalizados-e-brindes/00538-caneta-espanha.webp","10880","d55300430b5b8cde8458c455c3dcb01f48747e483a0ac50ffca5832486ac7730"
"00539","personalizados-e-brindes","caneta estados unidos","00539_524x524-caneta-estados-unidos_1458_914.webp","00539-caneta-estados-unidos.webp","personalizados-e-brindes/00539-caneta-estados-unidos.webp","https://raw.githubusercontent.com/copyeprintlaranjeiras-droid/copy-e-print-assets/main/home/produtos/catalogo-futuraim/personalizados-e-brindes/00539-caneta-estados-unidos.webp","5994","d32853b3cdb3edf81c98a3ead3f14d0b71be55a6640d349fb69516247d0589c3"
"00541","personalizados-e-brindes","caneta grecia","00541_524x524-caneta-grecia_1453_658.webp","00541-caneta-grecia.webp","personalizados-e-brindes/00541-caneta-grecia.webp","https://raw.githubusercontent.com/copyeprintlaranjeiras-droid/copy-e-print-assets/main/home/produtos/catalogo-futuraim/personalizados-e-brindes/00541-caneta-grecia.webp","14514","0c5ce19ae6edd0c3c2605269218d2bff579a9980c5da2e7f564e6a68b61cde73"
"00542","personalizados-e-brindes","caneta holanda","00542_524x524-caneta-holanda_1467_429.webp","00542-caneta-holanda.webp","personalizados-e-brindes/00542-caneta-holanda.webp","https://raw.githubusercontent.com/copyeprintlaranjeiras-droid/copy-e-print-assets/main/home/produtos/catalogo-futuraim/personalizados-e-brindes/00542-caneta-holanda.webp","3354","9260507bbcd94cf1d0a91f7186ba05057b5959b681098250b6029782fa2e7daf"
"00543","personalizados-e-brindes","caneta inglaterra","00543_524x524-caneta-inglaterra_1718_138.webp","00543-caneta-inglaterra.webp","personalizados-e-brindes/00543-caneta-inglaterra.webp","https://raw.githubusercontent.com/copyeprintlaranjeiras-droid/copy-e-print-assets/main/home/produtos/catalogo-futuraim/personalizados-e-brindes/00543-caneta-inglaterra.webp","15100","8b16abcc18df66f214e9892826c892ed83e39fbf67abe6f72fff498ae9a10fda"
"00545","personalizados-e-brindes","caneta irlanda","00545_524x524-caneta-irlanda_1723_274.webp","00545-caneta-irlanda.webp","personalizados-e-brindes/00545-caneta-irlanda.webp","https://raw.githubusercontent.com/copyeprintlaranjeiras-droid/copy-e-print-assets/main/home/produtos/catalogo-futuraim/personalizados-e-brindes/00545-caneta-irlanda.webp","11406","7af52d0ade90871887681db2720280a2ed6a02a76b7d9d126913d743a78b75ed"
"00546","personalizados-e-brindes","caneta monaco","00546_524x524-caneta-monaco_1724_906.webp","00546-caneta-monaco.webp","personalizados-e-brindes/00546-caneta-monaco.webp","https://raw.githubusercontent.com/copyeprintlaranjeiras-droid/copy-e-print-assets/main/home/produtos/catalogo-futuraim/personalizados-e-brindes/00546-caneta-monaco.webp","12450","1147bc4fd2daded4f21156d630da48cb56cd73706ca9e780bc8515d0c18d887e"
"00547","personalizados-e-brindes","caneta nigeria","00547_524x524-caneta-nigeria_1726_417.webp","00547-caneta-nigeria.webp","personalizados-e-brindes/00547-caneta-nigeria.webp","https://raw.githubusercontent.com/copyeprintlaranjeiras-droid/copy-e-print-assets/main/home/produtos/catalogo-futuraim/personalizados-e-brindes/00547-caneta-nigeria.webp","8314","89e35abcb925d7b94be2affab8354b08b0058e93fae39220662dbef6d754e157"
"00548","personalizados-e-brindes","caneta russia","00548_524x524-caneta-russia_1470_249.webp","00548-caneta-russia.webp","personalizados-e-brindes/00548-caneta-russia.webp","https://raw.githubusercontent.com/copyeprintlaranjeiras-droid/copy-e-print-assets/main/home/produtos/catalogo-futuraim/personalizados-e-brindes/00548-caneta-russia.webp","16244","50d050b8869124360ed52bc312c3b49098713ce45641dc9c23422f49707fadd6"
"00549","personalizados-e-brindes","caneta suecia","00549_524x524-caneta-suecia_1452_921.webp","00549-caneta-suecia.webp","personalizados-e-brindes/00549-caneta-suecia.webp","https://raw.githubusercontent.com/copyeprintlaranjeiras-droid/copy-e-print-assets/main/home/produtos/catalogo-futuraim/personalizados-e-brindes/00549-caneta-suecia.webp","7240","1e1ce0e3c0f900a6df3134eeb4d3628ca8d3db58a88c55e74d56517e92781051"
"00550","personalizados-e-brindes","caneta suica","00550_524x524-caneta-suica_1454_37.webp","00550-caneta-suica.webp","personalizados-e-brindes/00550-caneta-suica.webp","https://raw.githubusercontent.com/copyeprintlaranjeiras-droid/copy-e-print-assets/main/home/produtos/catalogo-futuraim/personalizados-e-brindes/00550-caneta-suica.webp","5840","0fb9c64137035dde8caf8f73ed792d47194572c757ff83ace71c68364b5362e0"
"00551","personalizados-e-brindes","caneta uruguai","00551_524x524-caneta-uruguai_1729_539.webp","00551-caneta-uruguai.webp","personalizados-e-brindes/00551-caneta-uruguai.webp","https://raw.githubusercontent.com/copyeprintlaranjeiras-droid/copy-e-print-assets/main/home/produtos/catalogo-futuraim/personalizados-e-brindes/00551-caneta-uruguai.webp","20320","e3642277adb214231c799cdd14b42380cb0dd5b134bb9b931afef967a7cf31c2"
"00552","personalizados-e-brindes","capinha de celular lg k61","00552_524x524-capinha-de-celular-lg-k61_37342_337.webp","00552-capinha-de-celular-lg-k61.webp","personalizados-e-brindes/00552-capinha-de-celular-lg-k61.webp","https://raw.githubusercontent.com/copyeprintlaranjeiras-droid/copy-e-print-assets/main/home/produtos/catalogo-futuraim/personalizados-e-brindes/00552-capinha-de-celular-lg-k61.webp","14040","38e21b8d244710ec504bcb465f84f62f9518cb521b6071e4e0879e5e608fa23c"
"00554","cartoes-e-papelaria","cartao de visita em couche brilho com laminacao holografica","00554_524x524-cartao-de-visita-em-couche-brilho-com-laminacao-holografica_689_763.webp","00554-cartao-de-visita-em-couche-brilho-com-laminacao-hologra.webp","cartoes-e-papelaria/00554-cartao-de-visita-em-couche-brilho-com-laminacao-hologra.webp","https://raw.githubusercontent.com/copyeprintlaranjeiras-droid/copy-e-print-assets/main/home/produtos/catalogo-futuraim/cartoes-e-papelaria/00554-cartao-de-visita-em-couche-brilho-com-laminacao-hologra.webp","18982","786ab8c69d04ef095ebc33f6808ef62aa034507f67b4cb213edd01dc299ef404"
"00555","cartoes-e-papelaria","cartao de visita em couche brilho","00555_524x524-cartao-de-visita-em-couche-brilho_691_61.webp","00555-cartao-de-visita-em-couche-brilho.webp","cartoes-e-papelaria/00555-cartao-de-visita-em-couche-brilho.webp","https://raw.githubusercontent.com/copyeprintlaranjeiras-droid/copy-e-print-assets/main/home/produtos/catalogo-futuraim/cartoes-e-papelaria/00555-cartao-de-visita-em-couche-brilho.webp","9454","7ad191c1baaff6fbfdeea1067074cc49b903b303c94ae708123988bf247ef838"
"00556","cartoes-e-papelaria","cartao de visita em couche fosco com laminacao fosca e verniz localizado","00556_524x524-cartao-de-visita-em-couche-fosco-com-laminacao-fosca-e-verniz-localizado_696_104.webp","00556-cartao-de-visita-em-couche-fosco-com-laminacao-fosca-e.webp","cartoes-e-papelaria/00556-cartao-de-visita-em-couche-fosco-com-laminacao-fosca-e.webp","https://raw.githubusercontent.com/copyeprintlaranjeiras-droid/copy-e-print-assets/main/home/produtos/catalogo-futuraim/cartoes-e-papelaria/00556-cartao-de-visita-em-couche-fosco-com-laminacao-fosca-e.webp","8556","20e6a964f3463514f2db9ff2ae91589c8e3aa68b37d31a5d0351d1647b06f1fd"
"00559","cartoes-e-papelaria","cartao de visita em couche fosco com verniz localizado","00559_524x524-cartao-de-visita-em-couche-fosco-com-verniz-localizado_699_641.webp","00559-cartao-de-visita-em-couche-fosco-com-verniz-localizado.webp","cartoes-e-papelaria/00559-cartao-de-visita-em-couche-fosco-com-verniz-localizado.webp","https://raw.githubusercontent.com/copyeprintlaranjeiras-droid/copy-e-print-assets/main/home/produtos/catalogo-futuraim/cartoes-e-papelaria/00559-cartao-de-visita-em-couche-fosco-com-verniz-localizado.webp","6640","8d495051edc888f7ea9a4e327e9221a1ef7db52988ebd9375d799993a01cebb9"
"00560","cartoes-e-papelaria","cartao de visita em hot stamping","00560_524x524-cartao-de-visita-em-hot-stamping_880_799.webp","00560-cartao-de-visita-em-hot-stamping.webp","cartoes-e-papelaria/00560-cartao-de-visita-em-hot-stamping.webp","https://raw.githubusercontent.com/copyeprintlaranjeiras-droid/copy-e-print-assets/main/home/produtos/catalogo-futuraim/cartoes-e-papelaria/00560-cartao-de-visita-em-hot-stamping.webp","16494","e9b8a2818b3d47d2e3536006480368a06ca1dec08fa305e918ff4c8678b1c9c4"
"00561","cartoes-e-papelaria","cartao de visita em kraft","00561_524x524-cartao-de-visita-em-kraft_1250_862.webp","00561-cartao-de-visita-em-kraft.webp","cartoes-e-papelaria/00561-cartao-de-visita-em-kraft.webp","https://raw.githubusercontent.com/copyeprintlaranjeiras-droid/copy-e-print-assets/main/home/produtos/catalogo-futuraim/cartoes-e-papelaria/00561-cartao-de-visita-em-kraft.webp","12202","ed7ceada51abad764556abf6f2de6961ba007177c7eb01d58027fb99252961b3"
"00562","cartoes-e-papelaria","cartao de visita em papel perolizado","00562_524x524-cartao-de-visita-em-papel-perolizado_685_990.webp","00562-cartao-de-visita-em-papel-perolizado.webp","cartoes-e-papelaria/00562-cartao-de-visita-em-papel-perolizado.webp","https://raw.githubusercontent.com/copyeprintlaranjeiras-droid/copy-e-print-assets/main/home/produtos/catalogo-futuraim/cartoes-e-papelaria/00562-cartao-de-visita-em-papel-perolizado.webp","9576","8a0c173296661a4a9f5e5bdc0332cab5f460787163838588dbcf3a4973417437"
"00563","cartoes-e-papelaria","cartao de visita em pvcpspet","00563_524x524-cartao-de-visita-em-pvcpspet_882_488.webp","00563-cartao-de-visita-em-pvcpspet.webp","cartoes-e-papelaria/00563-cartao-de-visita-em-pvcpspet.webp","https://raw.githubusercontent.com/copyeprintlaranjeiras-droid/copy-e-print-assets/main/home/produtos/catalogo-futuraim/cartoes-e-papelaria/00563-cartao-de-visita-em-pvcpspet.webp","11426","970632d3f4bb173b2f0fcec505806bf56b198e2f7c7ee86fa174cfe4e855631c"
"00565","cartoes-e-papelaria","cartao de visita para dentista","00565_524x524-cartao-de-visita-para-dentista_1309_467.webp","00565-cartao-de-visita-para-dentista.webp","cartoes-e-papelaria/00565-cartao-de-visita-para-dentista.webp","https://raw.githubusercontent.com/copyeprintlaranjeiras-droid/copy-e-print-assets/main/home/produtos/catalogo-futuraim/cartoes-e-papelaria/00565-cartao-de-visita-para-dentista.webp","9718","1e3153d4de17879fd2e3318cc5f8f4441f8d1754daf2fe27fc6fd39e2afdb985"
"00567","cartoes-e-papelaria","cartao fidelidade personalizado","00567_524x524-cartao-fidelidade-personalizado_676_668.webp","00567-cartao-fidelidade-personalizado.webp","cartoes-e-papelaria/00567-cartao-fidelidade-personalizado.webp","https://raw.githubusercontent.com/copyeprintlaranjeiras-droid/copy-e-print-assets/main/home/produtos/catalogo-futuraim/cartoes-e-papelaria/00567-cartao-fidelidade-personalizado.webp","10670","3ed986ba2c11e23b49474a3289d152572368d195030b3f8c8083dbf15dcfbf16"
"00568","banners-e-sinalizacao","cavalete para propaganda","00568_524x524-cavalete-para-propaganda_639_32.webp","00568-cavalete-para-propaganda.webp","banners-e-sinalizacao/00568-cavalete-para-propaganda.webp","https://raw.githubusercontent.com/copyeprintlaranjeiras-droid/copy-e-print-assets/main/home/produtos/catalogo-futuraim/banners-e-sinalizacao/00568-cavalete-para-propaganda.webp","13336","10c4fbac3aa562e1e930511ff235030f1f99df10dd14a4cadeb0537f03da0f69"
"00569","personalizados-e-brindes","chaveiro abridor de garrafa","00569_524x524-chaveiro-abridor-de-garrafa_889_597.webp","00569-chaveiro-abridor-de-garrafa.webp","personalizados-e-brindes/00569-chaveiro-abridor-de-garrafa.webp","https://raw.githubusercontent.com/copyeprintlaranjeiras-droid/copy-e-print-assets/main/home/produtos/catalogo-futuraim/personalizados-e-brindes/00569-chaveiro-abridor-de-garrafa.webp","22914","65e71b3d7fef3dfc131336d29b2b121280f58a8f5c668f5e8b4e5f2a58ee69be"
"00570","personalizados-e-brindes","chaveiro de metal","00570_524x524-chaveiro-de-metal_1660_462.webp","00570-chaveiro-de-metal.webp","personalizados-e-brindes/00570-chaveiro-de-metal.webp","https://raw.githubusercontent.com/copyeprintlaranjeiras-droid/copy-e-print-assets/main/home/produtos/catalogo-futuraim/personalizados-e-brindes/00570-chaveiro-de-metal.webp","24298","055bfbbf676903d931a1fe6477c3927568c2874f62f624dd6c6b037cce2145a5"
"00571","personalizados-e-brindes","chaveiro resinado","00571_524x524-chaveiro-resinado_1780_822.webp","00571-chaveiro-resinado.webp","personalizados-e-brindes/00571-chaveiro-resinado.webp","https://raw.githubusercontent.com/copyeprintlaranjeiras-droid/copy-e-print-assets/main/home/produtos/catalogo-futuraim/personalizados-e-brindes/00571-chaveiro-resinado.webp","20340","234b3aba819047e66703229b75dd4c223efd3848f4bace0b6eff902411ae95fc"
"00573","personalizados-e-brindes","copo quencher","00573_524x524-copo-quencher_1762_737.webp","00573-copo-quencher.webp","personalizados-e-brindes/00573-copo-quencher.webp","https://raw.githubusercontent.com/copyeprintlaranjeiras-droid/copy-e-print-assets/main/home/produtos/catalogo-futuraim/personalizados-e-brindes/00573-copo-quencher.webp","12928","69c0cebe80612013653eb70cf83945b57bb8b607c1fa868b43c7cab97d60f54f"
"00575","personalizados-e-brindes","copo termico personalizado 360","00575_524x524-copo-termico-personalizado-360_1977_237.webp","00575-copo-termico-personalizado-360.webp","personalizados-e-brindes/00575-copo-termico-personalizado-360.webp","https://raw.githubusercontent.com/copyeprintlaranjeiras-droid/copy-e-print-assets/main/home/produtos/catalogo-futuraim/personalizados-e-brindes/00575-copo-termico-personalizado-360.webp","32042","b855952c42b64258c61b3c6f866761b8d002ec4118004dea94e720576581ec73"
"00576","personalizados-e-brindes","copo termico personalizado","00576_524x524-copo-termico-personalizado_1666_666.webp","00576-copo-termico-personalizado.webp","personalizados-e-brindes/00576-copo-termico-personalizado.webp","https://raw.githubusercontent.com/copyeprintlaranjeiras-droid/copy-e-print-assets/main/home/produtos/catalogo-futuraim/personalizados-e-brindes/00576-copo-termico-personalizado.webp","13350","3591115a7b51e2c9e34f7080ae4c0a61111cfcb09050553707a958c0a3a79c9c"
"00577","personalizados-e-brindes","copos descartaveis personalizados","00577_524x524-copos-descartaveis-personalizados_1837_971.webp","00577-copos-descartaveis-personalizados.webp","personalizados-e-brindes/00577-copos-descartaveis-personalizados.webp","https://raw.githubusercontent.com/copyeprintlaranjeiras-droid/copy-e-print-assets/main/home/produtos/catalogo-futuraim/personalizados-e-brindes/00577-copos-descartaveis-personalizados.webp","22864","d491c25c3d9bf17c5e3b1804c82e9d213e3d27ca17f526ffb18376a206c8db5b"
"00578","personalizados-e-brindes","ecobag algodao cru","00578_524x524-ecobag-algodao-cru_1851_94.webp","00578-ecobag-algodao-cru.webp","personalizados-e-brindes/00578-ecobag-algodao-cru.webp","https://raw.githubusercontent.com/copyeprintlaranjeiras-droid/copy-e-print-assets/main/home/produtos/catalogo-futuraim/personalizados-e-brindes/00578-ecobag-algodao-cru.webp","10112","049c50c457c0c4e13399ade6735110e278740ab4b10204aa4cf924ad48bf036b"
"00579","cartoes-e-papelaria","envelope saco","00579_524x524-envelope-saco_775_417.webp","00579-envelope-saco.webp","cartoes-e-papelaria/00579-envelope-saco.webp","https://raw.githubusercontent.com/copyeprintlaranjeiras-droid/copy-e-print-assets/main/home/produtos/catalogo-futuraim/cartoes-e-papelaria/00579-envelope-saco.webp","6890","650be02a304fb868436d6bd9226bbbcdbd035430b5878d33001e3b14df8f16e1"
"00581","adesivos-e-rotulos","etiqueta termocolante","00581_524x524-etiqueta-termocolante_1664_15.webp","00581-etiqueta-termocolante.webp","adesivos-e-rotulos/00581-etiqueta-termocolante.webp","https://raw.githubusercontent.com/copyeprintlaranjeiras-droid/copy-e-print-assets/main/home/produtos/catalogo-futuraim/adesivos-e-rotulos/00581-etiqueta-termocolante.webp","17916","745556d654dd5df352999f9de0fbb230ed62a0b2a32996378e36e8a4fcc7813e"
"00583","folders-e-folhetos","folder 2 dobras","00583_524x524-folder-2-dobras_1006_256.webp","00583-folder-2-dobras.webp","folders-e-folhetos/00583-folder-2-dobras.webp","https://raw.githubusercontent.com/copyeprintlaranjeiras-droid/copy-e-print-assets/main/home/produtos/catalogo-futuraim/folders-e-folhetos/00583-folder-2-dobras.webp","5328","d1731279617b2f37d5c8c4fcb37c80c3d90f6ae781bc92b3d11cb5aa8cb2ce9a"
"00584","folders-e-folhetos","folder 3 dobras","00584_524x524-folder-3-dobras_1007_256.webp","00584-folder-3-dobras.webp","folders-e-folhetos/00584-folder-3-dobras.webp","https://raw.githubusercontent.com/copyeprintlaranjeiras-droid/copy-e-print-assets/main/home/produtos/catalogo-futuraim/folders-e-folhetos/00584-folder-3-dobras.webp","7604","fc8a84b299a6ce5630f9c6d8e6aba18852a86d68f18dc3fee96ecbfc73d9719e"
"00585","folders-e-folhetos","folder 4 dobras","00585_524x524-folder-4-dobras_1008_819.webp","00585-folder-4-dobras.webp","folders-e-folhetos/00585-folder-4-dobras.webp","https://raw.githubusercontent.com/copyeprintlaranjeiras-droid/copy-e-print-assets/main/home/produtos/catalogo-futuraim/folders-e-folhetos/00585-folder-4-dobras.webp","10098","0ff4ffa1254de1ffdaf0a1d3a8f23bfc679c496ac9053e289e72f07cb892f787"
"00586","folders-e-folhetos","folder pos cirurgico","00586_524x524-folder-pos-cirurgico_1315_519.webp","00586-folder-pos-cirurgico.webp","folders-e-folhetos/00586-folder-pos-cirurgico.webp","https://raw.githubusercontent.com/copyeprintlaranjeiras-droid/copy-e-print-assets/main/home/produtos/catalogo-futuraim/folders-e-folhetos/00586-folder-pos-cirurgico.webp","12716","9d3343e4a4cd9b3580a488049ede9ae1e5bf23bc5d349bab5a251d6c0150887e"
"00587","folders-e-folhetos","folheto em couche brilho","00587_524x524-folheto-em-couche-brilho_779_513.webp","00587-folheto-em-couche-brilho.webp","folders-e-folhetos/00587-folheto-em-couche-brilho.webp","https://raw.githubusercontent.com/copyeprintlaranjeiras-droid/copy-e-print-assets/main/home/produtos/catalogo-futuraim/folders-e-folhetos/00587-folheto-em-couche-brilho.webp","13196","45b447e72dffb8e27d657ad496f77f664325da8da6e959903175c4e0604087e7"
"00588","folders-e-folhetos","folheto em couche fosco","00588_524x524-folheto-em-couche-fosco_782_571.webp","00588-folheto-em-couche-fosco.webp","folders-e-folhetos/00588-folheto-em-couche-fosco.webp","https://raw.githubusercontent.com/copyeprintlaranjeiras-droid/copy-e-print-assets/main/home/produtos/catalogo-futuraim/folders-e-folhetos/00588-folheto-em-couche-fosco.webp","13348","a420d46e9f3d469a001121fa8537f55364a4bc117b4ce839ef95e5f9aad6b002"
"00589","folders-e-folhetos","folheto em kraft","00589_524x524-folheto-em-kraft_1251_814.webp","00589-folheto-em-kraft.webp","folders-e-folhetos/00589-folheto-em-kraft.webp","https://raw.githubusercontent.com/copyeprintlaranjeiras-droid/copy-e-print-assets/main/home/produtos/catalogo-futuraim/folders-e-folhetos/00589-folheto-em-kraft.webp","12958","3530c7a15676b929da0a93d63849e2177488c1cafd6d60b46f3cedf412b24b51"
"00590","folders-e-folhetos","folheto em reciclato","00590_524x524-folheto-em-reciclato_784_686.webp","00590-folheto-em-reciclato.webp","folders-e-folhetos/00590-folheto-em-reciclato.webp","https://raw.githubusercontent.com/copyeprintlaranjeiras-droid/copy-e-print-assets/main/home/produtos/catalogo-futuraim/folders-e-folhetos/00590-folheto-em-reciclato.webp","12330","5957d7711b4a04f9ccb55795e88e9910d24ecf5a11c9be2f7bf4be5b7ac00953"
"00592","diversos","folhinha de parede","00592_524x524-folhinha-de-parede_790_185.webp","00592-folhinha-de-parede.webp","diversos/00592-folhinha-de-parede.webp","https://raw.githubusercontent.com/copyeprintlaranjeiras-droid/copy-e-print-assets/main/home/produtos/catalogo-futuraim/diversos/00592-folhinha-de-parede.webp","11904","5f3daca90ebd26899ef65e9bdd3efcbd047d2d0e2f2bf8137ac0e1fbab55b870"
"00593","personalizados-e-brindes","garrafa eco world","00593_524x524-garrafa-eco-world_1696_74.webp","00593-garrafa-eco-world.webp","personalizados-e-brindes/00593-garrafa-eco-world.webp","https://raw.githubusercontent.com/copyeprintlaranjeiras-droid/copy-e-print-assets/main/home/produtos/catalogo-futuraim/personalizados-e-brindes/00593-garrafa-eco-world.webp","9116","1a68db1166d8e45d6730a75cf8b71ac4cc3e7a9197f44a03dff547b191ab2c21"
"00594","personalizados-e-brindes","garrafa plastica","00594_524x524-garrafa-plastica_1761_545.webp","00594-garrafa-plastica.webp","personalizados-e-brindes/00594-garrafa-plastica.webp","https://raw.githubusercontent.com/copyeprintlaranjeiras-droid/copy-e-print-assets/main/home/produtos/catalogo-futuraim/personalizados-e-brindes/00594-garrafa-plastica.webp","12396","e6514ccbd725ef6bf4a14a0256e1263e462aa8c3fcdb9825e9c05e54e34babb6"
"00595","personalizados-e-brindes","garrafa termica flip straw","00595_524x524-garrafa-termica-flip-straw_1763_312.webp","00595-garrafa-termica-flip-straw.webp","personalizados-e-brindes/00595-garrafa-termica-flip-straw.webp","https://raw.githubusercontent.com/copyeprintlaranjeiras-droid/copy-e-print-assets/main/home/produtos/catalogo-futuraim/personalizados-e-brindes/00595-garrafa-termica-flip-straw.webp","9206","81d7f129a206655c1d40fa1366347ed0ebc1292d6b59227363a74982d9cebafa"
"00596","personalizados-e-brindes","guarda chuva personalizado","00596_524x524-guarda-chuva-personalizado_2132_315.webp","00596-guarda-chuva-personalizado.webp","personalizados-e-brindes/00596-guarda-chuva-personalizado.webp","https://raw.githubusercontent.com/copyeprintlaranjeiras-droid/copy-e-print-assets/main/home/produtos/catalogo-futuraim/personalizados-e-brindes/00596-guarda-chuva-personalizado.webp","11396","1b034e7b3b2e57d756a0f605730803ae035738468ef48da1eb21c5d570dce0af"
"00597","diversos","kit churrasco personalizado","00597_524x524-kit-churrasco-personalizado_2030_192.webp","00597-kit-churrasco-personalizado.webp","diversos/00597-kit-churrasco-personalizado.webp","https://raw.githubusercontent.com/copyeprintlaranjeiras-droid/copy-e-print-assets/main/home/produtos/catalogo-futuraim/diversos/00597-kit-churrasco-personalizado.webp","25972","3098c133036f5e3831f21879714d2d21faa4ac383cf1ad6964f15ffc0c342f00"
"00598","diversos","lapis personalizado","00598_524x524-lapis-personalizado_893_685.webp","00598-lapis-personalizado.webp","diversos/00598-lapis-personalizado.webp","https://raw.githubusercontent.com/copyeprintlaranjeiras-droid/copy-e-print-assets/main/home/produtos/catalogo-futuraim/diversos/00598-lapis-personalizado.webp","20764","911239b53c12043181e2196f1416cf1deba4b085dd851ac641e4ae38dc0ee893"
"00599","diversos","livro personalizado","00599_524x524-livro-personalizado_895_477.webp","00599-livro-personalizado.webp","diversos/00599-livro-personalizado.webp","https://raw.githubusercontent.com/copyeprintlaranjeiras-droid/copy-e-print-assets/main/home/produtos/catalogo-futuraim/diversos/00599-livro-personalizado.webp","17600","8889e70fd0fd919b8e3d912d0d4632d07ea24b3314afdaff81d1aaab7db3912a"
"00600","cartoes-e-papelaria","mini cartao de visita","00600_524x524-mini-cartao-de-visita_1743_550.webp","00600-mini-cartao-de-visita.webp","cartoes-e-papelaria/00600-mini-cartao-de-visita.webp","https://raw.githubusercontent.com/copyeprintlaranjeiras-droid/copy-e-print-assets/main/home/produtos/catalogo-futuraim/cartoes-e-papelaria/00600-mini-cartao-de-visita.webp","9994","c17b501c6feb8e1553ae1aba8880433b3efa0613ad113b01d2b69f8cf6900d03"
"00601","diversos","pasta com bolsa","00601_524x524-pasta-com-bolsa_900_754.webp","00601-pasta-com-bolsa.webp","diversos/00601-pasta-com-bolsa.webp","https://raw.githubusercontent.com/copyeprintlaranjeiras-droid/copy-e-print-assets/main/home/produtos/catalogo-futuraim/diversos/00601-pasta-com-bolsa.webp","7740","410940b984ba7d13b40039ec9fdab1edd152a22ddddf838eed3422a3eb24ce58"
"00602","banners-e-sinalizacao","placas decorativas","00602_524x524-placas-decorativas_813_702.webp","00602-placas-decorativas.webp","banners-e-sinalizacao/00602-placas-decorativas.webp","https://raw.githubusercontent.com/copyeprintlaranjeiras-droid/copy-e-print-assets/main/home/produtos/catalogo-futuraim/banners-e-sinalizacao/00602-placas-decorativas.webp","16442","2438dacd28a8092b925e0d3b6617d7e8633c72f4f990c74e3c6d6c68fad3f4c3"
"00603","personalizados-e-brindes","porta copos personalizados","00603_524x524-porta-copos-personalizados_816_139.webp","00603-porta-copos-personalizados.webp","personalizados-e-brindes/00603-porta-copos-personalizados.webp","https://raw.githubusercontent.com/copyeprintlaranjeiras-droid/copy-e-print-assets/main/home/produtos/catalogo-futuraim/personalizados-e-brindes/00603-porta-copos-personalizados.webp","23984","483b37b238db2f5764e3a03c8d185f5755f11e9e5122d40bdb7e4a334321dbaa"
"00604","cartoes-e-papelaria","postal","00604_524x524-postal_818_83.webp","00604-postal.webp","cartoes-e-papelaria/00604-postal.webp","https://raw.githubusercontent.com/copyeprintlaranjeiras-droid/copy-e-print-assets/main/home/produtos/catalogo-futuraim/cartoes-e-papelaria/00604-postal.webp","11320","4af1066370dc3795e94f7512929bd5e529419711ce5b2452eaa9378a1afeb5e7"
"00605","diversos","quadro canvas","00605_524x524-quadro-canvas_1559_208.webp","00605-quadro-canvas.webp","diversos/00605-quadro-canvas.webp","https://raw.githubusercontent.com/copyeprintlaranjeiras-droid/copy-e-print-assets/main/home/produtos/catalogo-futuraim/diversos/00605-quadro-canvas.webp","27018","9ad323e4803d2b2d54c5d420126b9b27699121af1fea56f56ceb17a5eca2d3bb"
"00606","vestuario","rash guard feminina","00606_524x524-rash-guard-feminina_1960_804.webp","00606-rash-guard-feminina.webp","vestuario/00606-rash-guard-feminina.webp","https://raw.githubusercontent.com/copyeprintlaranjeiras-droid/copy-e-print-assets/main/home/produtos/catalogo-futuraim/vestuario/00606-rash-guard-feminina.webp","20120","ca2812c231bf72945c9764cfe07bc3edebe6208c5fac3bc3ce6f05c63b0c5a97"
"00607","vestuario","rash guard masculino","00607_524x524-rash-guard-masculino_1927_250.webp","00607-rash-guard-masculino.webp","vestuario/00607-rash-guard-masculino.webp","https://raw.githubusercontent.com/copyeprintlaranjeiras-droid/copy-e-print-assets/main/home/produtos/catalogo-futuraim/vestuario/00607-rash-guard-masculino.webp","22278","307740b729b1ad32b23a6d837c606eaabdbfeef21bcbccc9344da3ecad69b3e2"
"00609","adesivos-e-rotulos","rotulo bisnaga personalizado","00609_524x524-rotulo-bisnaga-personalizado_2104_471.webp","00609-rotulo-bisnaga-personalizado.webp","adesivos-e-rotulos/00609-rotulo-bisnaga-personalizado.webp","https://raw.githubusercontent.com/copyeprintlaranjeiras-droid/copy-e-print-assets/main/home/produtos/catalogo-futuraim/adesivos-e-rotulos/00609-rotulo-bisnaga-personalizado.webp","7826","0e7595a1530897730a1362b40986e7a3af0faa97db431c29bc4cb8cccc94c296"
"00610","adesivos-e-rotulos","rotulo gargalo de garrafa","00610_524x524-rotulo-gargalo-de-garrafa_2105_802.webp","00610-rotulo-gargalo-de-garrafa.webp","adesivos-e-rotulos/00610-rotulo-gargalo-de-garrafa.webp","https://raw.githubusercontent.com/copyeprintlaranjeiras-droid/copy-e-print-assets/main/home/produtos/catalogo-futuraim/adesivos-e-rotulos/00610-rotulo-gargalo-de-garrafa.webp","28196","5f257aa0a4dba36223203695e656b7505a48ab57d97a146d20d9e848bd72b29c"
"00611","adesivos-e-rotulos","rotulo para frasco","00611_524x524-rotulo-para-frasco_2106_402.webp","00611-rotulo-para-frasco.webp","adesivos-e-rotulos/00611-rotulo-para-frasco.webp","https://raw.githubusercontent.com/copyeprintlaranjeiras-droid/copy-e-print-assets/main/home/produtos/catalogo-futuraim/adesivos-e-rotulos/00611-rotulo-para-frasco.webp","13138","91572b41d7f992cae5d8dd7e6cb5b248e0d9279c3aeaf487f4344cdaf95deae5"
"00612","adesivos-e-rotulos","rotulo para garrafa de cerveja","00612_524x524-rotulo-para-garrafa-de-cerveja_2107_655.webp","00612-rotulo-para-garrafa-de-cerveja.webp","adesivos-e-rotulos/00612-rotulo-para-garrafa-de-cerveja.webp","https://raw.githubusercontent.com/copyeprintlaranjeiras-droid/copy-e-print-assets/main/home/produtos/catalogo-futuraim/adesivos-e-rotulos/00612-rotulo-para-garrafa-de-cerveja.webp","16996","2244e4601f3ada04368247a088b4dd9a34d47fd640a2bb529b302cc6de07a556"
"00613","adesivos-e-rotulos","rotulo para garrafa de suco","00613_524x524-rotulo-para-garrafa-de-suco_2108_930.webp","00613-rotulo-para-garrafa-de-suco.webp","adesivos-e-rotulos/00613-rotulo-para-garrafa-de-suco.webp","https://raw.githubusercontent.com/copyeprintlaranjeiras-droid/copy-e-print-assets/main/home/produtos/catalogo-futuraim/adesivos-e-rotulos/00613-rotulo-para-garrafa-de-suco.webp","14436","3760182c22b05b42136eefdc3c0b3694be72d28b27d1eb12358714abb233acb7"
"00614","adesivos-e-rotulos","rotulo para garrafa plastica","00614_524x524-rotulo-para-garrafa-plastica_2111_275.webp","00614-rotulo-para-garrafa-plastica.webp","adesivos-e-rotulos/00614-rotulo-para-garrafa-plastica.webp","https://raw.githubusercontent.com/copyeprintlaranjeiras-droid/copy-e-print-assets/main/home/produtos/catalogo-futuraim/adesivos-e-rotulos/00614-rotulo-para-garrafa-plastica.webp","8888","160d6d6873cae5cd258251c5dcb3b6c5a4134de490b98e385ca56293b65c39ae"
"00615","adesivos-e-rotulos","rotulo para pote de creme","00615_524x524-rotulo-para-pote-de-creme_2112_132.webp","00615-rotulo-para-pote-de-creme.webp","adesivos-e-rotulos/00615-rotulo-para-pote-de-creme.webp","https://raw.githubusercontent.com/copyeprintlaranjeiras-droid/copy-e-print-assets/main/home/produtos/catalogo-futuraim/adesivos-e-rotulos/00615-rotulo-para-pote-de-creme.webp","13706","5574dacd24d13d6532264f38f66ee875e0b53a55283c64c1c3eff758d8dcdb1d"
"00616","adesivos-e-rotulos","rotulo para shampoo","00616_524x524-rotulo-para-shampoo_2113_466.webp","00616-rotulo-para-shampoo.webp","adesivos-e-rotulos/00616-rotulo-para-shampoo.webp","https://raw.githubusercontent.com/copyeprintlaranjeiras-droid/copy-e-print-assets/main/home/produtos/catalogo-futuraim/adesivos-e-rotulos/00616-rotulo-para-shampoo.webp","12952","4d4cf856ed3c762b0a5c268cb3e4294aa311d5915dc4f57c75ab119a2f147ccf"
"00617","embalagens","sacola alca cadeado","00617_524x524-sacola-alca-cadeado_1974_449.webp","00617-sacola-alca-cadeado.webp","embalagens/00617-sacola-alca-cadeado.webp","https://raw.githubusercontent.com/copyeprintlaranjeiras-droid/copy-e-print-assets/main/home/produtos/catalogo-futuraim/embalagens/00617-sacola-alca-cadeado.webp","15810","a39adaf91e6ec67bfcacc74bcecbb2dff65fa2aa643d92d50131e7a0e83f2949"
"00618","vestuario","sacola alca camiseta","00618_524x524-sacola-alca-camiseta_1973_902.webp","00618-sacola-alca-camiseta.webp","vestuario/00618-sacola-alca-camiseta.webp","https://raw.githubusercontent.com/copyeprintlaranjeiras-droid/copy-e-print-assets/main/home/produtos/catalogo-futuraim/vestuario/00618-sacola-alca-camiseta.webp","23948","01003ca02d52983efbdcfe3f467a7b465965cc3efa87f68d712de41c1a9cb3bc"
"00619","embalagens","sacola em papel personalizado em silk basic","00619_524x524-sacola-em-papel-personalizado-em-silk-basic_1979_107.webp","00619-sacola-em-papel-personalizado-em-silk-basic.webp","embalagens/00619-sacola-em-papel-personalizado-em-silk-basic.webp","https://raw.githubusercontent.com/copyeprintlaranjeiras-droid/copy-e-print-assets/main/home/produtos/catalogo-futuraim/embalagens/00619-sacola-em-papel-personalizado-em-silk-basic.webp","10360","18d89a577da878ca13c32341da0a5fc061b3d10ce7163159210f2952cff594f8"
"00620","embalagens","sacola em papel personalizado em silk premium","00620_524x524-sacola-em-papel-personalizado-em-silk-premium_1975_771.webp","00620-sacola-em-papel-personalizado-em-silk-premium.webp","embalagens/00620-sacola-em-papel-personalizado-em-silk-premium.webp","https://raw.githubusercontent.com/copyeprintlaranjeiras-droid/copy-e-print-assets/main/home/produtos/catalogo-futuraim/embalagens/00620-sacola-em-papel-personalizado-em-silk-premium.webp","11322","420f13c95618a1995424d932fbd07302e43912e0ecd482aa4d618bd6e38ddf50"
"00621","embalagens","sacola em tnt metalizado","00621_524x524-sacola-em-tnt-metalizado_1976_592.webp","00621-sacola-em-tnt-metalizado.webp","embalagens/00621-sacola-em-tnt-metalizado.webp","https://raw.githubusercontent.com/copyeprintlaranjeiras-droid/copy-e-print-assets/main/home/produtos/catalogo-futuraim/embalagens/00621-sacola-em-tnt-metalizado.webp","36380","647f5b9c89f23ece8d12b91de12cc38ac2f6d78ba4fee85dcae72017a59fa518"
"00622","embalagens","sacola plastica com alca vazada","00622_524x524-sacola-plastica-com-alca-vazada_961_800.webp","00622-sacola-plastica-com-alca-vazada.webp","embalagens/00622-sacola-plastica-com-alca-vazada.webp","https://raw.githubusercontent.com/copyeprintlaranjeiras-droid/copy-e-print-assets/main/home/produtos/catalogo-futuraim/embalagens/00622-sacola-plastica-com-alca-vazada.webp","19790","7e8c2e7b495d3290e621bb32badd95ab74590e474b364c33a2624d7a74c904fb"
"00623","personalizados-e-brindes","squeeze personalizado","00623_524x524-squeeze-personalizado_958_845.webp","00623-squeeze-personalizado.webp","personalizados-e-brindes/00623-squeeze-personalizado.webp","https://raw.githubusercontent.com/copyeprintlaranjeiras-droid/copy-e-print-assets/main/home/produtos/catalogo-futuraim/personalizados-e-brindes/00623-squeeze-personalizado.webp","16746","e66bc3177ee1b1f65ec7b498ba27d54bd5ba27d7e7303e263863132efe45cb2a"
"00624","diversos","tabela da copa","00624_524x524-tabela-da-copa_2087_392.webp","00624-tabela-da-copa.webp","diversos/00624-tabela-da-copa.webp","https://raw.githubusercontent.com/copyeprintlaranjeiras-droid/copy-e-print-assets/main/home/produtos/catalogo-futuraim/diversos/00624-tabela-da-copa.webp","28654","5bc1568a5d4b39e96672a25d0da19d43febe9787f3db889a74e6211d6f5c9e33"
"00625","personalizados-e-brindes","tag para garrafa","00625_524x524-tag-para-garrafa_933_686.webp","00625-tag-para-garrafa.webp","personalizados-e-brindes/00625-tag-para-garrafa.webp","https://raw.githubusercontent.com/copyeprintlaranjeiras-droid/copy-e-print-assets/main/home/produtos/catalogo-futuraim/personalizados-e-brindes/00625-tag-para-garrafa.webp","7814","a66d36294073b62059ee430f9b8af45d7166ead14559cf0f1b1c9fd3290a4f26"
"00626","cartoes-e-papelaria","tapete de papel automotivo","00626_524x524-tapete-de-papel-automotivo_852_632.webp","00626-tapete-de-papel-automotivo.webp","cartoes-e-papelaria/00626-tapete-de-papel-automotivo.webp","https://raw.githubusercontent.com/copyeprintlaranjeiras-droid/copy-e-print-assets/main/home/produtos/catalogo-futuraim/cartoes-e-papelaria/00626-tapete-de-papel-automotivo.webp","32224","6f32f9e0c93aad2df770204f50b6fa50e18451d56d68f1ee8e1111eb554bf91c"
"00627","banners-e-sinalizacao","tecido para wind banner","00627_524x524-tecido-para-wind-banner_1533_278.webp","00627-tecido-para-wind-banner.webp","banners-e-sinalizacao/00627-tecido-para-wind-banner.webp","https://raw.githubusercontent.com/copyeprintlaranjeiras-droid/copy-e-print-assets/main/home/produtos/catalogo-futuraim/banners-e-sinalizacao/00627-tecido-para-wind-banner.webp","22722","c23b345f82590a28d714ac411dc6ff49e4adff0deafcf70042333559112eb0d5"
"00628","banners-e-sinalizacao","wind banner kit completo","00628_524x524-wind-banner-kit-completo_1534_38.webp","00628-wind-banner-kit-completo.webp","banners-e-sinalizacao/00628-wind-banner-kit-completo.webp","https://raw.githubusercontent.com/copyeprintlaranjeiras-droid/copy-e-print-assets/main/home/produtos/catalogo-futuraim/banners-e-sinalizacao/00628-wind-banner-kit-completo.webp","26258","a50a20e4e05855bb702dda69faab18cc6e30c8bf43febfd5e703bba5050e7009"
